{
	"credit": "Made with Blockbench",
	"texture_size": [64, 64],
	"textures": {
		"0": "item/enemy/ancient_skeleton_knight",
		"particle": "item/enemy/ancient_skeleton_knight"
	},
	"elements": [
		{
			"from": [16, 3, 6],
			"to": [20, 13, 10],
			"rotation": {"angle": 45, "axis": "x", "origin": [8, 14, 10]},
			"faces": {
				"north": {"uv": [3, 5, 4, 7.5], "texture": "#0"},
				"east": {"uv": [2, 5, 3, 7.5], "texture": "#0"},
				"south": {"uv": [1, 5, 2, 7.5], "texture": "#0"},
				"west": {"uv": [0, 5, 1, 7.5], "texture": "#0"},
				"up": {"uv": [1, 4, 2, 5], "rotation": 180, "texture": "#0"},
				"down": {"uv": [2, 4, 3, 5], "rotation": 180, "texture": "#0"}
			}
		},
		{
			"from": [16.1, 2.9, -0.1],
			"to": [20.1, 6.9, 9.9],
			"rotation": {"angle": 45, "axis": "x", "origin": [8, 14, 10]},
			"faces": {
				"north": {"uv": [2, 4, 3, 5], "texture": "#0"},
				"east": {"uv": [2, 5, 3, 7.5], "rotation": 270, "texture": "#0"},
				"south": {"uv": [1, 4, 2, 5], "rotation": 180, "texture": "#0"},
				"west": {"uv": [0, 5, 1, 7.5], "rotation": 90, "texture": "#0"},
				"up": {"uv": [3, 5, 4, 7.5], "rotation": 180, "texture": "#0"},
				"down": {"uv": [1, 5, 2, 7.5], "texture": "#0"}
			}
		},
		{
			"from": [15.5, 11, 5.5],
			"to": [20.5, 13, 10.5],
			"rotation": {"angle": 45, "axis": "x", "origin": [8, 14, 10]},
			"faces": {
				"north": {"uv": [12.75, 0, 14, 0.5], "texture": "#0"},
				"east": {"uv": [12.75, 0, 14, 0.5], "texture": "#0"},
				"south": {"uv": [12.75, 0, 14, 0.5], "texture": "#0"},
				"west": {"uv": [12.75, 0, 14, 0.5], "texture": "#0"},
				"up": {"uv": [12.75, 0, 14, 1.25], "texture": "#0"},
				"down": {"uv": [12.75, 0, 14, 1.25], "texture": "#0"}
			}
		},
		{
			"from": [15.6, 2.4, 0.9],
			"to": [20.6, 7.4, 2.9],
			"rotation": {"angle": 45, "axis": "x", "origin": [8, 14, 10]},
			"faces": {
				"north": {"uv": [12.75, 0, 14, 1.25], "rotation": 180, "texture": "#0"},
				"east": {"uv": [12.75, 0, 14, 0.5], "rotation": 270, "texture": "#0"},
				"south": {"uv": [12.75, 0, 14, 1.25], "texture": "#0"},
				"west": {"uv": [12.75, 0, 14, 0.5], "rotation": 90, "texture": "#0"},
				"up": {"uv": [12.75, 0, 14, 0.5], "rotation": 180, "texture": "#0"},
				"down": {"uv": [12.75, 0, 14, 0.5], "texture": "#0"}
			}
		},
		{
			"from": [19.4, 3.4, 1.9],
			"to": [20.4, 6.4, 9.9],
			"rotation": {"angle": 45, "axis": "x", "origin": [8, 14, 10]},
			"faces": {
				"north": {"uv": [12.75, 0, 14, 1.25], "rotation": 180, "texture": "#0"},
				"east": {"uv": [12.75, 0, 14, 0.5], "rotation": 270, "texture": "#0"},
				"south": {"uv": [12.75, 0, 14, 1.25], "texture": "#0"},
				"west": {"uv": [12.75, 0, 14, 0.5], "rotation": 90, "texture": "#0"},
				"up": {"uv": [12.75, 0, 14, 0.5], "rotation": 180, "texture": "#0"},
				"down": {"uv": [12.75, 0, 14, 0.5], "texture": "#0"}
			}
		},
		{
			"from": [19.4, 3.9, 9.9],
			"to": [20.4, 5.9, 11.4],
			"rotation": {"angle": 45, "axis": "x", "origin": [8, 14, 10]},
			"faces": {
				"north": {"uv": [12.75, 0, 14, 1.25], "rotation": 180, "texture": "#0"},
				"east": {"uv": [12.75, 0, 14, 0.5], "rotation": 270, "texture": "#0"},
				"south": {"uv": [12.75, 0, 14, 1.25], "texture": "#0"},
				"west": {"uv": [12.75, 0, 14, 0.5], "rotation": 90, "texture": "#0"},
				"up": {"uv": [12.75, 0, 14, 0.5], "rotation": 180, "texture": "#0"},
				"down": {"uv": [12.75, 0, 14, 0.5], "texture": "#0"}
			}
		},
		{
			"from": [15.5, 13.5, 5.5],
			"to": [20.5, 14.5, 10.5],
			"rotation": {"angle": 45, "axis": "x", "origin": [8, 14, 10]},
			"faces": {
				"north": {"uv": [12.75, 0, 14, 0.25], "texture": "#0"},
				"east": {"uv": [12.75, 0, 14, 0.25], "texture": "#0"},
				"south": {"uv": [12.75, 0, 14, 0.25], "texture": "#0"},
				"west": {"uv": [12.75, 0, 14, 0.25], "texture": "#0"},
				"up": {"uv": [12.75, 0, 14, 1.25], "texture": "#0"},
				"down": {"uv": [12.75, 0, 14, 1.25], "texture": "#0"}
			}
		},
		{
			"from": [15.6, 2.4, 4.4],
			"to": [20.6, 7.4, 5.4],
			"rotation": {"angle": 45, "axis": "x", "origin": [8, 14, 10]},
			"faces": {
				"north": {"uv": [12.75, 0, 14, 1.25], "rotation": 180, "texture": "#0"},
				"east": {"uv": [12.75, 0, 14, 0.25], "rotation": 270, "texture": "#0"},
				"south": {"uv": [12.75, 0, 14, 1.25], "texture": "#0"},
				"west": {"uv": [12.75, 0, 14, 0.25], "rotation": 90, "texture": "#0"},
				"up": {"uv": [12.75, 0, 14, 0.25], "rotation": 180, "texture": "#0"},
				"down": {"uv": [12.75, 0, 14, 0.25], "texture": "#0"}
			}
		},
		{
			"from": [16, 13, 6],
			"to": [20, 15, 10],
			"rotation": {"angle": 45, "axis": "x", "origin": [8, 14, 10]},
			"faces": {
				"north": {"uv": [14.5, 0.75, 15.75, 1.25], "texture": "#0"},
				"east": {"uv": [14.5, 0.75, 15.75, 1.25], "texture": "#0"},
				"south": {"uv": [14.5, 0.75, 15.75, 1.25], "texture": "#0"},
				"west": {"uv": [14.5, 0.75, 15.75, 1.25], "texture": "#0"},
				"up": {"uv": [14.5, 0.75, 15.75, 2], "texture": "#0"},
				"down": {"uv": [14.5, 0.75, 15.75, 2], "texture": "#0"}
			}
		},
		{
			"from": [20.1, 3.9, 1.9],
			"to": [21.1, 5.9, 9.9],
			"rotation": {"angle": 45, "axis": "x", "origin": [8, 14, 10]},
			"faces": {
				"north": {"uv": [15.5, 0, 15.75, 0.5], "rotation": 180, "texture": "#0"},
				"east": {"uv": [15.5, 0, 16, 2], "rotation": 270, "texture": "#0"},
				"south": {"uv": [15.5, 0, 15.75, 0.5], "texture": "#0"},
				"west": {"uv": [15.5, 0, 16, 2], "rotation": 90, "texture": "#0"},
				"up": {"uv": [15.5, 0, 15.75, 2], "rotation": 180, "texture": "#0"},
				"down": {"uv": [15.5, 0, 15.75, 2], "texture": "#0"}
			}
		},
		{
			"from": [20.1, 4.4, 9.9],
			"to": [21.1, 5.4, 10.9],
			"rotation": {"angle": 45, "axis": "x", "origin": [8, 14, 10]},
			"faces": {
				"north": {"uv": [14, 0.25, 14.25, 0.5], "rotation": 180, "texture": "#0"},
				"east": {"uv": [14, 0.25, 14.25, 0.5], "rotation": 270, "texture": "#0"},
				"south": {"uv": [14, 0.25, 14.25, 0.5], "texture": "#0"},
				"west": {"uv": [14, 0.25, 14.25, 0.5], "rotation": 90, "texture": "#0"},
				"up": {"uv": [14, 0.25, 14.25, 0.5], "rotation": 180, "texture": "#0"},
				"down": {"uv": [14, 0.25, 14.25, 0.5], "texture": "#0"}
			}
		},
		{
			"from": [18, 13, 4],
			"to": [19, 17, 28],
			"rotation": {"angle": -22.5, "axis": "x", "origin": [18.5, 10, 0]},
			"faces": {
				"north": {"uv": [10.75, 10, 11.75, 10.25], "rotation": 270, "texture": "#0"},
				"east": {"uv": [10.75, 10, 11.75, 16], "rotation": 270, "texture": "#0"},
				"south": {"uv": [10.75, 10, 11.75, 10.25], "rotation": 270, "texture": "#0"},
				"west": {"uv": [10.75, 10, 11.75, 16], "rotation": 90, "texture": "#0"},
				"up": {"uv": [10.75, 10, 11, 16], "rotation": 180, "texture": "#0"},
				"down": {"uv": [10.75, 10, 11, 16], "texture": "#0"}
			}
		},
		{
			"from": [18.3, 12.5, 4],
			"to": [18.7, 17.5, 28.5],
			"rotation": {"angle": -22.5, "axis": "x", "origin": [18.5, 10, 0]},
			"faces": {
				"north": {"uv": [9.75, 10, 10.75, 10.25], "rotation": 270, "texture": "#0"},
				"east": {"uv": [9.75, 10, 10.75, 16], "rotation": 270, "texture": "#0"},
				"south": {"uv": [9.75, 10, 10.75, 10.25], "rotation": 270, "texture": "#0"},
				"west": {"uv": [9.75, 10, 10.75, 16], "rotation": 90, "texture": "#0"},
				"up": {"uv": [9.75, 10, 10, 16], "rotation": 180, "texture": "#0"},
				"down": {"uv": [9.75, 10, 10, 16], "texture": "#0"}
			}
		},
		{
			"from": [17.8, 14.5, 4],
			"to": [19.2, 15.5, 27.5],
			"rotation": {"angle": -22.5, "axis": "x", "origin": [18.5, 10, 0]},
			"faces": {
				"north": {"uv": [9.75, 10, 10.75, 10.25], "rotation": 270, "texture": "#0"},
				"east": {"uv": [9.75, 10, 10.75, 16], "rotation": 270, "texture": "#0"},
				"south": {"uv": [9.75, 10, 10.75, 10.25], "rotation": 270, "texture": "#0"},
				"west": {"uv": [9.75, 10, 10.75, 16], "rotation": 90, "texture": "#0"},
				"up": {"uv": [9.75, 10, 10, 16], "rotation": 180, "texture": "#0"},
				"down": {"uv": [9.75, 10, 10, 16], "texture": "#0"}
			}
		},
		{
			"from": [18.3, 13, 28.5],
			"to": [18.7, 17, 29.5],
			"rotation": {"angle": -22.5, "axis": "x", "origin": [18.5, 10, 0]},
			"faces": {
				"north": {"uv": [9.75, 10, 10.75, 10.25], "rotation": 270, "texture": "#0"},
				"east": {"uv": [9.75, 10, 10.75, 16], "rotation": 270, "texture": "#0"},
				"south": {"uv": [9.75, 10, 10.75, 10.25], "rotation": 270, "texture": "#0"},
				"west": {"uv": [9.75, 10, 10.75, 16], "rotation": 90, "texture": "#0"},
				"up": {"uv": [9.75, 10, 10, 16], "rotation": 180, "texture": "#0"},
				"down": {"uv": [9.75, 10, 10, 16], "texture": "#0"}
			}
		},
		{
			"from": [18.3, 13.5, 29.5],
			"to": [18.7, 16.5, 30.5],
			"rotation": {"angle": -22.5, "axis": "x", "origin": [18.5, 10, 0]},
			"faces": {
				"north": {"uv": [9.75, 10, 10.75, 10.25], "rotation": 270, "texture": "#0"},
				"east": {"uv": [9.75, 10, 10.75, 16], "rotation": 270, "texture": "#0"},
				"south": {"uv": [9.75, 10, 10.75, 10.25], "rotation": 270, "texture": "#0"},
				"west": {"uv": [9.75, 10, 10.75, 16], "rotation": 90, "texture": "#0"},
				"up": {"uv": [9.75, 10, 10, 16], "rotation": 180, "texture": "#0"},
				"down": {"uv": [9.75, 10, 10, 16], "texture": "#0"}
			}
		},
		{
			"from": [18.3, 14, 30.5],
			"to": [18.7, 16, 31.5],
			"rotation": {"angle": -22.5, "axis": "x", "origin": [18.5, 10, 0]},
			"faces": {
				"north": {"uv": [9.75, 10, 10.75, 10.25], "rotation": 270, "texture": "#0"},
				"east": {"uv": [9.75, 10, 10.75, 16], "rotation": 270, "texture": "#0"},
				"south": {"uv": [9.75, 10, 10.75, 10.25], "rotation": 270, "texture": "#0"},
				"west": {"uv": [9.75, 10, 10.75, 16], "rotation": 90, "texture": "#0"},
				"up": {"uv": [9.75, 10, 10, 16], "rotation": 180, "texture": "#0"},
				"down": {"uv": [9.75, 10, 10, 16], "texture": "#0"}
			}
		},
		{
			"from": [18, 13.5, 28],
			"to": [19, 16.5, 29],
			"rotation": {"angle": -22.5, "axis": "x", "origin": [18.5, 10, 0]},
			"faces": {
				"north": {"uv": [10.75, 10, 11.75, 10.25], "rotation": 270, "texture": "#0"},
				"east": {"uv": [10.75, 10, 11.75, 16], "rotation": 270, "texture": "#0"},
				"south": {"uv": [10.75, 10, 11.75, 10.25], "rotation": 270, "texture": "#0"},
				"west": {"uv": [10.75, 10, 11.75, 16], "rotation": 90, "texture": "#0"},
				"up": {"uv": [10.75, 10, 11, 16], "rotation": 180, "texture": "#0"},
				"down": {"uv": [10.75, 10, 11, 16], "texture": "#0"}
			}
		},
		{
			"from": [18, 14, 29],
			"to": [19, 16, 30],
			"rotation": {"angle": -22.5, "axis": "x", "origin": [18.5, 10, 0]},
			"faces": {
				"north": {"uv": [10.75, 10, 11.75, 10.25], "rotation": 270, "texture": "#0"},
				"east": {"uv": [10.75, 10, 11.75, 16], "rotation": 270, "texture": "#0"},
				"south": {"uv": [10.75, 10, 11.75, 10.25], "rotation": 270, "texture": "#0"},
				"west": {"uv": [10.75, 10, 11.75, 16], "rotation": 90, "texture": "#0"},
				"up": {"uv": [10.75, 10, 11, 16], "rotation": 180, "texture": "#0"},
				"down": {"uv": [10.75, 10, 11, 16], "texture": "#0"}
			}
		},
		{
			"from": [18, 14.5, 30],
			"to": [19, 15.5, 31],
			"rotation": {"angle": -22.5, "axis": "x", "origin": [18.5, 10, 0]},
			"faces": {
				"north": {"uv": [10.75, 10, 11.75, 10.25], "rotation": 270, "texture": "#0"},
				"east": {"uv": [10.75, 10, 11.75, 16], "rotation": 270, "texture": "#0"},
				"south": {"uv": [10.75, 10, 11.75, 10.25], "rotation": 270, "texture": "#0"},
				"west": {"uv": [10.75, 10, 11.75, 16], "rotation": 90, "texture": "#0"},
				"up": {"uv": [10.75, 10, 11, 16], "rotation": 180, "texture": "#0"},
				"down": {"uv": [10.75, 10, 11, 16], "texture": "#0"}
			}
		},
		{
			"from": [17.5, 12, 2],
			"to": [19.5, 18, 4],
			"rotation": {"angle": -22.5, "axis": "x", "origin": [18.5, 10, 0]},
			"faces": {
				"north": {"uv": [12.75, 13.75, 13.25, 15.25], "rotation": 180, "texture": "#0"},
				"east": {"uv": [12.75, 13.75, 14.25, 14.25], "rotation": 270, "texture": "#0"},
				"south": {"uv": [12.75, 13.75, 13.25, 15.25], "texture": "#0"},
				"west": {"uv": [12.75, 13.75, 14.25, 14.25], "rotation": 90, "texture": "#0"},
				"up": {"uv": [12.75, 13.75, 13.25, 14.25], "rotation": 180, "texture": "#0"},
				"down": {"uv": [12.75, 13.75, 13.25, 14.25], "texture": "#0"}
			}
		},
		{
			"from": [18, 14.5, -4],
			"to": [19, 15.5, 2],
			"rotation": {"angle": -22.5, "axis": "x", "origin": [18.5, 10, 0]},
			"faces": {
				"north": {"uv": [0, 13.5, 0.25, 13.75], "rotation": 180, "texture": "#0"},
				"east": {"uv": [0, 13.5, 0.25, 15], "rotation": 270, "texture": "#0"},
				"south": {"uv": [0, 13.5, 0.25, 13.75], "texture": "#0"},
				"west": {"uv": [0, 13.5, 0.25, 15], "rotation": 90, "texture": "#0"},
				"up": {"uv": [0, 13.5, 0.25, 15], "rotation": 180, "texture": "#0"},
				"down": {"uv": [0, 13.5, 0.25, 15], "texture": "#0"}
			}
		},
		{
			"from": [17.5, 14, -5],
			"to": [19.5, 16, -4],
			"rotation": {"angle": -22.5, "axis": "x", "origin": [18.5, 10, 0]},
			"faces": {
				"north": {"uv": [12.75, 13.5, 13.25, 14], "rotation": 180, "texture": "#0"},
				"east": {"uv": [12.75, 13.5, 13.25, 13.75], "rotation": 270, "texture": "#0"},
				"south": {"uv": [12.75, 13.5, 13.25, 14], "texture": "#0"},
				"west": {"uv": [12.75, 13.5, 13.25, 13.75], "rotation": 90, "texture": "#0"},
				"up": {"uv": [12.75, 13.5, 13.25, 13.75], "rotation": 180, "texture": "#0"},
				"down": {"uv": [12.75, 13.5, 13.25, 13.75], "texture": "#0"}
			}
		}
	],
	"display": {
		"head": {
			"translation": [0, -20.25, 3.25],
			"scale": [2.5, 2.5, 2.5]
		}
	},
	"groups": [
		{
			"name": "RA",
			"origin": [8, 0, 10],
			"color": 0,
			"children": [0, 1, 2, 3, 4, 5, 6, 7, 8, 9, 10]
		},
		{
			"name": "Sword",
			"origin": [8, 8, 8],
			"color": 0,
			"children": [11, 12, 13, 14, 15, 16, 17, 18, 19, 20, 21, 22]
		}
	]
}