{
	"credit": "Made with Blockbench",
	"texture_size": [64, 64],
	"textures": {
		"0": "item/enemy/ancient_skeleton_knight",
		"particle": "item/enemy/ancient_skeleton_knight"
	},
	"elements": [
		{
			"from": [9, -9, 9],
			"to": [13, 1, 13],
			"rotation": {"angle": 0, "axis": "y", "origin": [8, 0, 10]},
			"faces": {
				"north": {"uv": [3, 5, 4, 7.5], "texture": "#0"},
				"east": {"uv": [2, 5, 3, 7.5], "texture": "#0"},
				"south": {"uv": [1, 5, 2, 7.5], "texture": "#0"},
				"west": {"uv": [0, 5, 1, 7.5], "texture": "#0"},
				"up": {"uv": [1, 4, 2, 5], "rotation": 180, "texture": "#0"},
				"down": {"uv": [2, 4, 3, 5], "rotation": 180, "texture": "#0"}
			}
		},
		{
			"from": [8.5, -10, 8.5],
			"to": [13.5, -4, 13.5],
			"faces": {
				"north": {"uv": [14.5, 14.5, 15.75, 16], "texture": "#0"},
				"east": {"uv": [14.5, 14.5, 15.75, 16], "texture": "#0"},
				"south": {"uv": [14.5, 14.5, 15.75, 16], "texture": "#0"},
				"west": {"uv": [14.5, 14.5, 15.75, 16], "texture": "#0"},
				"up": {"uv": [14.5, 14.5, 15.75, 15.75], "texture": "#0"},
				"down": {"uv": [14.5, 14.5, 15.75, 15.75], "texture": "#0"}
			}
		},
		{
			"from": [9.5, -6, 8],
			"to": [12.5, -3, 9],
			"faces": {
				"north": {"uv": [12.75, 0, 13.5, 0.75], "texture": "#0"},
				"east": {"uv": [12.75, 0, 13, 0.75], "texture": "#0"},
				"south": {"uv": [12.75, 0, 13.5, 0.75], "texture": "#0"},
				"west": {"uv": [12.75, 0, 13, 0.75], "texture": "#0"},
				"up": {"uv": [12.75, 0, 13.5, 0.25], "texture": "#0"},
				"down": {"uv": [12.75, 0, 13.5, 0.25], "texture": "#0"}
			}
		},
		{
			"from": [10, -5.5, 7.5],
			"to": [12, -3.5, 8.5],
			"faces": {
				"north": {"uv": [14.5, 0.5, 15.25, 1.25], "texture": "#0"},
				"east": {"uv": [14.5, 0.5, 14.75, 1.25], "texture": "#0"},
				"south": {"uv": [14.5, 0.5, 15.25, 1.25], "texture": "#0"},
				"west": {"uv": [14.5, 0.5, 14.75, 1.25], "texture": "#0"},
				"up": {"uv": [14.5, 0.5, 15.25, 0.75], "texture": "#0"},
				"down": {"uv": [14.5, 0.5, 15.25, 0.75], "texture": "#0"}
			}
		}
	],
	"display": {
		"head": {
			"translation": [0, 11.25, -7.5],
			"scale": [2.5, 2.5, 2.5]
		}
	},
	"groups": [
		{
			"name": "RL",
			"origin": [8, 0, 10],
			"color": 0,
			"children": [0, 1, 2, 3]
		}
	]
}