{
	"credit": "Made with Blockbench",
	"texture_size": [64, 64],
	"textures": {
		"0": "item/enemy/ancient_skeleton_knight",
		"particle": "item/enemy/ancient_skeleton_knight"
	},
	"elements": [
		{
			"from": [1, 9, 8],
			"to": [7, 11, 10],
			"rotation": {"angle": -22.5, "axis": "x", "origin": [0, 0, 0]},
			"faces": {
				"north": {"uv": [8, 2, 9.5, 2.5], "texture": "#0"},
				"east": {"uv": [8.5, 2.5, 9, 3], "texture": "#0"},
				"south": {"uv": [8, 2, 9.5, 2.5], "texture": "#0"},
				"west": {"uv": [8, 2.5, 8.5, 3], "texture": "#0"},
				"up": {"uv": [9.5, 2.5, 8, 2], "texture": "#0"},
				"down": {"uv": [9.5, 2, 8, 2.5], "texture": "#0"}
			}
		},
		{
			"from": [1, 6, 8],
			"to": [7, 8, 10],
			"rotation": {"angle": -22.5, "axis": "x", "origin": [0, 0, 0]},
			"faces": {
				"north": {"uv": [8, 2, 9.5, 2.5], "texture": "#0"},
				"east": {"uv": [8.5, 2.5, 9, 3], "texture": "#0"},
				"south": {"uv": [8, 2, 9.5, 2.5], "texture": "#0"},
				"west": {"uv": [8, 2.5, 8.5, 3], "texture": "#0"},
				"up": {"uv": [9.5, 2.5, 8, 2], "texture": "#0"},
				"down": {"uv": [9.5, 2, 8, 2.5], "texture": "#0"}
			}
		},
		{
			"from": [1, 3, 8],
			"to": [7, 5, 10],
			"rotation": {"angle": -22.5, "axis": "x", "origin": [0, 0, 0]},
			"faces": {
				"north": {"uv": [8, 2, 9.5, 2.5], "texture": "#0"},
				"east": {"uv": [8.5, 2.5, 9, 3], "texture": "#0"},
				"south": {"uv": [8, 2, 9.5, 2.5], "texture": "#0"},
				"west": {"uv": [8, 2.5, 8.5, 3], "texture": "#0"},
				"up": {"uv": [9.5, 2.5, 8, 2], "texture": "#0"},
				"down": {"uv": [9.5, 2, 8, 2.5], "texture": "#0"}
			}
		},
		{
			"from": [9, 9, 8],
			"to": [15, 11, 10],
			"rotation": {"angle": -22.5, "axis": "x", "origin": [0, 0, 0]},
			"faces": {
				"north": {"uv": [8, 2, 9.5, 2.5], "texture": "#0"},
				"east": {"uv": [8.5, 2.5, 9, 3], "texture": "#0"},
				"south": {"uv": [8, 2, 9.5, 2.5], "texture": "#0"},
				"west": {"uv": [8, 2.5, 8.5, 3], "texture": "#0"},
				"up": {"uv": [9.5, 2.5, 8, 2], "texture": "#0"},
				"down": {"uv": [9.5, 2, 8, 2.5], "texture": "#0"}
			}
		},
		{
			"from": [9, 6, 8],
			"to": [15, 8, 10],
			"rotation": {"angle": -22.5, "axis": "x", "origin": [0, 0, 0]},
			"faces": {
				"north": {"uv": [8, 2, 9.5, 2.5], "texture": "#0"},
				"east": {"uv": [8.5, 2.5, 9, 3], "texture": "#0"},
				"south": {"uv": [8, 2, 9.5, 2.5], "texture": "#0"},
				"west": {"uv": [8, 2.5, 8.5, 3], "texture": "#0"},
				"up": {"uv": [9.5, 2.5, 8, 2], "texture": "#0"},
				"down": {"uv": [9.5, 2, 8, 2.5], "texture": "#0"}
			}
		},
		{
			"from": [9, 3, 8],
			"to": [15, 5, 10],
			"rotation": {"angle": -22.5, "axis": "x", "origin": [0, 0, 0]},
			"faces": {
				"north": {"uv": [8, 2, 9.5, 2.5], "texture": "#0"},
				"east": {"uv": [8.5, 2.5, 9, 3], "texture": "#0"},
				"south": {"uv": [8, 2, 9.5, 2.5], "texture": "#0"},
				"west": {"uv": [8, 2.5, 8.5, 3], "texture": "#0"},
				"up": {"uv": [9.5, 2.5, 8, 2], "texture": "#0"},
				"down": {"uv": [9.5, 2, 8, 2.5], "texture": "#0"}
			}
		},
		{
			"from": [0, 9, 10],
			"to": [2, 11, 18],
			"rotation": {"angle": -22.5, "axis": "x", "origin": [0, 0, 0]},
			"faces": {
				"north": {"uv": [8, 2, 8.5, 2.5], "texture": "#0"},
				"east": {"uv": [8, 2, 10, 2.5], "texture": "#0"},
				"south": {"uv": [8, 2, 8.5, 2.5], "texture": "#0"},
				"west": {"uv": [8, 2, 10, 2.5], "texture": "#0"},
				"up": {"uv": [8.5, 4, 8, 2], "texture": "#0"},
				"down": {"uv": [8.5, 2, 8, 4], "texture": "#0"}
			}
		},
		{
			"from": [0, 6, 10],
			"to": [2, 8, 18],
			"rotation": {"angle": -22.5, "axis": "x", "origin": [0, 0, 0]},
			"faces": {
				"north": {"uv": [8, 2, 8.5, 2.5], "texture": "#0"},
				"east": {"uv": [8, 2, 10, 2.5], "texture": "#0"},
				"south": {"uv": [8, 2, 8.5, 2.5], "texture": "#0"},
				"west": {"uv": [8, 2, 10, 2.5], "texture": "#0"},
				"up": {"uv": [8.5, 4, 8, 2], "texture": "#0"},
				"down": {"uv": [8.5, 2, 8, 4], "texture": "#0"}
			}
		},
		{
			"from": [6.1, 3.1, 14],
			"to": [9.9, 11.1, 18],
			"faces": {
				"north": {"uv": [9, 2, 10, 4], "texture": "#0"},
				"east": {"uv": [8, 2, 9, 4], "texture": "#0"},
				"south": {"uv": [11, 2, 12, 4], "texture": "#0"},
				"west": {"uv": [10, 2, 11, 4], "texture": "#0"},
				"up": {"uv": [10, 2, 9, 1], "texture": "#0"},
				"down": {"uv": [11, 1, 10, 2], "texture": "#0"}
			}
		},
		{
			"from": [6, 4, 17],
			"to": [10, 12, 21],
			"rotation": {"angle": -22.5, "axis": "x", "origin": [0, 0, 0]},
			"faces": {
				"north": {"uv": [9, 2, 10, 4], "texture": "#0"},
				"east": {"uv": [8, 2, 9, 4], "texture": "#0"},
				"south": {"uv": [11, 2, 12, 4], "texture": "#0"},
				"west": {"uv": [10, 2, 11, 4], "texture": "#0"},
				"up": {"uv": [10, 2, 9, 1], "texture": "#0"},
				"down": {"uv": [11, 1, 10, 2], "texture": "#0"}
			}
		},
		{
			"from": [0, 3, 18],
			"to": [16, 5, 20],
			"rotation": {"angle": -22.5, "axis": "x", "origin": [0, 0, 0]},
			"faces": {
				"north": {"uv": [8, 2, 12, 2.5], "texture": "#0"},
				"east": {"uv": [8.5, 2.5, 9, 3], "texture": "#0"},
				"south": {"uv": [8, 2, 12, 2.5], "texture": "#0"},
				"west": {"uv": [8, 2.5, 8.5, 3], "texture": "#0"},
				"up": {"uv": [12, 2.5, 8, 2], "texture": "#0"},
				"down": {"uv": [12, 2, 8, 2.5], "texture": "#0"}
			}
		},
		{
			"from": [0, 6, 18],
			"to": [16, 8, 20],
			"rotation": {"angle": -22.5, "axis": "x", "origin": [0, 0, 0]},
			"faces": {
				"north": {"uv": [8, 2, 12, 2.5], "texture": "#0"},
				"east": {"uv": [8.5, 2.5, 9, 3], "texture": "#0"},
				"south": {"uv": [8, 2, 12, 2.5], "texture": "#0"},
				"west": {"uv": [8, 2.5, 8.5, 3], "texture": "#0"},
				"up": {"uv": [12, 2.5, 8, 2], "texture": "#0"},
				"down": {"uv": [12, 2, 8, 2.5], "texture": "#0"}
			}
		},
		{
			"from": [14, 3, 10],
			"to": [16, 5, 18],
			"rotation": {"angle": -22.5, "axis": "x", "origin": [0, 0, 0]},
			"faces": {
				"north": {"uv": [8, 2, 8.5, 2.5], "texture": "#0"},
				"east": {"uv": [8, 2, 10, 2.5], "texture": "#0"},
				"south": {"uv": [8, 2, 8.5, 2.5], "texture": "#0"},
				"west": {"uv": [8, 2, 10, 2.5], "texture": "#0"},
				"up": {"uv": [8.5, 4, 8, 2], "texture": "#0"},
				"down": {"uv": [8.5, 2, 8, 4], "texture": "#0"}
			}
		},
		{
			"from": [14, 6, 10],
			"to": [16, 8, 18],
			"rotation": {"angle": -22.5, "axis": "x", "origin": [0, 0, 0]},
			"faces": {
				"north": {"uv": [8, 2, 8.5, 2.5], "texture": "#0"},
				"east": {"uv": [8, 2, 10, 2.5], "texture": "#0"},
				"south": {"uv": [8, 2, 8.5, 2.5], "texture": "#0"},
				"west": {"uv": [8, 2, 10, 2.5], "texture": "#0"},
				"up": {"uv": [8.5, 4, 8, 2], "texture": "#0"},
				"down": {"uv": [8.5, 2, 8, 4], "texture": "#0"}
			}
		},
		{
			"from": [14, 9, 10],
			"to": [16, 11, 18],
			"rotation": {"angle": -22.5, "axis": "x", "origin": [0, 0, 0]},
			"faces": {
				"north": {"uv": [8, 2, 8.5, 2.5], "texture": "#0"},
				"east": {"uv": [8, 2, 10, 2.5], "texture": "#0"},
				"south": {"uv": [8, 2, 8.5, 2.5], "texture": "#0"},
				"west": {"uv": [8, 2, 10, 2.5], "texture": "#0"},
				"up": {"uv": [8.5, 4, 8, 2], "texture": "#0"},
				"down": {"uv": [8.5, 2, 8, 4], "texture": "#0"}
			}
		},
		{
			"from": [2, 3, 8],
			"to": [14, 5, 16],
			"faces": {
				"north": {"uv": [12, 4, 15, 4.5], "texture": "#0"},
				"east": {"uv": [12, 4, 14, 4.5], "texture": "#0"},
				"south": {"uv": [12, 4, 15, 4.5], "texture": "#0"},
				"west": {"uv": [12, 4, 14, 4.5], "texture": "#0"},
				"up": {"uv": [12, 2, 15, 4], "texture": "#0"},
				"down": {"uv": [12, 2, 15, 4], "texture": "#0"}
			}
		},
		{
			"from": [1.5, 4, 7.5],
			"to": [14.5, 6, 16.5],
			"faces": {
				"north": {"uv": [12.75, 15.5, 16, 16], "texture": "#0"},
				"east": {"uv": [12.75, 15.5, 15, 16], "texture": "#0"},
				"south": {"uv": [12.75, 15.5, 16, 16], "texture": "#0"},
				"west": {"uv": [12.75, 15.5, 15, 16], "texture": "#0"},
				"up": {"uv": [12.75, 13.5, 16, 15.75], "texture": "#0"},
				"down": {"uv": [12.75, 13.5, 16, 15.75], "texture": "#0"}
			}
		},
		{
			"from": [1.5, 1, 7.5],
			"to": [14.5, 3, 16.5],
			"faces": {
				"north": {"uv": [12.75, 15.5, 16, 16], "texture": "#0"},
				"east": {"uv": [12.75, 15.5, 15, 16], "texture": "#0"},
				"south": {"uv": [12.75, 15.5, 16, 16], "texture": "#0"},
				"west": {"uv": [12.75, 15.5, 15, 16], "texture": "#0"},
				"up": {"uv": [12.75, 13.5, 16, 15.75], "texture": "#0"},
				"down": {"uv": [12.75, 13.5, 16, 15.75], "texture": "#0"}
			}
		},
		{
			"from": [0, 3, 10],
			"to": [2, 5, 18],
			"rotation": {"angle": -22.5, "axis": "x", "origin": [0, 0, 0]},
			"faces": {
				"north": {"uv": [8, 2, 8.5, 2.5], "texture": "#0"},
				"east": {"uv": [8, 2, 10, 2.5], "texture": "#0"},
				"south": {"uv": [8, 2, 8.5, 2.5], "texture": "#0"},
				"west": {"uv": [8, 2, 10, 2.5], "texture": "#0"},
				"up": {"uv": [8.5, 4, 8, 2], "texture": "#0"},
				"down": {"uv": [8.5, 2, 8, 4], "texture": "#0"}
			}
		},
		{
			"from": [0, 9, 18],
			"to": [16, 11, 20],
			"rotation": {"angle": -22.5, "axis": "x", "origin": [0, 0, 0]},
			"faces": {
				"north": {"uv": [8, 2, 12, 2.5], "texture": "#0"},
				"east": {"uv": [8.5, 2.5, 9, 3], "texture": "#0"},
				"south": {"uv": [8, 2, 12, 2.5], "texture": "#0"},
				"west": {"uv": [8, 2.5, 8.5, 3], "texture": "#0"},
				"up": {"uv": [12, 2.5, 8, 2], "texture": "#0"},
				"down": {"uv": [12, 2, 8, 2.5], "texture": "#0"}
			}
		},
		{
			"from": [6, 1.5, 7],
			"to": [10, 5.5, 8],
			"faces": {
				"north": {"uv": [12.75, 0, 13.75, 1], "texture": "#0"},
				"east": {"uv": [12.75, 0, 13, 1], "texture": "#0"},
				"south": {"uv": [12.75, 0, 13.75, 1], "texture": "#0"},
				"west": {"uv": [12.75, 0, 13, 1], "texture": "#0"},
				"up": {"uv": [12.75, 0, 13.75, 0.25], "texture": "#0"},
				"down": {"uv": [12.75, 0, 13.75, 0.25], "texture": "#0"}
			}
		},
		{
			"from": [6.5, 2, 6.5],
			"to": [9.5, 5, 7.5],
			"faces": {
				"north": {"uv": [14.25, 0.25, 15.25, 1.25], "texture": "#0"},
				"east": {"uv": [14.25, 0.25, 14.5, 1.25], "texture": "#0"},
				"south": {"uv": [14.25, 0.25, 15.25, 1.25], "texture": "#0"},
				"west": {"uv": [14.25, 0.25, 14.5, 1.25], "texture": "#0"},
				"up": {"uv": [14.25, 0.25, 15.25, 0.5], "texture": "#0"},
				"down": {"uv": [14.25, 0.25, 15.25, 0.5], "texture": "#0"}
			}
		},
		{
			"from": [0, -12, 21],
			"to": [16, 12, 22],
			"rotation": {"angle": -22.5, "axis": "x", "origin": [0, 0, 0]},
			"faces": {
				"north": {"uv": [12, 7.5, 16, 13.5], "texture": "#0"},
				"east": {"uv": [12, 7.5, 12.25, 13.5], "texture": "#0"},
				"south": {"uv": [12, 7.5, 16, 13.5], "texture": "#0"},
				"west": {"uv": [12, 7.5, 12.25, 13.5], "texture": "#0"},
				"up": {"uv": [12, 7.5, 16, 7.75], "texture": "#0"},
				"down": {"uv": [12, 13.25, 16, 13.5], "texture": "#0"}
			}
		},
		{
			"from": [1, -13, 21],
			"to": [2, -12, 22],
			"rotation": {"angle": -22.5, "axis": "x", "origin": [0, 0, 0]},
			"faces": {
				"north": {"uv": [12.25, 13.25, 12.5, 13.5], "texture": "#0"},
				"east": {"uv": [12.25, 13.25, 12.5, 13.5], "texture": "#0"},
				"south": {"uv": [12.25, 13.25, 12.5, 13.5], "texture": "#0"},
				"west": {"uv": [12.25, 13.25, 12.5, 13.5], "texture": "#0"},
				"up": {"uv": [12.25, 13.25, 12.5, 13.5], "texture": "#0"},
				"down": {"uv": [12.25, 13.25, 12.5, 13.5], "texture": "#0"}
			}
		},
		{
			"from": [5, -13, 21],
			"to": [6, -12, 22],
			"rotation": {"angle": -22.5, "axis": "x", "origin": [0, 0, 0]},
			"faces": {
				"north": {"uv": [12.25, 13.25, 12.5, 13.5], "texture": "#0"},
				"east": {"uv": [12.25, 13.25, 12.5, 13.5], "texture": "#0"},
				"south": {"uv": [12.25, 13.25, 12.5, 13.5], "texture": "#0"},
				"west": {"uv": [12.25, 13.25, 12.5, 13.5], "texture": "#0"},
				"up": {"uv": [12.25, 13.25, 12.5, 13.5], "texture": "#0"},
				"down": {"uv": [12.25, 13.25, 12.5, 13.5], "texture": "#0"}
			}
		},
		{
			"from": [8, -13, 21],
			"to": [9, -12, 22],
			"rotation": {"angle": -22.5, "axis": "x", "origin": [0, 0, 0]},
			"faces": {
				"north": {"uv": [12.25, 13.25, 12.5, 13.5], "texture": "#0"},
				"east": {"uv": [12.25, 13.25, 12.5, 13.5], "texture": "#0"},
				"south": {"uv": [12.25, 13.25, 12.5, 13.5], "texture": "#0"},
				"west": {"uv": [12.25, 13.25, 12.5, 13.5], "texture": "#0"},
				"up": {"uv": [12.25, 13.25, 12.5, 13.5], "texture": "#0"},
				"down": {"uv": [12.25, 13.25, 12.5, 13.5], "texture": "#0"}
			}
		},
		{
			"from": [13, -13, 21],
			"to": [14, -12, 22],
			"rotation": {"angle": -22.5, "axis": "x", "origin": [0, 0, 0]},
			"faces": {
				"north": {"uv": [12.25, 13.25, 12.5, 13.5], "texture": "#0"},
				"east": {"uv": [12.25, 13.25, 12.5, 13.5], "texture": "#0"},
				"south": {"uv": [12.25, 13.25, 12.5, 13.5], "texture": "#0"},
				"west": {"uv": [12.25, 13.25, 12.5, 13.5], "texture": "#0"},
				"up": {"uv": [12.25, 13.25, 12.5, 13.5], "texture": "#0"},
				"down": {"uv": [12.25, 13.25, 12.5, 13.5], "texture": "#0"}
			}
		},
		{
			"from": [6, -14, 21],
			"to": [7, -13, 22],
			"rotation": {"angle": -22.5, "axis": "x", "origin": [0, 0, 0]},
			"faces": {
				"north": {"uv": [12.25, 13.25, 12.5, 13.5], "texture": "#0"},
				"east": {"uv": [12.25, 13.25, 12.5, 13.5], "texture": "#0"},
				"south": {"uv": [12.25, 13.25, 12.5, 13.5], "texture": "#0"},
				"west": {"uv": [12.25, 13.25, 12.5, 13.5], "texture": "#0"},
				"up": {"uv": [12.25, 13.25, 12.5, 13.5], "texture": "#0"},
				"down": {"uv": [12.25, 13.25, 12.5, 13.5], "texture": "#0"}
			}
		},
		{
			"from": [12, -14, 21],
			"to": [13, -13, 22],
			"rotation": {"angle": -22.5, "axis": "x", "origin": [0, 0, 0]},
			"faces": {
				"north": {"uv": [12.25, 13.25, 12.5, 13.5], "texture": "#0"},
				"east": {"uv": [12.25, 13.25, 12.5, 13.5], "texture": "#0"},
				"south": {"uv": [12.25, 13.25, 12.5, 13.5], "texture": "#0"},
				"west": {"uv": [12.25, 13.25, 12.5, 13.5], "texture": "#0"},
				"up": {"uv": [12.25, 13.25, 12.5, 13.5], "texture": "#0"},
				"down": {"uv": [12.25, 13.25, 12.5, 13.5], "texture": "#0"}
			}
		},
		{
			"from": [10, -13, 21],
			"to": [11, -12, 22],
			"rotation": {"angle": -22.5, "axis": "x", "origin": [0, 0, 0]},
			"faces": {
				"north": {"uv": [12.25, 13.25, 12.5, 13.5], "texture": "#0"},
				"east": {"uv": [12.25, 13.25, 12.5, 13.5], "texture": "#0"},
				"south": {"uv": [12.25, 13.25, 12.5, 13.5], "texture": "#0"},
				"west": {"uv": [12.25, 13.25, 12.5, 13.5], "texture": "#0"},
				"up": {"uv": [12.25, 13.25, 12.5, 13.5], "texture": "#0"},
				"down": {"uv": [12.25, 13.25, 12.5, 13.5], "texture": "#0"}
			}
		},
		{
			"from": [0, 12, 17],
			"to": [16, 13, 21],
			"rotation": {"angle": -22.5, "axis": "x", "origin": [0, 0, 0]},
			"faces": {
				"north": {"uv": [12, 7.5, 16, 7.75], "texture": "#0"},
				"east": {"uv": [12, 7.5, 12.75, 7.75], "texture": "#0"},
				"south": {"uv": [12, 7.5, 16, 7.75], "texture": "#0"},
				"west": {"uv": [12, 7.5, 12.75, 7.75], "texture": "#0"},
				"up": {"uv": [12, 7.5, 16, 7.75], "texture": "#0"},
				"down": {"uv": [12, 7.5, 16, 7.75], "texture": "#0"}
			}
		}
	],
	"display": {
		"head": {
			"translation": [0, -26, -0.25],
			"scale": [2.5, 2.5, 2.5]
		}
	},
	"groups": [
		{
			"name": "Body",
			"origin": [0, 0, 0],
			"color": 0,
			"children": [0, 1, 2, 3, 4, 5, 6, 7, 8, 9, 10, 11, 12, 13, 14, 15, 16, 17, 18, 19, 20, 21, 22, 23, 24, 25, 26, 27, 28, 29, 30]
		}
	]
}