{
	"credit": "Made with Blockbench",
	"texture_size": [64, 64],
	"textures": {
		"0": "item/enemy/ancient_skeleton_knight",
		"particle": "item/enemy/ancient_skeleton_knight"
	},
	"elements": [
		{
			"from": [-2, 6, 8],
			"to": [2, 16, 12],
			"rotation": {"angle": -22.5, "axis": "z", "origin": [8, 16, 10]},
			"faces": {
				"north": {"uv": [1, 5, 2, 7.5], "texture": "#0"},
				"east": {"uv": [0, 5, 1, 7.5], "texture": "#0"},
				"south": {"uv": [3, 5, 4, 7.5], "texture": "#0"},
				"west": {"uv": [2, 5, 3, 7.5], "texture": "#0"},
				"up": {"uv": [1, 4, 2, 5], "texture": "#0"},
				"down": {"uv": [2, 4, 3, 5], "texture": "#0"}
			}
		},
		{
			"from": [-7, 9, 7.9],
			"to": [-3, 19, 11.9],
			"rotation": {"angle": 45, "axis": "z", "origin": [8, 16, 10]},
			"faces": {
				"north": {"uv": [1, 5, 2, 7.5], "texture": "#0"},
				"east": {"uv": [0, 5, 1, 7.5], "texture": "#0"},
				"south": {"uv": [3, 5, 4, 7.5], "texture": "#0"},
				"west": {"uv": [2, 5, 3, 7.5], "texture": "#0"},
				"up": {"uv": [1, 4, 2, 5], "texture": "#0"},
				"down": {"uv": [2, 4, 3, 5], "texture": "#0"}
			}
		},
		{
			"from": [-2.5, 14, 7.5],
			"to": [2.5, 16, 12.5],
			"rotation": {"angle": -22.5, "axis": "z", "origin": [8, 16, 10]},
			"faces": {
				"north": {"uv": [12.75, 0, 14, 0.5], "texture": "#0"},
				"east": {"uv": [12.75, 0, 14, 0.5], "texture": "#0"},
				"south": {"uv": [12.75, 0, 14, 0.5], "texture": "#0"},
				"west": {"uv": [12.75, 0, 14, 0.5], "texture": "#0"},
				"up": {"uv": [12.75, 0, 14, 1.25], "rotation": 180, "texture": "#0"},
				"down": {"uv": [12.75, 0, 14, 1.25], "rotation": 180, "texture": "#0"}
			}
		},
		{
			"from": [-7.5, 10, 7.4],
			"to": [-2.5, 12, 12.4],
			"rotation": {"angle": 45, "axis": "z", "origin": [8, 16, 10]},
			"faces": {
				"north": {"uv": [12.75, 0, 14, 0.5], "texture": "#0"},
				"east": {"uv": [12.75, 0, 14, 0.5], "texture": "#0"},
				"south": {"uv": [12.75, 0, 14, 0.5], "texture": "#0"},
				"west": {"uv": [12.75, 0, 14, 0.5], "texture": "#0"},
				"up": {"uv": [12.75, 0, 14, 1.25], "rotation": 180, "texture": "#0"},
				"down": {"uv": [12.75, 0, 14, 1.25], "rotation": 180, "texture": "#0"}
			}
		},
		{
			"from": [-7.3, 11, 8.4],
			"to": [-6.3, 19, 11.4],
			"rotation": {"angle": 45, "axis": "z", "origin": [8, 16, 10]},
			"faces": {
				"north": {"uv": [12.75, 0, 14, 0.5], "texture": "#0"},
				"east": {"uv": [12.75, 0, 14, 0.5], "texture": "#0"},
				"south": {"uv": [12.75, 0, 14, 0.5], "texture": "#0"},
				"west": {"uv": [12.75, 0, 14, 0.5], "texture": "#0"},
				"up": {"uv": [12.75, 0, 14, 1.25], "rotation": 180, "texture": "#0"},
				"down": {"uv": [12.75, 0, 14, 1.25], "rotation": 180, "texture": "#0"}
			}
		},
		{
			"from": [-7.3, 19, 8.9],
			"to": [-6.3, 20.5, 10.9],
			"rotation": {"angle": 45, "axis": "z", "origin": [8, 16, 10]},
			"faces": {
				"north": {"uv": [12.75, 0, 14, 0.5], "texture": "#0"},
				"east": {"uv": [12.75, 0, 14, 0.5], "texture": "#0"},
				"south": {"uv": [12.75, 0, 14, 0.5], "texture": "#0"},
				"west": {"uv": [12.75, 0, 14, 0.5], "texture": "#0"},
				"up": {"uv": [12.75, 0, 14, 1.25], "rotation": 180, "texture": "#0"},
				"down": {"uv": [12.75, 0, 14, 1.25], "rotation": 180, "texture": "#0"}
			}
		},
		{
			"from": [-2.5, 16.5, 7.5],
			"to": [2.5, 17.5, 12.5],
			"rotation": {"angle": -22.5, "axis": "z", "origin": [8, 16, 10]},
			"faces": {
				"north": {"uv": [12.75, 0, 14, 0.25], "texture": "#0"},
				"east": {"uv": [12.75, 0, 14, 0.25], "texture": "#0"},
				"south": {"uv": [12.75, 0, 14, 0.25], "texture": "#0"},
				"west": {"uv": [12.75, 0, 14, 0.25], "texture": "#0"},
				"up": {"uv": [12.75, 0, 14, 1.25], "rotation": 180, "texture": "#0"},
				"down": {"uv": [12.75, 0, 14, 1.25], "rotation": 180, "texture": "#0"}
			}
		},
		{
			"from": [-7.5, 13.5, 7.4],
			"to": [-2.5, 14.5, 12.4],
			"rotation": {"angle": 45, "axis": "z", "origin": [8, 16, 10]},
			"faces": {
				"north": {"uv": [12.75, 0, 14, 0.25], "texture": "#0"},
				"east": {"uv": [12.75, 0, 14, 0.25], "texture": "#0"},
				"south": {"uv": [12.75, 0, 14, 0.25], "texture": "#0"},
				"west": {"uv": [12.75, 0, 14, 0.25], "texture": "#0"},
				"up": {"uv": [12.75, 0, 14, 1.25], "rotation": 180, "texture": "#0"},
				"down": {"uv": [12.75, 0, 14, 1.25], "rotation": 180, "texture": "#0"}
			}
		},
		{
			"from": [-2, 16, 8],
			"to": [2, 18, 12],
			"rotation": {"angle": -22.5, "axis": "z", "origin": [8, 16, 10]},
			"faces": {
				"north": {"uv": [14.5, 0.75, 15.75, 1.25], "texture": "#0"},
				"east": {"uv": [14.5, 0.75, 15.75, 1.25], "texture": "#0"},
				"south": {"uv": [14.5, 0.75, 15.75, 1.25], "texture": "#0"},
				"west": {"uv": [14.5, 0.75, 15.75, 1.25], "texture": "#0"},
				"up": {"uv": [14.5, 0.75, 15.75, 2], "rotation": 180, "texture": "#0"},
				"down": {"uv": [14.5, 0.75, 15.75, 2], "rotation": 180, "texture": "#0"}
			}
		},
		{
			"from": [-8, 11, 8.9],
			"to": [-7, 19, 10.9],
			"rotation": {"angle": 45, "axis": "z", "origin": [8, 16, 10]},
			"faces": {
				"north": {"uv": [15.5, 0, 15.75, 2], "texture": "#0"},
				"east": {"uv": [15.5, 0, 16, 2], "texture": "#0"},
				"south": {"uv": [15.5, 0, 15.75, 2], "texture": "#0"},
				"west": {"uv": [15.5, 0, 16, 2], "texture": "#0"},
				"up": {"uv": [15.5, 0, 15.75, 0.5], "rotation": 180, "texture": "#0"},
				"down": {"uv": [15.5, 0, 15.75, 0.5], "rotation": 180, "texture": "#0"}
			}
		},
		{
			"from": [-8, 19, 9.4],
			"to": [-7, 20, 10.4],
			"rotation": {"angle": 45, "axis": "z", "origin": [8, 16, 10]},
			"faces": {
				"north": {"uv": [14, 0.25, 14.25, 0.5], "texture": "#0"},
				"east": {"uv": [14, 0.25, 14.25, 0.5], "texture": "#0"},
				"south": {"uv": [14, 0.25, 14.25, 0.5], "texture": "#0"},
				"west": {"uv": [14, 0.25, 14.25, 0.5], "texture": "#0"},
				"up": {"uv": [14, 0.25, 14.25, 0.5], "rotation": 180, "texture": "#0"},
				"down": {"uv": [14, 0.25, 14.25, 0.5], "rotation": 180, "texture": "#0"}
			}
		}
	],
	"display": {
		"head": {
			"rotation": [90, 0, 0],
			"translation": [0, -2.75, -23.5],
			"scale": [2.5, 2.5, 2.5]
		}
	},
	"groups": [
		{
			"name": "LA",
			"origin": [8, 0, 10],
			"color": 0,
			"children": [0, 1, 2, 3, 4, 5, 6, 7, 8, 9, 10]
		}
	]
}