{
	"credit": "Made with Blockbench",
	"texture_size": [64, 64],
	"textures": {
		"0": "item/enemy/ancient_skeleton_knight",
		"particle": "item/enemy/ancient_skeleton_knight"
	},
	"elements": [
		{
			"from": [4, 16, 4],
			"to": [12, 24, 12],
			"faces": {
				"north": {"uv": [2, 2, 4, 4], "texture": "#0"},
				"east": {"uv": [0, 2, 2, 4], "texture": "#0"},
				"south": {"uv": [6, 2, 8, 4], "texture": "#0"},
				"west": {"uv": [4, 2, 6, 4], "texture": "#0"},
				"up": {"uv": [4, 2, 2, 0], "texture": "#0"},
				"down": {"uv": [6, 0, 4, 2], "texture": "#0"}
			}
		},
		{
			"from": [3.8, 15.9, 3.8],
			"to": [12.2, 18.9, 12.2],
			"faces": {
				"north": {"uv": [2, 10, 4, 10.75], "texture": "#0"},
				"east": {"uv": [0, 10, 2, 10.75], "texture": "#0"},
				"south": {"uv": [6, 10, 8, 10.75], "texture": "#0"},
				"west": {"uv": [4, 10, 6, 10.75], "texture": "#0"},
				"up": {"uv": [4, 10, 2, 8], "texture": "#0"},
				"down": {"uv": [6, 8, 4, 10], "texture": "#0"}
			}
		},
		{
			"from": [-4.5, 24, 3.5],
			"to": [3.5, 25, 4.5],
			"rotation": {"angle": -22.5, "axis": "z", "origin": [0, 0, 0]},
			"faces": {
				"north": {"uv": [14, 0, 16, 0.25], "texture": "#0"},
				"east": {"uv": [14, 0, 14.25, 0.25], "texture": "#0"},
				"south": {"uv": [14, 0, 16, 0.25], "texture": "#0"},
				"west": {"uv": [14, 0, 14.25, 0.25], "texture": "#0"},
				"up": {"uv": [14, 0, 16, 0.25], "texture": "#0"},
				"down": {"uv": [14, 0, 16, 0.25], "texture": "#0"}
			}
		},
		{
			"from": [-4.5, 24, 11.5],
			"to": [3.5, 25, 12.5],
			"rotation": {"angle": -22.5, "axis": "z", "origin": [0, 0, 0]},
			"faces": {
				"north": {"uv": [14, 0, 16, 0.25], "texture": "#0"},
				"east": {"uv": [14, 0, 14.25, 0.25], "texture": "#0"},
				"south": {"uv": [14, 0, 16, 0.25], "texture": "#0"},
				"west": {"uv": [14, 0, 14.25, 0.25], "texture": "#0"},
				"up": {"uv": [14, 0, 16, 0.25], "texture": "#0"},
				"down": {"uv": [14, 0, 16, 0.25], "texture": "#0"}
			}
		},
		{
			"from": [-4.5, 24, 4.5],
			"to": [-3.5, 25, 12.5],
			"rotation": {"angle": -22.5, "axis": "z", "origin": [0, 0, 0]},
			"faces": {
				"north": {"uv": [14.5, 0.5, 14.75, 0.75], "texture": "#0"},
				"east": {"uv": [14.5, 0.5, 16, 0.75], "texture": "#0"},
				"south": {"uv": [14.5, 0.5, 14.75, 0.75], "texture": "#0"},
				"west": {"uv": [14.5, 0.5, 16, 0.75], "texture": "#0"},
				"up": {"uv": [14.5, 0.5, 14.75, 2], "texture": "#0"},
				"down": {"uv": [14.5, 0.5, 14.75, 2], "texture": "#0"}
			}
		},
		{
			"from": [2.5, 24, 4.5],
			"to": [3.5, 25, 12.5],
			"rotation": {"angle": -22.5, "axis": "z", "origin": [0, 0, 0]},
			"faces": {
				"north": {"uv": [14.5, 0.5, 14.75, 0.75], "texture": "#0"},
				"east": {"uv": [14.5, 0.5, 16, 0.75], "texture": "#0"},
				"south": {"uv": [14.5, 0.5, 14.75, 0.75], "texture": "#0"},
				"west": {"uv": [14.5, 0.5, 16, 0.75], "texture": "#0"},
				"up": {"uv": [14.5, 0.5, 14.75, 2], "texture": "#0"},
				"down": {"uv": [14.5, 0.5, 14.75, 2], "texture": "#0"}
			}
		},
		{
			"from": [-1.5, 24, 2.5],
			"to": [0.5, 27, 3.5],
			"rotation": {"angle": -22.5, "axis": "z", "origin": [0, 0, 0]},
			"faces": {
				"north": {"uv": [15.25, 1, 15.75, 1.75], "texture": "#0"},
				"east": {"uv": [15.25, 1, 15.5, 1.75], "texture": "#0"},
				"south": {"uv": [15.25, 1, 15.75, 1.75], "texture": "#0"},
				"west": {"uv": [15.25, 1, 15.5, 1.75], "texture": "#0"},
				"up": {"uv": [15.25, 1, 15.75, 1.25], "texture": "#0"},
				"down": {"uv": [15.25, 1, 15.75, 1.25], "texture": "#0"}
			}
		},
		{
			"from": [1.5, 24, 2.5],
			"to": [2.5, 26, 3.5],
			"rotation": {"angle": -22.5, "axis": "z", "origin": [0, 0, 0]},
			"faces": {
				"north": {"uv": [15.25, 1, 15.75, 1.75], "texture": "#0"},
				"east": {"uv": [15.25, 1, 15.5, 1.75], "texture": "#0"},
				"south": {"uv": [15.25, 1, 15.75, 1.75], "texture": "#0"},
				"west": {"uv": [15.25, 1, 15.5, 1.75], "texture": "#0"},
				"up": {"uv": [15.25, 1, 15.75, 1.25], "texture": "#0"},
				"down": {"uv": [15.25, 1, 15.75, 1.25], "texture": "#0"}
			}
		},
		{
			"from": [-3.5, 24, 2.5],
			"to": [-2.5, 26, 3.5],
			"rotation": {"angle": -22.5, "axis": "z", "origin": [0, 0, 0]},
			"faces": {
				"north": {"uv": [15.25, 1, 15.75, 1.75], "texture": "#0"},
				"east": {"uv": [15.25, 1, 15.5, 1.75], "texture": "#0"},
				"south": {"uv": [15.25, 1, 15.75, 1.75], "texture": "#0"},
				"west": {"uv": [15.25, 1, 15.5, 1.75], "texture": "#0"},
				"up": {"uv": [15.25, 1, 15.75, 1.25], "texture": "#0"},
				"down": {"uv": [15.25, 1, 15.75, 1.25], "texture": "#0"}
			}
		}
	],
	"display": {
		"head": {
			"translation": [0, -26, -0.25],
			"scale": [2.5, 2.5, 2.5]
		}
	},
	"groups": [
		{
			"name": "Head",
			"origin": [0, 0, 0],
			"color": 0,
			"children": [
				0,
				1,
				{
					"name": "K",
					"origin": [0, 0, 0],
					"color": 0,
					"children": [2, 3, 4, 5, 6, 7, 8]
				}
			]
		}
	]
}