{
	"credit": "Made with Blockbench",
	"texture_size": [64, 64],
	"textures": {
		"0": "item/enemy/sunllager",
		"particle": "item/enemy/sunllager"
	},
	"elements": [
		{
			"from": [12.5, 8, -2],
			"to": [16.5, 12, 10],
			"rotation": {"angle": 0, "axis": "x", "origin": [14.5, 6, 8]},
			"faces": {
				"north": {"uv": [13, 11.5, 12, 12.5], "rotation": 180, "texture": "#0"},
				"east": {"uv": [10, 12.5, 11, 15.5], "rotation": 270, "texture": "#0"},
				"south": {"uv": [12, 12.5, 11, 11.5], "texture": "#0"},
				"west": {"uv": [12, 12.5, 13, 15.5], "rotation": 90, "texture": "#0"},
				"up": {"uv": [11, 12.5, 12, 15.5], "rotation": 180, "texture": "#0"},
				"down": {"uv": [13, 12.5, 14, 15.5], "texture": "#0"}
			}
		}
	],
	"display": {
		"head": {
			"translation": [0, -12.75, 0],
			"scale": [1.6, 1.6, 1.6]
		}
	},
	"groups": [
		{
			"name": "RA",
			"origin": [8, 8, 8],
			"color": 0,
			"children": [0]
		}
	]
}