{
	"credit": "Made with Blockbench",
	"texture_size": [64, 64],
	"textures": {
		"0": "item/enemy/sunllager",
		"particle": "item/enemy/sunllager"
	},
	"elements": [
		{
			"from": [4, 12, 4],
			"to": [12, 22, 12],
			"faces": {
				"north": {"uv": [2, 2, 4, 4.5], "texture": "#0"},
				"east": {"uv": [0, 2, 2, 4.5], "texture": "#0"},
				"south": {"uv": [6, 2, 8, 4.5], "texture": "#0"},
				"west": {"uv": [4, 2, 6, 4.5], "texture": "#0"},
				"up": {"uv": [4, 2, 2, 0], "texture": "#0"},
				"down": {"uv": [6, 0, 4, 2], "texture": "#0"}
			}
		},
		{
			"from": [7, 11, 2],
			"to": [9, 15, 4],
			"faces": {
				"north": {"uv": [6.5, 0.5, 7, 1.5], "texture": "#0"},
				"east": {"uv": [6, 0.5, 6.5, 1.5], "texture": "#0"},
				"south": {"uv": [7.5, 0.5, 8, 1.5], "texture": "#0"},
				"west": {"uv": [7, 0.5, 7.5, 1.5], "texture": "#0"},
				"up": {"uv": [7, 0.5, 6.5, 0], "texture": "#0"},
				"down": {"uv": [7.5, 0, 7, 0.5], "texture": "#0"}
			}
		},
		{
			"from": [-2, 24.5, 9.25],
			"to": [2, 25.5, 13.25],
			"rotation": {"angle": 45, "axis": "y", "origin": [0, 0, 0]},
			"faces": {
				"north": {"uv": [15.5, 0, 15.75, 0.25], "texture": "#0"},
				"east": {"uv": [15.5, 0, 15.75, 0.25], "texture": "#0"},
				"south": {"uv": [15.5, 0, 15.75, 0.25], "texture": "#0"},
				"west": {"uv": [15.5, 0, 15.75, 0.25], "texture": "#0"},
				"up": {"uv": [15.5, 0, 15.75, 0.25], "texture": "#0"},
				"down": {"uv": [15.5, 0, 15.75, 0.25], "texture": "#0"}
			}
		},
		{
			"from": [-0.5, 24.5, 17.25],
			"to": [0.5, 25.5, 21.25],
			"rotation": {"angle": 45, "axis": "y", "origin": [0, 0, 0]},
			"faces": {
				"north": {"uv": [15.5, 0, 15.75, 0.25], "texture": "#0"},
				"east": {"uv": [15.5, 0, 15.75, 0], "texture": "#0"},
				"south": {"uv": [15.5, 0, 15.75, 0.25], "texture": "#0"},
				"west": {"uv": [15.5, 0, 15.75, 0.25], "texture": "#0"},
				"up": {"uv": [15.5, 0, 15.75, 0.25], "texture": "#0"},
				"down": {"uv": [15.5, 0, 15.75, 0.25], "texture": "#0"}
			}
		},
		{
			"from": [-0.5, 24.5, 1.25],
			"to": [0.5, 25.5, 5.25],
			"rotation": {"angle": 45, "axis": "y", "origin": [0, 0, 0]},
			"faces": {
				"north": {"uv": [15.5, 0, 15.75, 0.25], "texture": "#0"},
				"east": {"uv": [15.5, 0, 15.75, 0], "texture": "#0"},
				"south": {"uv": [15.5, 0, 15.75, 0.25], "texture": "#0"},
				"west": {"uv": [15.5, 0, 15.75, 0.25], "texture": "#0"},
				"up": {"uv": [15.5, 0, 15.75, 0.25], "texture": "#0"},
				"down": {"uv": [15.5, 0, 15.75, 0.25], "texture": "#0"}
			}
		},
		{
			"from": [-10, 24.5, 10.75],
			"to": [-6, 25.5, 11.75],
			"rotation": {"angle": 45, "axis": "y", "origin": [0, 0, 0]},
			"faces": {
				"north": {"uv": [15.5, 0, 15.75, 0.25], "texture": "#0"},
				"east": {"uv": [15.5, 0, 15.75, 0.25], "texture": "#0"},
				"south": {"uv": [15.5, 0, 15.75, 0.25], "texture": "#0"},
				"west": {"uv": [15.5, 0, 15.75, 0.25], "texture": "#0"},
				"up": {"uv": [15.5, 0, 15.75, 0.25], "texture": "#0"},
				"down": {"uv": [15.5, 0, 15.75, 0.25], "texture": "#0"}
			}
		},
		{
			"from": [6, 24.5, 10.75],
			"to": [10, 25.5, 11.75],
			"rotation": {"angle": 45, "axis": "y", "origin": [0, 0, 0]},
			"faces": {
				"north": {"uv": [15.5, 0, 15.75, 0.25], "texture": "#0"},
				"east": {"uv": [15.5, 0, 15.75, 0.25], "texture": "#0"},
				"south": {"uv": [15.5, 0, 15.75, 0.25], "texture": "#0"},
				"west": {"uv": [15.5, 0, 15.75, 0.25], "texture": "#0"},
				"up": {"uv": [15.5, 0, 15.75, 0.25], "texture": "#0"},
				"down": {"uv": [15.5, 0, 15.75, 0.25], "texture": "#0"}
			}
		},
		{
			"from": [-3, 24, 6.75],
			"to": [3, 26, 7.75],
			"rotation": {"angle": 45, "axis": "y", "origin": [0, 0, 0]},
			"faces": {
				"north": {"uv": [15.75, 0, 16, 0.25], "texture": "#0"},
				"east": {"uv": [15.75, 0, 16, 0.25], "texture": "#0"},
				"south": {"uv": [15.75, 0, 16, 0.25], "texture": "#0"},
				"west": {"uv": [15.75, 0, 16, 0.25], "texture": "#0"},
				"up": {"uv": [15.75, 0, 16, 0.25], "texture": "#0"},
				"down": {"uv": [15.75, 0, 16, 0.25], "texture": "#0"}
			}
		},
		{
			"from": [-3, 24, 14.25],
			"to": [3, 26, 15.25],
			"rotation": {"angle": 45, "axis": "y", "origin": [0, 0, 0]},
			"faces": {
				"north": {"uv": [15.75, 0, 16, 0.25], "texture": "#0"},
				"east": {"uv": [15.75, 0, 16, 0], "texture": "#0"},
				"south": {"uv": [15.75, 0, 16, 0.25], "texture": "#0"},
				"west": {"uv": [15.75, 0, 16, 0.25], "texture": "#0"},
				"up": {"uv": [15.75, 0, 16, 0.25], "texture": "#0"},
				"down": {"uv": [15.75, 0, 16, 0.25], "texture": "#0"}
			}
		},
		{
			"from": [3.25, 24, 8],
			"to": [4.25, 26, 14],
			"rotation": {"angle": 45, "axis": "y", "origin": [0, 0, 0]},
			"faces": {
				"north": {"uv": [15.75, 0, 16, 0.25], "texture": "#0"},
				"east": {"uv": [15.75, 0, 16, 0.25], "texture": "#0"},
				"south": {"uv": [15.75, 0, 16, 0.25], "texture": "#0"},
				"west": {"uv": [15.75, 0, 16, 0.25], "texture": "#0"},
				"up": {"uv": [15.75, 0, 16, 0.25], "rotation": 270, "texture": "#0"},
				"down": {"uv": [15.75, 0, 16, 0.25], "rotation": 90, "texture": "#0"}
			}
		},
		{
			"from": [-4.25, 24, 8],
			"to": [-3.25, 26, 14],
			"rotation": {"angle": 45, "axis": "y", "origin": [0, 0, 0]},
			"faces": {
				"north": {"uv": [15.75, 0, 16, 0.25], "texture": "#0"},
				"east": {"uv": [15.75, 0, 16, 0.25], "texture": "#0"},
				"south": {"uv": [15.75, 0, 16, 0.25], "texture": "#0"},
				"west": {"uv": [15.75, 0, 16, 0.25], "texture": "#0"},
				"up": {"uv": [15.75, 0, 16, 0.25], "rotation": 270, "texture": "#0"},
				"down": {"uv": [15.75, 0, 16, 0.25], "rotation": 90, "texture": "#0"}
			}
		},
		{
			"from": [7, 19, 3],
			"to": [9, 23, 4],
			"faces": {
				"north": {"uv": [2.75, 2.25, 3.25, 2.75], "texture": "#0"},
				"east": {"uv": [3, 2.25, 3.25, 2.75], "texture": "#0"},
				"south": {"uv": [2.75, 2.25, 3.25, 2.75], "texture": "#0"},
				"west": {"uv": [3, 2.25, 3.25, 2.75], "texture": "#0"},
				"up": {"uv": [3, 2.25, 3.5, 2.5], "texture": "#0"},
				"down": {"uv": [2.75, 2.5, 3.25, 2.75], "texture": "#0"}
			}
		},
		{
			"from": [10, 19, 3],
			"to": [12, 23, 4],
			"faces": {
				"north": {"uv": [1.75, 2.25, 2.25, 2.75], "texture": "#0"},
				"east": {"uv": [3, 2.25, 3.25, 2.75], "texture": "#0"},
				"south": {"uv": [2.75, 2.25, 3.25, 2.75], "texture": "#0"},
				"west": {"uv": [3.25, 2.25, 3.5, 2.75], "texture": "#0"},
				"up": {"uv": [3, 2.25, 3.5, 2.5], "texture": "#0"},
				"down": {"uv": [2.75, 2.5, 3.25, 2.75], "texture": "#0"}
			}
		},
		{
			"from": [4, 19, 3],
			"to": [6, 23, 4],
			"faces": {
				"north": {"uv": [3.5, 2.25, 4, 2.75], "texture": "#0"},
				"east": {"uv": [3, 2.25, 3.25, 2.75], "texture": "#0"},
				"south": {"uv": [2.75, 2.25, 3.25, 2.75], "texture": "#0"},
				"west": {"uv": [3, 2.25, 3.25, 2.75], "texture": "#0"},
				"up": {"uv": [3, 2.25, 3.5, 2.5], "texture": "#0"},
				"down": {"uv": [2.75, 2.5, 3.25, 2.75], "texture": "#0"}
			}
		}
	],
	"display": {
		"head": {
			"translation": [0, -12.75, 0],
			"scale": [1.6, 1.6, 1.6]
		}
	},
	"groups": [
		{
			"name": "H",
			"origin": [0, 0, 0],
			"color": 0,
			"children": [0, 1, 2, 3, 4, 5, 6, 7, 8, 9, 10, 11, 12, 13]
		}
	]
}