{
	"credit": "Made with Blockbench",
	"texture_size": [64, 64],
	"textures": {
		"0": "item/enemy/sunllager",
		"particle": "item/enemy/sunllager"
	},
	"elements": [
		{
			"from": [-11, 20.75736, 0],
			"to": [-9, 23.75736, 1],
			"rotation": {"angle": 45, "axis": "z", "origin": [-5.5, 22.25736, 0.5]},
			"faces": {
				"north": {"uv": [15.75, 0, 16, 0.25], "texture": "#0"},
				"east": {"uv": [15.75, 0, 16, 0.25], "texture": "#0"},
				"south": {"uv": [15.75, 0, 16, 0.25], "texture": "#0"},
				"west": {"uv": [15.75, 0, 16, 0.25], "texture": "#0"},
				"up": {"uv": [15.75, 0, 16, 0.25], "texture": "#0"},
				"down": {"uv": [15.75, 0, 16, 0.25], "texture": "#0"}
			}
		},
		{
			"from": [-13, 21.75736, 0],
			"to": [-11, 22.75736, 1],
			"rotation": {"angle": 45, "axis": "z", "origin": [-5.5, 22.25736, 0.5]},
			"faces": {
				"north": {"uv": [15.75, 0, 16, 0.25], "texture": "#0"},
				"east": {"uv": [15.75, 0, 16, 0.25], "texture": "#0"},
				"south": {"uv": [15.75, 0, 16, 0.25], "texture": "#0"},
				"west": {"uv": [15.75, 0, 16, 0.25], "texture": "#0"},
				"up": {"uv": [15.75, 0, 16, 0.25], "texture": "#0"},
				"down": {"uv": [15.75, 0, 16, 0.25], "texture": "#0"}
			}
		},
		{
			"from": [-11, 20.75736, 0],
			"to": [-9, 23.75736, 1],
			"rotation": {"angle": -45, "axis": "z", "origin": [-5.5, 22.25736, 0.5]},
			"faces": {
				"north": {"uv": [15.75, 0, 16, 0.25], "texture": "#0"},
				"east": {"uv": [15.75, 0, 16, 0.25], "texture": "#0"},
				"south": {"uv": [15.75, 0, 16, 0.25], "texture": "#0"},
				"west": {"uv": [15.75, 0, 16, 0.25], "texture": "#0"},
				"up": {"uv": [15.75, 0, 16, 0.25], "texture": "#0"},
				"down": {"uv": [15.75, 0, 16, 0.25], "texture": "#0"}
			}
		},
		{
			"from": [-13, 21.75736, 0],
			"to": [-11, 22.75736, 1],
			"rotation": {"angle": -45, "axis": "z", "origin": [-5.5, 22.25736, 0.5]},
			"faces": {
				"north": {"uv": [15.75, 0, 16, 0.25], "texture": "#0"},
				"east": {"uv": [15.75, 0, 16, 0.25], "texture": "#0"},
				"south": {"uv": [15.75, 0, 16, 0.25], "texture": "#0"},
				"west": {"uv": [15.75, 0, 16, 0.25], "texture": "#0"},
				"up": {"uv": [15.75, 0, 16, 0.25], "texture": "#0"},
				"down": {"uv": [15.75, 0, 16, 0.25], "texture": "#0"}
			}
		},
		{
			"from": [-6, -13, 0],
			"to": [-5, 17, 1],
			"rotation": {"angle": 0, "axis": "y", "origin": [-6, 0, 0]},
			"faces": {
				"north": {"uv": [15.75, 0, 16, 7.5], "texture": "#0"},
				"east": {"uv": [15.75, 0, 16, 7.5], "texture": "#0"},
				"south": {"uv": [15.75, 0, 16, 7.5], "texture": "#0"},
				"west": {"uv": [15.75, 0, 16, 7.5], "texture": "#0"},
				"up": {"uv": [15.75, 0, 16, 0.25], "texture": "#0"},
				"down": {"uv": [15.75, 0, 16, 0.25], "texture": "#0"}
			}
		},
		{
			"from": [-7, 17, -1],
			"to": [-4, 18, 2],
			"rotation": {"angle": 0, "axis": "y", "origin": [-6, 0, 0]},
			"faces": {
				"north": {"uv": [15.5, 0, 15.75, 0.25], "texture": "#0"},
				"east": {"uv": [15.5, 0, 15.75, 0.25], "texture": "#0"},
				"south": {"uv": [15.5, 0, 15.75, 0.25], "texture": "#0"},
				"west": {"uv": [15.5, 0, 15.75, 0.25], "texture": "#0"},
				"up": {"uv": [15.5, 0, 15.75, 0.25], "texture": "#0"},
				"down": {"uv": [15.5, 0, 15.75, 0.25], "texture": "#0"}
			}
		},
		{
			"from": [-8, 19.75736, 0],
			"to": [-3, 24.75736, 1],
			"rotation": {"angle": 45, "axis": "z", "origin": [-5.5, 22.25736, 0.5]},
			"faces": {
				"north": {"uv": [15.5, 0, 15.75, 0.25], "texture": "#0"},
				"east": {"uv": [15.5, 0, 15.75, 0.25], "texture": "#0"},
				"south": {"uv": [15.5, 0, 15.75, 0.25], "texture": "#0"},
				"west": {"uv": [15.5, 0, 15.75, 0.25], "texture": "#0"},
				"up": {"uv": [15.5, 0, 15.75, 0.25], "texture": "#0"},
				"down": {"uv": [15.5, 0, 15.75, 0.25], "texture": "#0"}
			}
		},
		{
			"from": [-7, 25.75736, 0],
			"to": [-4, 27.75736, 1],
			"rotation": {"angle": -45, "axis": "z", "origin": [-5.5, 22.25736, 0.5]},
			"faces": {
				"north": {"uv": [15.75, 0, 16, 0.25], "rotation": 270, "texture": "#0"},
				"east": {"uv": [15.75, 0, 16, 0.25], "rotation": 90, "texture": "#0"},
				"south": {"uv": [15.75, 0, 16, 0.25], "rotation": 90, "texture": "#0"},
				"west": {"uv": [15.75, 0, 16, 0.25], "rotation": 90, "texture": "#0"},
				"up": {"uv": [15.75, 0, 16, 0.25], "rotation": 90, "texture": "#0"},
				"down": {"uv": [15.75, 0, 16, 0.25], "rotation": 90, "texture": "#0"}
			}
		},
		{
			"from": [-6, 27.75736, 0],
			"to": [-5, 29.75736, 1],
			"rotation": {"angle": -45, "axis": "z", "origin": [-5.5, 22.25736, 0.5]},
			"faces": {
				"north": {"uv": [15.75, 0, 16, 0.25], "rotation": 270, "texture": "#0"},
				"east": {"uv": [15.75, 0, 16, 0.25], "rotation": 90, "texture": "#0"},
				"south": {"uv": [15.75, 0, 16, 0.25], "rotation": 90, "texture": "#0"},
				"west": {"uv": [15.75, 0, 16, 0.25], "rotation": 90, "texture": "#0"},
				"up": {"uv": [15.75, 0, 16, 0.25], "rotation": 90, "texture": "#0"},
				"down": {"uv": [15.75, 0, 16, 0.25], "rotation": 90, "texture": "#0"}
			}
		},
		{
			"from": [-2, 20.75736, 0],
			"to": [0, 23.75736, 1],
			"rotation": {"angle": -45, "axis": "z", "origin": [-5.5, 22.25736, 0.5]},
			"faces": {
				"north": {"uv": [15.75, 0, 16, 0.25], "rotation": 180, "texture": "#0"},
				"east": {"uv": [15.75, 0, 16, 0.25], "rotation": 180, "texture": "#0"},
				"south": {"uv": [15.75, 0, 16, 0.25], "rotation": 180, "texture": "#0"},
				"west": {"uv": [15.75, 0, 16, 0.25], "rotation": 180, "texture": "#0"},
				"up": {"uv": [15.75, 0, 16, 0.25], "rotation": 180, "texture": "#0"},
				"down": {"uv": [15.75, 0, 16, 0.25], "rotation": 180, "texture": "#0"}
			}
		},
		{
			"from": [0, 21.75736, 0],
			"to": [2, 22.75736, 1],
			"rotation": {"angle": -45, "axis": "z", "origin": [-5.5, 22.25736, 0.5]},
			"faces": {
				"north": {"uv": [15.75, 0, 16, 0.25], "rotation": 180, "texture": "#0"},
				"east": {"uv": [15.75, 0, 16, 0.25], "rotation": 180, "texture": "#0"},
				"south": {"uv": [15.75, 0, 16, 0.25], "rotation": 180, "texture": "#0"},
				"west": {"uv": [15.75, 0, 16, 0.25], "rotation": 180, "texture": "#0"},
				"up": {"uv": [15.75, 0, 16, 0.25], "rotation": 180, "texture": "#0"},
				"down": {"uv": [15.75, 0, 16, 0.25], "rotation": 180, "texture": "#0"}
			}
		}
	],
	"display": {
		"head": {
			"rotation": [0, 90, -90],
			"translation": [12, -27, 0],
			"scale": [1.6, 1.6, 1.6]
		}
	},
	"groups": [
		{
			"name": "S",
			"origin": [8, 8, 8],
			"color": 0,
			"children": [
				{
					"name": "group",
					"origin": [0.5, 22.25736, 0.5],
					"color": 0,
					"children": [0, 1]
				},
				{
					"name": "group",
					"origin": [0.5, 22.25736, 0.5],
					"color": 0,
					"children": [2, 3]
				}, 4, 5, 6,
				{
					"name": "group",
					"origin": [0.5, 22.25736, 0.5],
					"color": 0,
					"children": [7, 8]
				},
				{
					"name": "group",
					"origin": [0.5, 22.25736, 0.5],
					"color": 0,
					"children": [9, 10]
				}
			]
		}
	]
}