{
	"credit": "Made with Blockbench",
	"texture_size": [64, 64],
	"textures": {
		"0": "item/enemy/sunllager",
		"particle": "item/enemy/sunllager"
	},
	"elements": [
		{
			"from": [4, 12, 4],
			"to": [12, 22, 12],
			"faces": {
				"north": {"uv": [2, 2, 4, 4.5], "texture": "#0"},
				"east": {"uv": [0, 2, 2, 4.5], "texture": "#0"},
				"south": {"uv": [6, 2, 8, 4.5], "texture": "#0"},
				"west": {"uv": [4, 2, 6, 4.5], "texture": "#0"},
				"up": {"uv": [4, 2, 2, 0], "texture": "#0"},
				"down": {"uv": [6, 0, 4, 2], "texture": "#0"}
			}
		},
		{
			"from": [7, 11, 2],
			"to": [9, 15, 4],
			"faces": {
				"north": {"uv": [6.5, 0.5, 7, 1.5], "texture": "#0"},
				"east": {"uv": [6, 0.5, 6.5, 1.5], "texture": "#0"},
				"south": {"uv": [7.5, 0.5, 8, 1.5], "texture": "#0"},
				"west": {"uv": [7, 0.5, 7.5, 1.5], "texture": "#0"},
				"up": {"uv": [7, 0.5, 6.5, 0], "texture": "#0"},
				"down": {"uv": [7.5, 0, 7, 0.5], "texture": "#0"}
			}
		}
	],
	"display": {
		"head": {
			"translation": [0, -12.75, 0],
			"scale": [1.6, 1.6, 1.6]
		}
	},
	"groups": [
		{
			"name": "H",
			"origin": [0, 0, 0],
			"color": 0,
			"children": [0, 1]
		}
	]
}