{
	"credit": "Made with Blockbench",
	"texture_size": [64, 64],
	"textures": {
		"0": "item/enemy/blaze_dancer",
		"1": "item/campfire_fire",
		"particle": "item/enemy/blaze_dancer"
	},
	"elements": [
		{
			"from": [4, 12, 4],
			"to": [12, 20, 12],
			"rotation": {"angle": 0, "axis": "x", "origin": [8, 8, 8]},
			"faces": {
				"north": {"uv": [2, 2, 4, 4], "texture": "#0"},
				"east": {"uv": [0, 2, 2, 4], "texture": "#0"},
				"south": {"uv": [6, 2, 8, 4], "texture": "#0"},
				"west": {"uv": [4, 2, 6, 4], "texture": "#0"},
				"up": {"uv": [4, 2, 2, 0], "texture": "#0"},
				"down": {"uv": [6, 0, 4, 2], "texture": "#0"}
			}
		},
		{
			"from": [3.8, 11.8, 3.8],
			"to": [12.2, 20.2, 12.2],
			"rotation": {"angle": 0, "axis": "x", "origin": [8, 8, 8]},
			"faces": {
				"north": {"uv": [10, 2, 12, 4], "texture": "#0"},
				"east": {"uv": [8, 2, 10, 4], "texture": "#0"},
				"south": {"uv": [14, 2, 16, 4], "texture": "#0"},
				"west": {"uv": [12, 2, 14, 4], "texture": "#0"},
				"up": {"uv": [12, 2, 10, 0], "texture": "#0"},
				"down": {"uv": [14, 0, 12, 2], "texture": "#0"}
			}
		},
		{
			"from": [4, 0, 6],
			"to": [12, 12, 10],
			"faces": {
				"north": {"uv": [5, 5, 7, 8], "texture": "#0"},
				"east": {"uv": [4, 5, 5, 8], "texture": "#0"},
				"south": {"uv": [8, 5, 10, 8], "texture": "#0"},
				"west": {"uv": [7, 5, 8, 8], "texture": "#0"},
				"up": {"uv": [7, 5, 5, 4], "texture": "#0"},
				"down": {"uv": [9, 4, 7, 5], "texture": "#0"}
			}
		},
		{
			"from": [14, 10, 6],
			"to": [17, 22, 10],
			"rotation": {"angle": 22.5, "axis": "z", "origin": [8, 8, 8]},
			"faces": {
				"north": {"uv": [11, 5, 12, 8], "rotation": 180, "texture": "#0"},
				"east": {"uv": [12, 5, 13, 8], "rotation": 180, "texture": "#0"},
				"south": {"uv": [13, 5, 14, 8], "rotation": 180, "texture": "#0"},
				"west": {"uv": [10, 5, 11, 8], "rotation": 180, "texture": "#0"},
				"up": {"uv": [13, 4, 12, 5], "rotation": 180, "texture": "#0"},
				"down": {"uv": [12, 5, 11, 4], "rotation": 180, "texture": "#0"}
			}
		},
		{
			"from": [0, -9, 7],
			"to": [4, 3, 11],
			"rotation": {"angle": 22.5, "axis": "z", "origin": [8, 8, 8]},
			"faces": {
				"north": {"uv": [0, 5, 1, 8], "texture": "#0"},
				"east": {"uv": [3, 5, 4, 8], "texture": "#0"},
				"south": {"uv": [2, 5, 3, 8], "texture": "#0"},
				"west": {"uv": [1, 5, 2, 8], "texture": "#0"},
				"up": {"uv": [2, 5, 1, 4], "rotation": 270, "texture": "#0"},
				"down": {"uv": [3, 4, 2, 5], "rotation": 90, "texture": "#0"}
			}
		},
		{
			"from": [7, -12, 6],
			"to": [11, 0, 10],
			"rotation": {"angle": 0, "axis": "x", "origin": [8, 8, 8]},
			"faces": {
				"north": {"uv": [1, 5, 2, 8], "texture": "#0"},
				"east": {"uv": [0, 5, 1, 8], "texture": "#0"},
				"south": {"uv": [3, 5, 4, 8], "texture": "#0"},
				"west": {"uv": [2, 5, 3, 8], "texture": "#0"},
				"up": {"uv": [2, 5, 1, 4], "texture": "#0"},
				"down": {"uv": [3, 4, 2, 5], "texture": "#0"}
			}
		},
		{
			"from": [-1, 10, 6],
			"to": [2, 22, 10],
			"rotation": {"angle": -22.5, "axis": "z", "origin": [8, 8, 8]},
			"faces": {
				"north": {"uv": [11, 5, 12, 8], "rotation": 180, "texture": "#0"},
				"east": {"uv": [12, 5, 13, 8], "rotation": 180, "texture": "#0"},
				"south": {"uv": [13, 5, 14, 8], "rotation": 180, "texture": "#0"},
				"west": {"uv": [10, 5, 11, 8], "rotation": 180, "texture": "#0"},
				"up": {"uv": [13, 4, 12, 5], "rotation": 180, "texture": "#0"},
				"down": {"uv": [12, 5, 11, 4], "rotation": 180, "texture": "#0"}
			}
		},
		{
			"from": [4.1, -1, 8],
			"to": [11.9, 3, 12],
			"rotation": {"angle": -45, "axis": "x", "origin": [0, 0, 0]},
			"faces": {
				"north": {"uv": [5, 6, 7, 7], "texture": "#0"},
				"east": {"uv": [4, 6, 5, 7], "texture": "#0"},
				"south": {"uv": [8, 6, 10, 7], "texture": "#0"},
				"west": {"uv": [7, 6, 8, 7], "texture": "#0"},
				"up": {"uv": [7, 6, 5, 5], "texture": "#0"},
				"down": {"uv": [10, 5, 8, 6], "texture": "#0"}
			}
		},
		{
			"from": [3, 0.9, 3],
			"to": [13, 2.9, 13],
			"faces": {
				"north": {"uv": [0, 8, 2.5, 8.5], "texture": "#0"},
				"east": {"uv": [0, 8, 2.5, 8.5], "texture": "#0"},
				"south": {"uv": [0, 8, 2.5, 8.5], "texture": "#0"},
				"west": {"uv": [0, 8, 2.5, 8.5], "texture": "#0"},
				"up": {"uv": [0, 8.5, 2.5, 11], "texture": "#0"},
				"down": {"uv": [0, 8.5, 2.5, 11], "texture": "#0"}
			}
		},
		{
			"from": [1, -0.1, 1],
			"to": [15, 1.9, 15],
			"faces": {
				"north": {"uv": [0, 8, 2.5, 8.5], "texture": "#0"},
				"east": {"uv": [0, 8, 2.5, 8.5], "texture": "#0"},
				"south": {"uv": [0, 8, 2.5, 8.5], "texture": "#0"},
				"west": {"uv": [0, 8, 2.5, 8.5], "texture": "#0"},
				"up": {"uv": [0, 8.5, 2.5, 11], "texture": "#0"},
				"down": {"uv": [0, 8.5, 2.5, 11], "texture": "#0"}
			}
		},
		{
			"from": [3.5, 18, 3.4],
			"to": [12.5, 19, 6.4],
			"rotation": {"angle": 0, "axis": "x", "origin": [8, 8, 8]},
			"faces": {
				"north": {"uv": [2.5, 8, 4.75, 8.25], "texture": "#0"},
				"east": {"uv": [2.5, 8, 3.25, 8.25], "texture": "#0"},
				"south": {"uv": [2.5, 8, 4.75, 8.25], "texture": "#0"},
				"west": {"uv": [2.5, 8, 3.25, 8.25], "texture": "#0"},
				"up": {"uv": [2.5, 8, 4.75, 8.75], "texture": "#0"},
				"down": {"uv": [2.5, 8, 4.75, 8.75], "texture": "#0"}
			}
		},
		{
			"from": [17, 13.5, 3.6],
			"to": [18, 16.5, 4.6],
			"rotation": {"angle": 45, "axis": "z", "origin": [8, 8, 8]},
			"faces": {
				"north": {"uv": [2.5, 8, 2.75, 8.75], "texture": "#0"},
				"east": {"uv": [2.5, 8, 2.75, 8.75], "texture": "#0"},
				"south": {"uv": [2.5, 8, 2.75, 8.75], "texture": "#0"},
				"west": {"uv": [2.5, 8, 2.75, 8.75], "texture": "#0"},
				"up": {"uv": [2.5, 8, 2.75, 8.25], "texture": "#0"},
				"down": {"uv": [2.5, 8, 2.75, 8.25], "texture": "#0"}
			}
		},
		{
			"from": [-2, 13.5, 3.6],
			"to": [-1, 16.5, 4.6],
			"rotation": {"angle": -45, "axis": "z", "origin": [8, 8, 8]},
			"faces": {
				"north": {"uv": [2.5, 8, 2.75, 8.75], "texture": "#0"},
				"east": {"uv": [2.5, 8, 2.75, 8.75], "texture": "#0"},
				"south": {"uv": [2.5, 8, 2.75, 8.75], "texture": "#0"},
				"west": {"uv": [2.5, 8, 2.75, 8.75], "texture": "#0"},
				"up": {"uv": [2.5, 8, 2.75, 8.25], "texture": "#0"},
				"down": {"uv": [2.5, 8, 2.75, 8.25], "texture": "#0"}
			}
		},
		{
			"from": [15.5, 15.5, 3.7],
			"to": [16.5, 16.5, 4.7],
			"rotation": {"angle": 45, "axis": "z", "origin": [8, 8, 8]},
			"faces": {
				"north": {"uv": [3, 8, 3.25, 8.25], "texture": "#0"},
				"east": {"uv": [3, 8, 3.25, 8.25], "texture": "#0"},
				"south": {"uv": [3, 8, 3.25, 8.25], "texture": "#0"},
				"west": {"uv": [3, 8, 3.25, 8.25], "texture": "#0"},
				"up": {"uv": [3, 8, 3.25, 8.25], "texture": "#0"},
				"down": {"uv": [3, 8, 3.25, 8.25], "texture": "#0"}
			}
		},
		{
			"from": [15.5, 15.5, 4.2],
			"to": [17.5, 17.5, 5.2],
			"rotation": {"angle": 45, "axis": "z", "origin": [8, 8, 8]},
			"faces": {
				"north": {"uv": [3, 8, 3.25, 8.25], "texture": "#0"},
				"east": {"uv": [3, 8, 3.25, 8.25], "texture": "#0"},
				"south": {"uv": [3, 8, 3.25, 8.25], "texture": "#0"},
				"west": {"uv": [3, 8, 3.25, 8.25], "texture": "#0"},
				"up": {"uv": [3, 8, 3.25, 8.25], "texture": "#0"},
				"down": {"uv": [3, 8, 3.25, 8.25], "texture": "#0"}
			}
		},
		{
			"from": [4, 2.6, 12.3],
			"to": [12, 10.6, 13.3],
			"rotation": {"angle": -22.5, "axis": "x", "origin": [8, 8, 8]},
			"faces": {
				"north": {"uv": [8, 5, 10, 7], "rotation": 180, "texture": "#0"},
				"east": {"uv": [8, 5, 8.25, 7], "rotation": 180, "texture": "#0"},
				"south": {"uv": [8, 5, 10, 7], "rotation": 180, "texture": "#0"},
				"west": {"uv": [8, 5, 8.25, 7], "rotation": 180, "texture": "#0"},
				"up": {"uv": [8, 5, 10, 5.25], "rotation": 180, "texture": "#0"},
				"down": {"uv": [8, 5, 10, 5.25], "rotation": 180, "texture": "#0"}
			}
		},
		{
			"from": [3.1, 5, -0.5],
			"to": [11.1, 9, -0.5],
			"rotation": {"angle": 45, "axis": "y", "origin": [8, 8, 8]},
			"faces": {
				"north": {"uv": [2, 0, 14, 8], "rotation": 90, "texture": "#1"},
				"east": {"uv": [0, 0, 0, 1], "texture": "#missing"},
				"south": {"uv": [2, 0, 14, 8], "rotation": 270, "texture": "#1"},
				"west": {"uv": [0, 0, 0, 1], "texture": "#missing"},
				"up": {"uv": [0, 0, 2, 0], "texture": "#missing"},
				"down": {"uv": [0, 0, 2, 0], "texture": "#missing"}
			}
		},
		{
			"from": [5.1, 5, -0.5],
			"to": [13.1, 9, -0.5],
			"rotation": {"angle": -45, "axis": "y", "origin": [8, 8, 8]},
			"faces": {
				"north": {"uv": [2, 0, 14, 16], "rotation": 270, "texture": "#1"},
				"east": {"uv": [0, 0, 0, 1], "texture": "#missing"},
				"south": {"uv": [0, 0, 12, 16], "rotation": 90, "texture": "#1"},
				"west": {"uv": [0, 0, 0, 1], "texture": "#missing"},
				"up": {"uv": [0, 0, 2, 0], "texture": "#missing"},
				"down": {"uv": [0, 0, 2, 0], "texture": "#missing"}
			}
		},
		{
			"from": [4, 5, 0],
			"to": [12, 9, 0],
			"rotation": {"angle": 0, "axis": "y", "origin": [8, 8, 8]},
			"faces": {
				"north": {"uv": [2, 8, 14, 16], "rotation": 90, "texture": "#1"},
				"east": {"uv": [0, 0, 0, 1], "texture": "#missing"},
				"south": {"uv": [2, 8, 14, 16], "rotation": 90, "texture": "#1"},
				"west": {"uv": [0, 0, 0, 1], "texture": "#missing"},
				"up": {"uv": [0, 0, 2, 0], "texture": "#missing"},
				"down": {"uv": [0, 0, 2, 0], "texture": "#missing"}
			}
		},
		{
			"from": [4.9, -6, 16.5],
			"to": [12.9, -2, 16.5],
			"rotation": {"angle": 0, "axis": "y", "origin": [8, -3, 8]},
			"faces": {
				"north": {"uv": [2, 0, 14, 8], "rotation": 270, "texture": "#1"},
				"east": {"uv": [0, 0, 0, 1], "texture": "#missing"},
				"south": {"uv": [2, 0, 14, 8], "rotation": 90, "texture": "#1"},
				"west": {"uv": [0, 0, 0, 1], "texture": "#missing"},
				"up": {"uv": [0, 0, 2, 0], "rotation": 180, "texture": "#missing"},
				"down": {"uv": [0, 0, 2, 0], "rotation": 180, "texture": "#missing"}
			}
		},
		{
			"from": [-0.5, -6, 2.9],
			"to": [-0.5, -2, 10.9],
			"rotation": {"angle": 0, "axis": "y", "origin": [8, -3, 8]},
			"faces": {
				"north": {"uv": [0, 0, 0, 1], "texture": "#missing"},
				"east": {"uv": [0, 0, 12, 16], "rotation": 90, "texture": "#1"},
				"south": {"uv": [0, 0, 0, 1], "texture": "#missing"},
				"west": {"uv": [2, 0, 14, 16], "rotation": 270, "texture": "#1"},
				"up": {"uv": [0, 0, 2, 0], "rotation": 270, "texture": "#missing"},
				"down": {"uv": [0, 0, 2, 0], "rotation": 90, "texture": "#missing"}
			}
		},
		{
			"from": [0, -6, 4],
			"to": [0, -2, 12],
			"rotation": {"angle": 45, "axis": "y", "origin": [8, -3, 8]},
			"faces": {
				"north": {"uv": [0, 0, 0, 1], "texture": "#missing"},
				"east": {"uv": [2, 8, 14, 16], "rotation": 90, "texture": "#1"},
				"south": {"uv": [0, 0, 0, 1], "texture": "#missing"},
				"west": {"uv": [2, 8, 14, 16], "rotation": 90, "texture": "#1"},
				"up": {"uv": [0, 0, 2, 0], "rotation": 270, "texture": "#missing"},
				"down": {"uv": [0, 0, 2, 0], "rotation": 90, "texture": "#missing"}
			}
		},
		{
			"from": [16.5, 16, 3.1],
			"to": [16.5, 20, 11.1],
			"rotation": {"angle": 0, "axis": "y", "origin": [8, 19, 8]},
			"faces": {
				"north": {"uv": [0, 0, 0, 1], "texture": "#missing"},
				"east": {"uv": [2, 0, 14, 8], "rotation": 90, "texture": "#1"},
				"south": {"uv": [0, 0, 0, 1], "texture": "#missing"},
				"west": {"uv": [2, 0, 14, 8], "rotation": 270, "texture": "#1"},
				"up": {"uv": [0, 0, 2, 0], "rotation": 90, "texture": "#missing"},
				"down": {"uv": [0, 0, 2, 0], "rotation": 270, "texture": "#missing"}
			}
		},
		{
			"from": [2.9, 16, 16.5],
			"to": [10.9, 20, 16.5],
			"rotation": {"angle": 0, "axis": "y", "origin": [8, 19, 8]},
			"faces": {
				"north": {"uv": [0, 0, 12, 16], "rotation": 90, "texture": "#1"},
				"east": {"uv": [0, 0, 0, 1], "texture": "#missing"},
				"south": {"uv": [2, 0, 14, 16], "rotation": 270, "texture": "#1"},
				"west": {"uv": [0, 0, 0, 1], "texture": "#missing"},
				"up": {"uv": [0, 0, 2, 0], "rotation": 180, "texture": "#missing"},
				"down": {"uv": [0, 0, 2, 0], "rotation": 180, "texture": "#missing"}
			}
		},
		{
			"from": [4, 16, 16],
			"to": [12, 20, 16],
			"rotation": {"angle": 45, "axis": "y", "origin": [8, 19, 8]},
			"faces": {
				"north": {"uv": [2, 8, 14, 16], "rotation": 90, "texture": "#1"},
				"east": {"uv": [0, 0, 0, 1], "texture": "#missing"},
				"south": {"uv": [2, 8, 14, 16], "rotation": 90, "texture": "#1"},
				"west": {"uv": [0, 0, 0, 1], "texture": "#missing"},
				"up": {"uv": [0, 0, 2, 0], "rotation": 180, "texture": "#missing"},
				"down": {"uv": [0, 0, 2, 0], "rotation": 180, "texture": "#missing"}
			}
		}
	],
	"display": {
		"head": {
			"translation": [0, -12.5, 0],
			"scale": [1.65, 1.65, 1.65]
		}
	},
	"groups": [
		0,
		1,
		2,
		3,
		4,
		5,
		6,
		7,
		8,
		9,
		10,
		11,
		12,
		13,
		14,
		15,
		{
			"name": "group",
			"origin": [8, 8, 8],
			"color": 0,
			"children": [16, 17, 18]
		},
		{
			"name": "group",
			"origin": [8, 8, 8],
			"color": 0,
			"children": [19, 20, 21]
		},
		{
			"name": "group",
			"origin": [8, 8, 8],
			"color": 0,
			"children": [22, 23, 24]
		}
	]
}