{
	"credit": "Made with Blockbench",
	"texture_size": [64, 64],
	"textures": {
		"1": "item/foxgirl/foxgirl3",
		"3": "item/model_plate/model_plate_foxgirl_2",
		"particle": "item/foxgirl/foxgirl3"
	},
	"elements": [
		{
			"from": [1, -15, 1],
			"to": [15, -14, 15],
			"rotation": {"angle": 0, "axis": "y", "origin": [0, -14, 0]},
			"faces": {
				"north": {"uv": [1, 1, 15, 2], "texture": "#3"},
				"east": {"uv": [1, 1, 15, 2], "texture": "#3"},
				"south": {"uv": [1, 1, 15, 2], "texture": "#3"},
				"west": {"uv": [1, 1, 15, 2], "texture": "#3"},
				"up": {"uv": [1, 1, 15, 15], "texture": "#3"},
				"down": {"uv": [0, 0, 3.5, 3.5], "texture": "#3"}
			}
		},
		{
			"from": [0, -16, 0],
			"to": [16, -15, 16],
			"rotation": {"angle": 0, "axis": "y", "origin": [0, -14, 0]},
			"faces": {
				"north": {"uv": [0, 0, 16, 0.75], "texture": "#3"},
				"east": {"uv": [0, 0, 16, 0.5], "texture": "#3"},
				"south": {"uv": [0, 0, 16, 0.75], "texture": "#3"},
				"west": {"uv": [0, 0, 16, 0.5], "texture": "#3"},
				"up": {"uv": [0, 0, 16, 16], "texture": "#3"},
				"down": {"uv": [0, 0, 16, 16], "texture": "#3"}
			}
		},
		{
			"from": [7.5, -8, 17.4],
			"to": [8.5, -6, 18.4],
			"rotation": {"angle": -45, "axis": "y", "origin": [8, -8.6, 8]},
			"faces": {
				"north": {"uv": [15.75, 0, 16, 0.5], "texture": "#1"},
				"east": {"uv": [15.75, 0, 16, 0.5], "texture": "#1"},
				"south": {"uv": [15.75, 0, 16, 0.5], "texture": "#1"},
				"west": {"uv": [15.75, 0, 16, 0.5], "texture": "#1"},
				"up": {"uv": [15.75, 0, 16, 0.25], "rotation": 90, "texture": "#1"},
				"down": {"uv": [15.75, 0, 16, 0.25], "rotation": 270, "texture": "#1"}
			}
		},
		{
			"from": [1.5, -6, 16.4],
			"to": [14.5, -5, 19.4],
			"rotation": {"angle": -45, "axis": "y", "origin": [8, -8.6, 8]},
			"faces": {
				"north": {"uv": [13.25, 0, 16, 0.5], "texture": "#1"},
				"east": {"uv": [15.75, 0, 16, 0.5], "texture": "#1"},
				"south": {"uv": [13.25, 0, 16, 0.5], "texture": "#1"},
				"west": {"uv": [15.75, 0, 16, 0.5], "texture": "#1"},
				"up": {"uv": [15.25, 0, 15.5, 2.75], "rotation": 90, "texture": "#1"},
				"down": {"uv": [15.25, 0, 15.5, 2.75], "rotation": 270, "texture": "#1"}
			}
		},
		{
			"from": [2.5, -9, 17.3],
			"to": [13.5, -8, 18.5],
			"rotation": {"angle": -45, "axis": "y", "origin": [8, -8.6, 8]},
			"faces": {
				"north": {"uv": [13.25, 0, 16, 0.5], "texture": "#1"},
				"east": {"uv": [15.75, 0, 16, 0.5], "texture": "#1"},
				"south": {"uv": [13.25, 0, 16, 0.5], "texture": "#1"},
				"west": {"uv": [15.75, 0, 16, 0.5], "texture": "#1"},
				"up": {"uv": [15.25, 0, 15.5, 2.75], "rotation": 90, "texture": "#1"},
				"down": {"uv": [15.25, 0, 15.5, 2.75], "rotation": 270, "texture": "#1"}
			}
		},
		{
			"from": [3.5, -16, 16.9],
			"to": [5.5, -6, 18.9],
			"rotation": {"angle": -45, "axis": "y", "origin": [8, -8.6, 8]},
			"faces": {
				"north": {"uv": [15.5, 0, 16, 2.5], "texture": "#1"},
				"east": {"uv": [15.5, 0, 16, 2.5], "texture": "#1"},
				"south": {"uv": [15.5, 0, 16, 2.5], "texture": "#1"},
				"west": {"uv": [15.5, 0, 16, 2.5], "texture": "#1"},
				"up": {"uv": [15.5, 0, 16, 0.5], "rotation": 90, "texture": "#1"},
				"down": {"uv": [15.5, 0, 16, 0.5], "rotation": 270, "texture": "#1"}
			}
		},
		{
			"from": [10.5, -16, 16.9],
			"to": [12.5, -6, 18.9],
			"rotation": {"angle": -45, "axis": "y", "origin": [8, -8.6, 8]},
			"faces": {
				"north": {"uv": [15.5, 0, 16, 2.5], "texture": "#1"},
				"east": {"uv": [15.5, 0, 16, 2.5], "texture": "#1"},
				"south": {"uv": [15.5, 0, 16, 2.5], "texture": "#1"},
				"west": {"uv": [15.5, 0, 16, 2.5], "texture": "#1"},
				"up": {"uv": [15.5, 0, 16, 0.5], "rotation": 90, "texture": "#1"},
				"down": {"uv": [15.5, 0, 16, 0.5], "rotation": 270, "texture": "#1"}
			}
		},
		{
			"from": [-2.4, -8, 7.5],
			"to": [-1.4, -6, 8.5],
			"rotation": {"angle": -45, "axis": "y", "origin": [8, -8.6, 8]},
			"faces": {
				"north": {"uv": [15.75, 0, 16, 0.5], "texture": "#1"},
				"east": {"uv": [15.75, 0, 16, 0.5], "texture": "#1"},
				"south": {"uv": [15.75, 0, 16, 0.5], "texture": "#1"},
				"west": {"uv": [15.75, 0, 16, 0.5], "texture": "#1"},
				"up": {"uv": [15.75, 0, 16, 0.25], "rotation": 180, "texture": "#1"},
				"down": {"uv": [15.75, 0, 16, 0.25], "rotation": 180, "texture": "#1"}
			}
		},
		{
			"from": [-2.4, -8, 7.5],
			"to": [-1.4, -6, 8.5],
			"rotation": {"angle": -45, "axis": "y", "origin": [8, -8.6, 8]},
			"faces": {
				"north": {"uv": [15.75, 0, 16, 0.5], "texture": "#1"},
				"east": {"uv": [15.75, 0, 16, 0.5], "texture": "#1"},
				"south": {"uv": [15.75, 0, 16, 0.5], "texture": "#1"},
				"west": {"uv": [15.75, 0, 16, 0.5], "texture": "#1"},
				"up": {"uv": [15.75, 0, 16, 0.25], "rotation": 180, "texture": "#1"},
				"down": {"uv": [15.75, 0, 16, 0.25], "rotation": 180, "texture": "#1"}
			}
		},
		{
			"from": [-3.4, -6, 1.5],
			"to": [-0.4, -5, 14.5],
			"rotation": {"angle": -45, "axis": "y", "origin": [8, -8.6, 8]},
			"faces": {
				"north": {"uv": [15.75, 0, 16, 0.5], "texture": "#1"},
				"east": {"uv": [13.25, 0, 16, 0.5], "texture": "#1"},
				"south": {"uv": [15.75, 0, 16, 0.5], "texture": "#1"},
				"west": {"uv": [13.25, 0, 16, 0.5], "texture": "#1"},
				"up": {"uv": [15.25, 0, 15.5, 2.75], "rotation": 180, "texture": "#1"},
				"down": {"uv": [15.25, 0, 15.5, 2.75], "rotation": 180, "texture": "#1"}
			}
		},
		{
			"from": [-2.5, -9, 2.5],
			"to": [-1.3, -8, 13.5],
			"rotation": {"angle": -45, "axis": "y", "origin": [8, -8.6, 8]},
			"faces": {
				"north": {"uv": [15.75, 0, 16, 0.5], "texture": "#1"},
				"east": {"uv": [13.25, 0, 16, 0.5], "texture": "#1"},
				"south": {"uv": [15.75, 0, 16, 0.5], "texture": "#1"},
				"west": {"uv": [13.25, 0, 16, 0.5], "texture": "#1"},
				"up": {"uv": [15.25, 0, 15.5, 2.75], "rotation": 180, "texture": "#1"},
				"down": {"uv": [15.25, 0, 15.5, 2.75], "rotation": 180, "texture": "#1"}
			}
		},
		{
			"from": [-2.9, -16, 3.5],
			"to": [-0.9, -6, 5.5],
			"rotation": {"angle": -45, "axis": "y", "origin": [8, -8.6, 8]},
			"faces": {
				"north": {"uv": [15.5, 0, 16, 2.5], "texture": "#1"},
				"east": {"uv": [15.5, 0, 16, 2.5], "texture": "#1"},
				"south": {"uv": [15.5, 0, 16, 2.5], "texture": "#1"},
				"west": {"uv": [15.5, 0, 16, 2.5], "texture": "#1"},
				"up": {"uv": [15.5, 0, 16, 0.5], "rotation": 180, "texture": "#1"},
				"down": {"uv": [15.5, 0, 16, 0.5], "rotation": 180, "texture": "#1"}
			}
		},
		{
			"from": [-2.9, -16, 10.5],
			"to": [-0.9, -6, 12.5],
			"rotation": {"angle": -45, "axis": "y", "origin": [8, -8.6, 8]},
			"faces": {
				"north": {"uv": [15.5, 0, 16, 2.5], "texture": "#1"},
				"east": {"uv": [15.5, 0, 16, 2.5], "texture": "#1"},
				"south": {"uv": [15.5, 0, 16, 2.5], "texture": "#1"},
				"west": {"uv": [15.5, 0, 16, 2.5], "texture": "#1"},
				"up": {"uv": [15.5, 0, 16, 0.5], "rotation": 180, "texture": "#1"},
				"down": {"uv": [15.5, 0, 16, 0.5], "rotation": 180, "texture": "#1"}
			}
		},
		{
			"from": [-3.4, -6, 1.5],
			"to": [-0.4, -5, 14.5],
			"rotation": {"angle": -45, "axis": "y", "origin": [8, -8.6, 8]},
			"faces": {
				"north": {"uv": [15.75, 0, 16, 0.5], "texture": "#1"},
				"east": {"uv": [13.25, 0, 16, 0.5], "texture": "#1"},
				"south": {"uv": [15.75, 0, 16, 0.5], "texture": "#1"},
				"west": {"uv": [13.25, 0, 16, 0.5], "texture": "#1"},
				"up": {"uv": [15.25, 0, 15.5, 2.75], "rotation": 180, "texture": "#1"},
				"down": {"uv": [15.25, 0, 15.5, 2.75], "rotation": 180, "texture": "#1"}
			}
		},
		{
			"from": [-2.5, -9, 2.5],
			"to": [-1.3, -8, 13.5],
			"rotation": {"angle": -45, "axis": "y", "origin": [8, -8.6, 8]},
			"faces": {
				"north": {"uv": [15.75, 0, 16, 0.5], "texture": "#1"},
				"east": {"uv": [13.25, 0, 16, 0.5], "texture": "#1"},
				"south": {"uv": [15.75, 0, 16, 0.5], "texture": "#1"},
				"west": {"uv": [13.25, 0, 16, 0.5], "texture": "#1"},
				"up": {"uv": [15.25, 0, 15.5, 2.75], "rotation": 180, "texture": "#1"},
				"down": {"uv": [15.25, 0, 15.5, 2.75], "rotation": 180, "texture": "#1"}
			}
		},
		{
			"from": [-2.9, -16, 3.5],
			"to": [-0.9, -6, 5.5],
			"rotation": {"angle": -45, "axis": "y", "origin": [8, -8.6, 8]},
			"faces": {
				"north": {"uv": [15.5, 0, 16, 2.5], "texture": "#1"},
				"east": {"uv": [15.5, 0, 16, 2.5], "texture": "#1"},
				"south": {"uv": [15.5, 0, 16, 2.5], "texture": "#1"},
				"west": {"uv": [15.5, 0, 16, 2.5], "texture": "#1"},
				"up": {"uv": [15.5, 0, 16, 0.5], "rotation": 180, "texture": "#1"},
				"down": {"uv": [15.5, 0, 16, 0.5], "rotation": 180, "texture": "#1"}
			}
		},
		{
			"from": [-2.9, -16, 10.5],
			"to": [-0.9, -6, 12.5],
			"rotation": {"angle": -45, "axis": "y", "origin": [8, -8.6, 8]},
			"faces": {
				"north": {"uv": [15.5, 0, 16, 2.5], "texture": "#1"},
				"east": {"uv": [15.5, 0, 16, 2.5], "texture": "#1"},
				"south": {"uv": [15.5, 0, 16, 2.5], "texture": "#1"},
				"west": {"uv": [15.5, 0, 16, 2.5], "texture": "#1"},
				"up": {"uv": [15.5, 0, 16, 0.5], "rotation": 180, "texture": "#1"},
				"down": {"uv": [15.5, 0, 16, 0.5], "rotation": 180, "texture": "#1"}
			}
		},
		{
			"from": [7.5, -8, 17.4],
			"to": [8.5, -6, 18.4],
			"rotation": {"angle": 45, "axis": "y", "origin": [8, -8.6, 8]},
			"faces": {
				"north": {"uv": [15.75, 0, 16, 0.5], "texture": "#1"},
				"east": {"uv": [15.75, 0, 16, 0.5], "texture": "#1"},
				"south": {"uv": [15.75, 0, 16, 0.5], "texture": "#1"},
				"west": {"uv": [15.75, 0, 16, 0.5], "texture": "#1"},
				"up": {"uv": [15.75, 0, 16, 0.25], "rotation": 90, "texture": "#1"},
				"down": {"uv": [15.75, 0, 16, 0.25], "rotation": 270, "texture": "#1"}
			}
		},
		{
			"from": [1.5, -6, 16.4],
			"to": [14.5, -5, 19.4],
			"rotation": {"angle": 45, "axis": "y", "origin": [8, -8.6, 8]},
			"faces": {
				"north": {"uv": [13.25, 0, 16, 0.5], "texture": "#1"},
				"east": {"uv": [15.75, 0, 16, 0.5], "texture": "#1"},
				"south": {"uv": [13.25, 0, 16, 0.5], "texture": "#1"},
				"west": {"uv": [15.75, 0, 16, 0.5], "texture": "#1"},
				"up": {"uv": [15.25, 0, 15.5, 2.75], "rotation": 90, "texture": "#1"},
				"down": {"uv": [15.25, 0, 15.5, 2.75], "rotation": 270, "texture": "#1"}
			}
		},
		{
			"from": [2.5, -9, 17.3],
			"to": [13.5, -8, 18.5],
			"rotation": {"angle": 45, "axis": "y", "origin": [8, -8.6, 8]},
			"faces": {
				"north": {"uv": [13.25, 0, 16, 0.5], "texture": "#1"},
				"east": {"uv": [15.75, 0, 16, 0.5], "texture": "#1"},
				"south": {"uv": [13.25, 0, 16, 0.5], "texture": "#1"},
				"west": {"uv": [15.75, 0, 16, 0.5], "texture": "#1"},
				"up": {"uv": [15.25, 0, 15.5, 2.75], "rotation": 90, "texture": "#1"},
				"down": {"uv": [15.25, 0, 15.5, 2.75], "rotation": 270, "texture": "#1"}
			}
		},
		{
			"from": [3.5, -16, 16.9],
			"to": [5.5, -6, 18.9],
			"rotation": {"angle": 45, "axis": "y", "origin": [8, -8.6, 8]},
			"faces": {
				"north": {"uv": [15.5, 0, 16, 2.5], "texture": "#1"},
				"east": {"uv": [15.5, 0, 16, 2.5], "texture": "#1"},
				"south": {"uv": [15.5, 0, 16, 2.5], "texture": "#1"},
				"west": {"uv": [15.5, 0, 16, 2.5], "texture": "#1"},
				"up": {"uv": [15.5, 0, 16, 0.5], "rotation": 90, "texture": "#1"},
				"down": {"uv": [15.5, 0, 16, 0.5], "rotation": 270, "texture": "#1"}
			}
		},
		{
			"from": [10.5, -16, 16.9],
			"to": [12.5, -6, 18.9],
			"rotation": {"angle": 45, "axis": "y", "origin": [8, -8.6, 8]},
			"faces": {
				"north": {"uv": [15.5, 0, 16, 2.5], "texture": "#1"},
				"east": {"uv": [15.5, 0, 16, 2.5], "texture": "#1"},
				"south": {"uv": [15.5, 0, 16, 2.5], "texture": "#1"},
				"west": {"uv": [15.5, 0, 16, 2.5], "texture": "#1"},
				"up": {"uv": [15.5, 0, 16, 0.5], "rotation": 90, "texture": "#1"},
				"down": {"uv": [15.5, 0, 16, 0.5], "rotation": 270, "texture": "#1"}
			}
		},
		{
			"from": [17.4, -8, 7.5],
			"to": [18.4, -6, 8.5],
			"rotation": {"angle": 45, "axis": "y", "origin": [8, -8.6, 8]},
			"faces": {
				"north": {"uv": [15.75, 0, 16, 0.5], "texture": "#1"},
				"east": {"uv": [15.75, 0, 16, 0.5], "texture": "#1"},
				"south": {"uv": [15.75, 0, 16, 0.5], "texture": "#1"},
				"west": {"uv": [15.75, 0, 16, 0.5], "texture": "#1"},
				"up": {"uv": [15.75, 0, 16, 0.25], "texture": "#1"},
				"down": {"uv": [15.75, 0, 16, 0.25], "texture": "#1"}
			}
		},
		{
			"from": [16.4, -6, 1.5],
			"to": [19.4, -5, 14.5],
			"rotation": {"angle": 45, "axis": "y", "origin": [8, -8.6, 8]},
			"faces": {
				"north": {"uv": [15.75, 0, 16, 0.5], "texture": "#1"},
				"east": {"uv": [13.25, 0, 16, 0.5], "texture": "#1"},
				"south": {"uv": [15.75, 0, 16, 0.5], "texture": "#1"},
				"west": {"uv": [13.25, 0, 16, 0.5], "texture": "#1"},
				"up": {"uv": [15.25, 0, 15.5, 2.75], "texture": "#1"},
				"down": {"uv": [15.25, 0, 15.5, 2.75], "texture": "#1"}
			}
		},
		{
			"from": [17.3, -9, 2.5],
			"to": [18.5, -8, 13.5],
			"rotation": {"angle": 45, "axis": "y", "origin": [8, -8.6, 8]},
			"faces": {
				"north": {"uv": [15.75, 0, 16, 0.5], "texture": "#1"},
				"east": {"uv": [13.25, 0, 16, 0.5], "texture": "#1"},
				"south": {"uv": [15.75, 0, 16, 0.5], "texture": "#1"},
				"west": {"uv": [13.25, 0, 16, 0.5], "texture": "#1"},
				"up": {"uv": [15.25, 0, 15.5, 2.75], "texture": "#1"},
				"down": {"uv": [15.25, 0, 15.5, 2.75], "texture": "#1"}
			}
		},
		{
			"from": [16.9, -16, 10.5],
			"to": [18.9, -6, 12.5],
			"rotation": {"angle": 45, "axis": "y", "origin": [8, -8.6, 8]},
			"faces": {
				"north": {"uv": [15.5, 0, 16, 2.5], "texture": "#1"},
				"east": {"uv": [15.5, 0, 16, 2.5], "texture": "#1"},
				"south": {"uv": [15.5, 0, 16, 2.5], "texture": "#1"},
				"west": {"uv": [15.5, 0, 16, 2.5], "texture": "#1"},
				"up": {"uv": [15.5, 0, 16, 0.5], "texture": "#1"},
				"down": {"uv": [15.5, 0, 16, 0.5], "texture": "#1"}
			}
		},
		{
			"from": [16.9, -16, 3.5],
			"to": [18.9, -6, 5.5],
			"rotation": {"angle": 45, "axis": "y", "origin": [8, -8.6, 8]},
			"faces": {
				"north": {"uv": [15.5, 0, 16, 2.5], "texture": "#1"},
				"east": {"uv": [15.5, 0, 16, 2.5], "texture": "#1"},
				"south": {"uv": [15.5, 0, 16, 2.5], "texture": "#1"},
				"west": {"uv": [15.5, 0, 16, 2.5], "texture": "#1"},
				"up": {"uv": [15.5, 0, 16, 0.5], "texture": "#1"},
				"down": {"uv": [15.5, 0, 16, 0.5], "texture": "#1"}
			}
		}
	],
	"display": {
		"thirdperson_righthand": {
			"rotation": [60, 0, 0],
			"translation": [0, 1.5, 2],
			"scale": [0.2, 0.2, 0.2]
		},
		"thirdperson_lefthand": {
			"rotation": [60, 0, 0],
			"translation": [0, 1.5, 2],
			"scale": [0.2, 0.2, 0.2]
		},
		"firstperson_righthand": {
			"rotation": [0, 135, 0],
			"translation": [0, 6.5, 0],
			"scale": [0.2, 0.2, 0.2]
		},
		"firstperson_lefthand": {
			"rotation": [0, 135, 0],
			"translation": [0, 6.5, 0],
			"scale": [0.2, 0.2, 0.2]
		},
		"ground": {
			"translation": [0, 20, 0]
		},
		"gui": {
			"rotation": [30, 135, 0],
			"translation": [0, 11.5, 0]
		},
		"head": {
			"translation": [0, -7.5, 0],
			"scale": [1.5, 1.5, 1.5]
		},
		"fixed": {
			"translation": [0, 4, -1.5],
			"scale": [0.5, 0.5, 0.5]
		}
	},
	"groups": [
		{
			"name": "plate",
			"origin": [0, 0, 0],
			"color": 0,
			"children": [0, 1]
		},
		{
			"name": "group",
			"origin": [0, 0, 0],
			"color": 0,
			"children": [2, 3, 4, 5, 6]
		},
		{
			"name": "group",
			"origin": [0, 0, 0],
			"color": 0,
			"children": [7,
				{
					"name": "group",
					"origin": [0, 0, 0],
					"color": 0,
					"children": [8, 9, 10, 11, 12]
				}, 13, 14, 15, 16]
		},
		{
			"name": "group",
			"origin": [0, 0, 0],
			"color": 0,
			"children": [17, 18, 19, 20, 21]
		},
		{
			"name": "group",
			"origin": [0, 0, 0],
			"color": 0,
			"children": [22, 23, 24, 25, 26]
		}
	]
}