{
	"credit": "Made with Blockbench",
	"texture_size": [64, 64],
	"textures": {
		"1": "item/foxgirl/foxgirl1",
		"3": "item/model_plate/model_plate_foxgirl_1",
		"particle": "item/foxgirl/foxgirl1"
	},
	"elements": [
		{
			"from": [1, -15, 1],
			"to": [15, -14, 15],
			"rotation": {"angle": 0, "axis": "y", "origin": [0, -14, 0]},
			"faces": {
				"north": {"uv": [1, 1, 15, 2], "texture": "#3"},
				"east": {"uv": [1, 1, 15, 2], "texture": "#3"},
				"south": {"uv": [1, 1, 15, 2], "texture": "#3"},
				"west": {"uv": [1, 1, 15, 2], "texture": "#3"},
				"up": {"uv": [1, 1, 15, 15], "texture": "#3"},
				"down": {"uv": [0, 0, 3.5, 3.5], "texture": "#3"}
			}
		},
		{
			"from": [0, -16, 0],
			"to": [16, -15, 16],
			"rotation": {"angle": 0, "axis": "y", "origin": [0, -14, 0]},
			"faces": {
				"north": {"uv": [0, 0, 16, 0.75], "texture": "#3"},
				"east": {"uv": [0, 0, 16, 0.5], "texture": "#3"},
				"south": {"uv": [0, 0, 16, 0.75], "texture": "#3"},
				"west": {"uv": [0, 0, 16, 0.5], "texture": "#3"},
				"up": {"uv": [0, 0, 16, 16], "texture": "#3"},
				"down": {"uv": [0, 0, 16, 16], "texture": "#3"}
			}
		},
		{
			"from": [14.5, 5, 0.9],
			"to": [15, 13.1, 1.4],
			"rotation": {"angle": -22.5, "axis": "z", "origin": [13.5, 5, 1]},
			"faces": {
				"north": {"uv": [11.5, 8.25, 11.75, 12], "texture": "#1"},
				"east": {"uv": [11.5, 8.25, 11.75, 12], "texture": "#1"},
				"south": {"uv": [11.5, 8.25, 11.75, 12], "texture": "#1"},
				"west": {"uv": [11.5, 8.25, 11.75, 12], "texture": "#1"},
				"up": {"uv": [11.5, 8.25, 11.75, 8.5], "texture": "#1"},
				"down": {"uv": [11.5, 8.25, 11.75, 8.5], "texture": "#1"}
			}
		},
		{
			"from": [5.4, 3.5, 1],
			"to": [13.5, 4, 1.5],
			"rotation": {"angle": -22.5, "axis": "z", "origin": [13.5, 5, 1]},
			"faces": {
				"north": {"uv": [11.5, 8.25, 11.75, 12], "rotation": 90, "texture": "#1"},
				"east": {"uv": [11.5, 8.25, 11.75, 8.5], "rotation": 270, "texture": "#1"},
				"south": {"uv": [11.5, 8.25, 11.75, 12], "rotation": 270, "texture": "#1"},
				"west": {"uv": [11.5, 8.25, 11.75, 8.5], "rotation": 270, "texture": "#1"},
				"up": {"uv": [11.5, 8.25, 11.75, 12], "rotation": 270, "texture": "#1"},
				"down": {"uv": [11.5, 8.25, 11.75, 12], "rotation": 270, "texture": "#1"}
			}
		},
		{
			"from": [12, 5, 1],
			"to": [15, 13, 1],
			"rotation": {"angle": -22.5, "axis": "z", "origin": [13.5, 5, 1]},
			"faces": {
				"north": {"uv": [10.25, 8.25, 11.5, 12], "texture": "#1"},
				"east": {"uv": [0, 0, 0, 2], "texture": "#1"},
				"south": {"uv": [10.25, 8.25, 11.5, 12], "texture": "#1"},
				"west": {"uv": [0, 0, 0, 2], "texture": "#1"},
				"up": {"uv": [0, 0, 0.5, 0], "texture": "#1"},
				"down": {"uv": [0, 0, 0.5, 0], "texture": "#1"}
			}
		},
		{
			"from": [12, 5.25, 1.1],
			"to": [15, 13.25, 1.1],
			"rotation": {"angle": 0, "axis": "z", "origin": [13.5, 5, 1]},
			"faces": {
				"north": {"uv": [10.25, 8.25, 11.5, 12], "texture": "#1"},
				"east": {"uv": [0, 0, 0, 2], "texture": "#1"},
				"south": {"uv": [10.25, 8.25, 11.5, 12], "texture": "#1"},
				"west": {"uv": [0, 0, 0, 2], "texture": "#1"},
				"up": {"uv": [0, 0, 0.5, 0], "texture": "#1"},
				"down": {"uv": [0, 0, 0.5, 0], "texture": "#1"}
			}
		},
		{
			"from": [12, 5.5, 1.2],
			"to": [15, 13.5, 1.2],
			"rotation": {"angle": 22.5, "axis": "z", "origin": [13.5, 5, 1]},
			"faces": {
				"north": {"uv": [10.25, 8.25, 11.5, 12], "texture": "#1"},
				"east": {"uv": [0, 0, 0, 2], "texture": "#1"},
				"south": {"uv": [10.25, 8.25, 11.5, 12], "texture": "#1"},
				"west": {"uv": [0, 0, 0, 2], "texture": "#1"},
				"up": {"uv": [0, 0, 0.5, 0], "texture": "#1"},
				"down": {"uv": [0, 0, 0.5, 0], "texture": "#1"}
			}
		},
		{
			"from": [12, 5.25, 1.3],
			"to": [15, 13.25, 1.3],
			"rotation": {"angle": 45, "axis": "z", "origin": [13.5, 5, 1]},
			"faces": {
				"north": {"uv": [10.25, 8.25, 11.5, 12], "texture": "#1"},
				"east": {"uv": [0, 0, 0, 2], "texture": "#1"},
				"south": {"uv": [10.25, 8.25, 11.5, 12], "texture": "#1"},
				"west": {"uv": [0, 0, 0, 2], "texture": "#1"},
				"up": {"uv": [0, 0, 0.5, 0], "texture": "#1"},
				"down": {"uv": [0, 0, 0.5, 0], "texture": "#1"}
			}
		},
		{
			"from": [5.5, 3.5, 1.4],
			"to": [13.5, 6.5, 1.4],
			"rotation": {"angle": -22.5, "axis": "z", "origin": [13.5, 5, 1]},
			"faces": {
				"north": {"uv": [10.25, 8.25, 11.5, 12], "rotation": 90, "texture": "#1"},
				"east": {"uv": [0, 0, 0.5, 0], "rotation": 270, "texture": "#1"},
				"south": {"uv": [10.25, 8.25, 11.5, 12], "rotation": 270, "texture": "#1"},
				"west": {"uv": [0, 0, 0.5, 0], "rotation": 270, "texture": "#1"},
				"up": {"uv": [0, 0, 0, 2], "rotation": 270, "texture": "#1"},
				"down": {"uv": [0, 0, 0, 2], "rotation": 270, "texture": "#1"}
			}
		},
		{
			"name": "LL",
			"from": [2, -14, 8.6],
			"to": [5, -2, 11.6],
			"rotation": {"angle": 22.5, "axis": "y", "origin": [0, 0, 0]},
			"faces": {
				"north": {"uv": [5, 13, 6, 16], "texture": "#1"},
				"east": {"uv": [4, 13, 5, 16], "texture": "#1"},
				"south": {"uv": [7, 13, 8, 16], "texture": "#1"},
				"west": {"uv": [6, 13, 7, 16], "texture": "#1"},
				"up": {"uv": [5, 12, 6, 13], "texture": "#1"},
				"down": {"uv": [6, 12, 7, 13], "texture": "#1"}
			}
		},
		{
			"from": [1.9, -14, 8.3],
			"to": [5.1, -11, 11.7],
			"rotation": {"angle": 22.5, "axis": "y", "origin": [0, 0, 0]},
			"faces": {
				"north": {"uv": [5, 15.25, 6, 16], "texture": "#1"},
				"east": {"uv": [4, 15.25, 5, 16], "texture": "#1"},
				"south": {"uv": [7, 15.25, 8, 16], "texture": "#1"},
				"west": {"uv": [6, 15.25, 7, 16], "texture": "#1"},
				"up": {"uv": [6, 12, 7, 13], "texture": "#1"},
				"down": {"uv": [6, 12, 7, 13], "texture": "#1"}
			}
		},
		{
			"name": "RL",
			"from": [10.1, -14, 2.3],
			"to": [13.1, -2, 5.3],
			"rotation": {"angle": -22.5, "axis": "y", "origin": [0, 0, 0]},
			"faces": {
				"north": {"uv": [1, 5, 2, 8], "texture": "#1"},
				"east": {"uv": [0, 5, 1, 8], "texture": "#1"},
				"south": {"uv": [3, 5, 4, 8], "texture": "#1"},
				"west": {"uv": [2, 5, 3, 8], "texture": "#1"},
				"up": {"uv": [1, 4, 2, 5], "texture": "#1"},
				"down": {"uv": [2, 4, 3, 5], "texture": "#1"}
			}
		},
		{
			"from": [10, -14, 2],
			"to": [13.2, -11, 5.4],
			"rotation": {"angle": -22.5, "axis": "y", "origin": [0, 0, 0]},
			"faces": {
				"north": {"uv": [1, 7.25, 2, 8], "texture": "#1"},
				"east": {"uv": [0, 7.25, 1, 8], "texture": "#1"},
				"south": {"uv": [3, 7.25, 4, 8], "texture": "#1"},
				"west": {"uv": [2, 7.25, 2.75, 8], "texture": "#1"},
				"up": {"uv": [2, 4, 3, 5], "texture": "#1"},
				"down": {"uv": [2, 4, 3, 5], "texture": "#1"}
			}
		},
		{
			"name": "LA",
			"from": [-0.5, -2, 6.5],
			"to": [2.5, 10, 9.5],
			"rotation": {"angle": -22.5, "axis": "z", "origin": [2.5, 4, 8]},
			"faces": {
				"north": {"uv": [9, 13, 9.75, 16], "texture": "#1"},
				"east": {"uv": [8, 13, 9, 16], "texture": "#1"},
				"south": {"uv": [10.75, 13, 11.5, 16], "texture": "#1"},
				"west": {"uv": [9.75, 13, 10.75, 16], "texture": "#1"},
				"up": {"uv": [9, 12, 9.75, 13], "texture": "#1"},
				"down": {"uv": [9.75, 12, 10.5, 13], "texture": "#1"}
			}
		},
		{
			"name": "RA",
			"from": [12, 1, 0.5],
			"to": [15, 4, 4.5],
			"rotation": {"angle": 22.5, "axis": "x", "origin": [13.5, 4, 8]},
			"faces": {
				"north": {"uv": [11, 4, 11.75, 5], "rotation": 180, "texture": "#1"},
				"east": {"uv": [10, 7, 11, 8], "rotation": 90, "texture": "#1"},
				"south": {"uv": [11.75, 4, 12.5, 5], "texture": "#1"},
				"west": {"uv": [11.75, 7, 12.75, 8], "rotation": 270, "texture": "#1"},
				"up": {"uv": [12.75, 7, 13.5, 8], "texture": "#1"},
				"down": {"uv": [11, 7, 11.75, 8], "rotation": 180, "texture": "#1"}
			}
		},
		{
			"name": "RA",
			"from": [12, 1, 4.5],
			"to": [15, 9, 7.5],
			"rotation": {"angle": 22.5, "axis": "x", "origin": [13.5, 4, 8]},
			"faces": {
				"north": {"uv": [11, 5, 11.75, 7], "texture": "#1"},
				"east": {"uv": [10, 5, 11, 7], "texture": "#1"},
				"south": {"uv": [12.75, 5, 13.5, 7], "texture": "#1"},
				"west": {"uv": [11.75, 5, 12.75, 7], "texture": "#1"},
				"up": {"uv": [11, 4, 11.75, 5], "texture": "#1"},
				"down": {"uv": [11.75, 4, 12.5, 5], "texture": "#1"}
			}
		},
		{
			"from": [6, -3.5, 9],
			"to": [10, 0.5, 13],
			"rotation": {"angle": 22.5, "axis": "x", "origin": [8, -2, 11]},
			"faces": {
				"north": {"uv": [11.5, 15, 12.5, 16], "texture": "#1"},
				"east": {"uv": [11.5, 15, 12.5, 16], "texture": "#1"},
				"south": {"uv": [12, 15, 13, 16], "texture": "#1"},
				"west": {"uv": [12.5, 15, 13.5, 16], "texture": "#1"},
				"up": {"uv": [11.5, 15, 12.5, 16], "texture": "#1"},
				"down": {"uv": [11.5, 15, 12.5, 16], "texture": "#1"}
			}
		},
		{
			"from": [5.5, -4.5, 12],
			"to": [10.5, 0.5, 20],
			"rotation": {"angle": 0, "axis": "y", "origin": [6, -4, -7]},
			"faces": {
				"north": {"uv": [11.5, 15, 12.5, 16], "texture": "#1"},
				"east": {"uv": [11.5, 14, 12.5, 16], "rotation": 270, "texture": "#1"},
				"south": {"uv": [12, 15, 13, 16], "texture": "#1"},
				"west": {"uv": [13.5, 14, 12.5, 16], "rotation": 90, "texture": "#1"},
				"up": {"uv": [11.5, 16, 12.5, 14], "texture": "#1"},
				"down": {"uv": [11.5, 14, 12.5, 16], "texture": "#1"}
			}
		},
		{
			"from": [6, -3.5, 19],
			"to": [10, 0.5, 23],
			"rotation": {"angle": -22.5, "axis": "x", "origin": [8, -2, 21]},
			"faces": {
				"north": {"uv": [11.5, 13, 12.5, 14], "texture": "#1"},
				"east": {"uv": [11.5, 13, 12.5, 14], "rotation": 270, "texture": "#1"},
				"south": {"uv": [12, 13, 13, 14], "texture": "#1"},
				"west": {"uv": [12.5, 13, 13.5, 14], "rotation": 90, "texture": "#1"},
				"up": {"uv": [11.75, 13, 12.75, 14], "rotation": 180, "texture": "#1"},
				"down": {"uv": [12, 13, 13, 14], "texture": "#1"}
			}
		},
		{
			"from": [7, -1.5, 22.5],
			"to": [9, 0.5, 24.5],
			"rotation": {"angle": -22.5, "axis": "x", "origin": [8, -2, 24]},
			"faces": {
				"north": {"uv": [11.5, 13, 12.5, 14], "texture": "#1"},
				"east": {"uv": [11.5, 13, 12.5, 14], "rotation": 270, "texture": "#1"},
				"south": {"uv": [12, 13, 13, 14], "texture": "#1"},
				"west": {"uv": [12.5, 13, 13.5, 14], "rotation": 90, "texture": "#1"},
				"up": {"uv": [11.75, 13, 12.75, 14], "rotation": 180, "texture": "#1"},
				"down": {"uv": [12, 13, 13, 14], "texture": "#1"}
			}
		},
		{
			"name": "B",
			"from": [4.5, -2, 6.2],
			"to": [11.5, 10, 9.8],
			"faces": {
				"north": {"uv": [5, 5, 7, 8], "texture": "#1"},
				"east": {"uv": [4, 5, 5, 8], "texture": "#1"},
				"south": {"uv": [8, 5, 10, 8], "texture": "#1"},
				"west": {"uv": [7, 5, 8, 8], "texture": "#1"},
				"up": {"uv": [5, 4, 7, 5], "texture": "#1"},
				"down": {"uv": [7, 4, 9, 5], "texture": "#1"}
			}
		},
		{
			"from": [3.9, 3.6, 4.9],
			"to": [12.1, 7.6, 8.9],
			"rotation": {"angle": 45, "axis": "x", "origin": [8, 6.5, 7.2]},
			"faces": {
				"north": {"uv": [6.25, 5, 7, 5.75], "texture": "#1"},
				"east": {"uv": [6.25, 5, 7, 5.75], "texture": "#1"},
				"south": {"uv": [6.25, 5, 7, 5.75], "texture": "#1"},
				"west": {"uv": [6.25, 5, 7, 5.75], "texture": "#1"},
				"up": {"uv": [5, 5, 7, 5.75], "texture": "#1"},
				"down": {"uv": [5, 5.5, 7, 6.25], "texture": "#1"}
			}
		},
		{
			"from": [4.1, 2, 5.8],
			"to": [11.9, 10.1, 10.2],
			"faces": {
				"north": {"uv": [5, 5, 6.75, 7], "texture": "#1"},
				"east": {"uv": [4, 5, 5, 7], "texture": "#1"},
				"south": {"uv": [8, 5, 9.75, 7], "texture": "#1"},
				"west": {"uv": [7, 5, 8, 7], "texture": "#1"},
				"up": {"uv": [5, 4, 7, 5], "texture": "#1"},
				"down": {"uv": [7, 4, 8.75, 5], "texture": "#1"}
			}
		},
		{
			"from": [7, 5.4, 5.2],
			"to": [9, 8.4, 6.2],
			"rotation": {"angle": 45, "axis": "x", "origin": [8, 8.78571, 5.5]},
			"faces": {
				"north": {"uv": [5.75, 9.5, 6.25, 10.25], "texture": "#1"},
				"east": {"uv": [5.75, 9.5, 6, 10.25], "texture": "#1"},
				"south": {"uv": [0, 0, 0.5, 0.75], "texture": "#missing"},
				"west": {"uv": [6.25, 9.25, 6.5, 10], "texture": "#1"},
				"up": {"uv": [5.75, 9, 6.25, 9.25], "texture": "#1"},
				"down": {"uv": [5.75, 10, 6.25, 10.25], "texture": "#1"}
			}
		},
		{
			"from": [9, 6.4, 5.2],
			"to": [10, 9.4, 6.2],
			"rotation": {"angle": 45, "axis": "x", "origin": [8, 8.78571, 5.5]},
			"faces": {
				"north": {"uv": [5.5, 9.25, 5.75, 10], "texture": "#1"},
				"east": {"uv": [5.5, 9.25, 5.75, 10], "texture": "#1"},
				"south": {"uv": [0, 0, 0.25, 0.75], "texture": "#missing"},
				"west": {"uv": [5.5, 9.25, 5.75, 10], "texture": "#1"},
				"up": {"uv": [5.25, 9, 5.5, 9.25], "texture": "#1"},
				"down": {"uv": [5.5, 9.75, 5.75, 10], "texture": "#1"}
			}
		},
		{
			"from": [6, 6.4, 5.2],
			"to": [7, 9.4, 6.2],
			"rotation": {"angle": 45, "axis": "x", "origin": [8, 8.78571, 5.5]},
			"faces": {
				"north": {"uv": [6.25, 9.25, 6.5, 10], "texture": "#1"},
				"east": {"uv": [6.25, 9.25, 6.5, 10], "texture": "#1"},
				"south": {"uv": [0, 0, 0.25, 0.75], "texture": "#missing"},
				"west": {"uv": [6.25, 9.25, 6.5, 10], "texture": "#1"},
				"up": {"uv": [6.25, 9, 6.5, 9.25], "texture": "#1"},
				"down": {"uv": [6.25, 9.75, 6.5, 10], "texture": "#1"}
			}
		},
		{
			"from": [5, 7.4, 5.2],
			"to": [6, 9.4, 6.2],
			"rotation": {"angle": 45, "axis": "x", "origin": [8, 8.78571, 5.5]},
			"faces": {
				"north": {"uv": [6.5, 9.25, 6.75, 9.75], "texture": "#1"},
				"east": {"uv": [0, 0, 0.25, 0.5], "texture": "#missing"},
				"south": {"uv": [0, 0, 0.25, 0.5], "texture": "#missing"},
				"west": {"uv": [6.5, 9.25, 6.75, 9.75], "texture": "#1"},
				"up": {"uv": [6.75, 9, 7, 9.25], "texture": "#1"},
				"down": {"uv": [6.5, 9.5, 6.75, 9.75], "texture": "#1"}
			}
		},
		{
			"from": [10, 7.4, 5.2],
			"to": [11, 9.4, 6.2],
			"rotation": {"angle": 45, "axis": "x", "origin": [8, 8.78571, 5.5]},
			"faces": {
				"north": {"uv": [5.25, 9.25, 5.5, 9.75], "texture": "#1"},
				"east": {"uv": [5.25, 9.25, 5.5, 9.75], "texture": "#1"},
				"south": {"uv": [0, 0, 0.25, 0.5], "texture": "#missing"},
				"west": {"uv": [0, 0, 0.25, 0.5], "texture": "#missing"},
				"up": {"uv": [5, 9, 5.25, 9.25], "texture": "#1"},
				"down": {"uv": [5.25, 9.5, 5.5, 9.75], "texture": "#1"}
			}
		},
		{
			"from": [11, 8.4, 5.2],
			"to": [12, 9.4, 6.2],
			"rotation": {"angle": 45, "axis": "x", "origin": [8, 8.78571, 5.5]},
			"faces": {
				"north": {"uv": [5, 9.25, 5.25, 9.5], "texture": "#1"},
				"east": {"uv": [5, 9.25, 5.25, 9.5], "texture": "#1"},
				"south": {"uv": [0, 0, 0.25, 0.25], "texture": "#missing"},
				"west": {"uv": [0, 0, 0.25, 0.25], "texture": "#missing"},
				"up": {"uv": [4.75, 9, 5, 9.25], "texture": "#1"},
				"down": {"uv": [5.25, 9.5, 5.5, 9.75], "texture": "#1"}
			}
		},
		{
			"from": [4, 8.4, 5.2],
			"to": [5, 9.4, 6.2],
			"rotation": {"angle": 45, "axis": "x", "origin": [8, 8.78571, 5.5]},
			"faces": {
				"north": {"uv": [6.75, 9.25, 7, 9.5], "texture": "#1"},
				"east": {"uv": [0, 0, 0.25, 0.25], "texture": "#missing"},
				"south": {"uv": [0, 0, 0.25, 0.25], "texture": "#missing"},
				"west": {"uv": [6.75, 9.25, 7, 9.5], "texture": "#1"},
				"up": {"uv": [7, 9, 7.25, 9.25], "texture": "#1"},
				"down": {"uv": [6.75, 9.25, 7, 9.5], "texture": "#1"}
			}
		},
		{
			"from": [3, 9.4, 5.7],
			"to": [7, 10.4, 10.3],
			"faces": {
				"north": {"uv": [5.75, 11.75, 6.75, 12], "texture": "#1"},
				"east": {"uv": [5, 10.5, 6.15, 10.75], "texture": "#1"},
				"south": {"uv": [6, 10.75, 7, 11], "texture": "#1"},
				"west": {"uv": [5.75, 10.5, 6.9, 10.75], "texture": "#1"},
				"up": {"uv": [6, 10.75, 7, 11.9], "texture": "#1"},
				"down": {"uv": [6, 10.75, 7, 12], "texture": "#1"}
			}
		},
		{
			"from": [9, 9.4, 5.7],
			"to": [13, 10.4, 10.3],
			"faces": {
				"north": {"uv": [6, 11.75, 7, 12], "texture": "#1"},
				"east": {"uv": [5, 10.5, 6.15, 10.75], "texture": "#1"},
				"south": {"uv": [5, 10.75, 6, 11], "texture": "#1"},
				"west": {"uv": [5.75, 10.5, 6.9, 10.75], "texture": "#1"},
				"up": {"uv": [5, 10.75, 6, 11.9], "texture": "#1"},
				"down": {"uv": [5, 10.75, 6, 11.9], "texture": "#1"}
			}
		},
		{
			"from": [3.1, 6, 10],
			"to": [12.9, 10, 11],
			"rotation": {"angle": -22.5, "axis": "x", "origin": [8, 8.5, 10.5]},
			"faces": {
				"north": {"uv": [7.25, 9, 10, 10], "texture": "#1"},
				"east": {"uv": [9.75, 9, 10, 10], "texture": "#1"},
				"south": {"uv": [7.25, 9, 10, 10], "texture": "#1"},
				"west": {"uv": [7.25, 9, 7.5, 10], "texture": "#1"},
				"up": {"uv": [7.25, 9, 10, 9.25], "texture": "#1"},
				"down": {"uv": [7.25, 9.75, 10, 10], "texture": "#1"}
			}
		},
		{
			"from": [7.1, 4.6, 3.2],
			"to": [8.1, 6.6, 4.2],
			"faces": {
				"north": {"uv": [0, 0, 0.25, 0.5], "texture": "#1"},
				"east": {"uv": [0, 0, 0.25, 0.5], "texture": "#1"},
				"south": {"uv": [0, 0, 0.25, 0.5], "texture": "#1"},
				"west": {"uv": [0, 0, 0.25, 0.5], "texture": "#1"},
				"up": {"uv": [0, 0, 0.25, 0.25], "texture": "#1"},
				"down": {"uv": [0, 0, 0.25, 0.25], "texture": "#1"}
			}
		},
		{
			"from": [7.9, 3.6, 3.1],
			"to": [8.9, 6.6, 4.1],
			"faces": {
				"north": {"uv": [0, 0, 0.25, 0.75], "texture": "#1"},
				"east": {"uv": [0, 0, 0.25, 0.75], "texture": "#1"},
				"south": {"uv": [0, 0, 0.25, 0.75], "texture": "#1"},
				"west": {"uv": [0, 0, 0.25, 0.75], "texture": "#1"},
				"up": {"uv": [0, 0, 0.25, 0.25], "texture": "#1"},
				"down": {"uv": [0, 0, 0.25, 0.25], "texture": "#1"}
			}
		},
		{
			"from": [4, 0, 6],
			"to": [12, 1, 10],
			"rotation": {"angle": 0, "axis": "y", "origin": [8, 0, 8]},
			"faces": {
				"north": {"uv": [0.25, 9.25, 2.25, 9.5], "texture": "#1"},
				"east": {"uv": [0.75, 9.25, 1.75, 9.5], "texture": "#1"},
				"south": {"uv": [0.25, 8, 2.25, 8.25], "texture": "#1"},
				"west": {"uv": [0.75, 8, 1.75, 8.25], "texture": "#1"},
				"up": {"uv": [0.25, 8.25, 2.25, 9.25], "texture": "#1"},
				"down": {"uv": [0, 0, 2, 1], "texture": "#missing"}
			}
		},
		{
			"from": [4, -2.9, 5.8],
			"to": [12, 0.1, 6.8],
			"rotation": {"angle": 22.5, "axis": "x", "origin": [8, 0, 8]},
			"faces": {
				"north": {"uv": [0.25, 9.75, 2.25, 10.5], "texture": "#1"},
				"east": {"uv": [2, 9.75, 2.25, 10.5], "texture": "#1"},
				"south": {"uv": [0.25, 9.75, 2.25, 10.5], "texture": "#1"},
				"west": {"uv": [0.25, 9.75, 0.5, 10.5], "texture": "#1"},
				"up": {"uv": [0.25, 9.75, 2.25, 10], "texture": "#1"},
				"down": {"uv": [0.25, 9.75, 2.25, 10], "texture": "#1"}
			}
		},
		{
			"from": [4, -4.9, 6.8],
			"to": [12, -1.9, 7.8],
			"rotation": {"angle": 22.5, "axis": "x", "origin": [8, 0, 8]},
			"faces": {
				"north": {"uv": [0.25, 9.75, 2.25, 10.5], "texture": "#1"},
				"east": {"uv": [2, 9.75, 2.25, 10.5], "texture": "#1"},
				"south": {"uv": [0.25, 9.75, 2.25, 10.5], "texture": "#1"},
				"west": {"uv": [0.25, 9.75, 0.5, 10.5], "texture": "#1"},
				"up": {"uv": [0.25, 9.75, 2.25, 10], "texture": "#1"},
				"down": {"uv": [0.25, 9.75, 2.25, 10], "texture": "#1"}
			}
		},
		{
			"from": [4, -2.9, 9.2],
			"to": [12, 0.1, 10.2],
			"rotation": {"angle": -22.5, "axis": "x", "origin": [8, 0, 8]},
			"faces": {
				"north": {"uv": [0.25, 9.75, 2.25, 10.5], "texture": "#1"},
				"east": {"uv": [1, 9.75, 1.25, 10.5], "texture": "#1"},
				"south": {"uv": [0.25, 9.75, 2.25, 10.5], "texture": "#1"},
				"west": {"uv": [1.5, 9.75, 1.75, 10.5], "texture": "#1"},
				"up": {"uv": [0.25, 9.75, 2.25, 10], "texture": "#1"},
				"down": {"uv": [0.25, 10.25, 2.25, 10.5], "texture": "#1"}
			}
		},
		{
			"from": [4, -4.9, 8.2],
			"to": [12, -1.9, 9.2],
			"rotation": {"angle": -22.5, "axis": "x", "origin": [8, 0, 8]},
			"faces": {
				"north": {"uv": [0.25, 9.75, 2.25, 10.5], "texture": "#1"},
				"east": {"uv": [1, 9.75, 1.25, 10.5], "texture": "#1"},
				"south": {"uv": [0.25, 9.75, 2.25, 10.5], "texture": "#1"},
				"west": {"uv": [1.5, 9.75, 1.75, 10.5], "texture": "#1"},
				"up": {"uv": [0.25, 9.75, 2.25, 10], "texture": "#1"},
				"down": {"uv": [0.25, 10.25, 2.25, 10.5], "texture": "#1"}
			}
		},
		{
			"from": [3.9, -3.7, 6],
			"to": [4.9, -0.7, 10],
			"rotation": {"angle": -22.5, "axis": "z", "origin": [8, 0, 8]},
			"faces": {
				"north": {"uv": [1.5, 9.75, 1.75, 10.5], "texture": "#1"},
				"east": {"uv": [0.75, 9.75, 1.75, 10.5], "texture": "#1"},
				"south": {"uv": [1, 9.75, 1.25, 10.5], "texture": "#1"},
				"west": {"uv": [0.75, 9.75, 1.75, 10.5], "texture": "#1"},
				"up": {"uv": [0, 9.5, 0.25, 10.5], "texture": "#1"},
				"down": {"uv": [0, 9.5, 0.25, 10.5], "texture": "#1"}
			}
		},
		{
			"from": [4.9, -5.7, 6],
			"to": [5.9, -2.7, 10],
			"rotation": {"angle": -22.5, "axis": "z", "origin": [8, 0, 8]},
			"faces": {
				"north": {"uv": [1.5, 9.75, 1.75, 10.5], "texture": "#1"},
				"east": {"uv": [0.75, 9.75, 1.75, 10.5], "texture": "#1"},
				"south": {"uv": [1, 9.75, 1.25, 10.5], "texture": "#1"},
				"west": {"uv": [0.75, 9.75, 1.75, 10.5], "texture": "#1"},
				"up": {"uv": [0, 9.5, 0.25, 10.5], "texture": "#1"},
				"down": {"uv": [0, 9.5, 0.25, 10.5], "texture": "#1"}
			}
		},
		{
			"from": [11.1, -3.7, 6],
			"to": [12.1, -0.7, 10],
			"rotation": {"angle": 22.5, "axis": "z", "origin": [8, 0, 8]},
			"faces": {
				"north": {"uv": [1.5, 9.75, 1.75, 10.5], "texture": "#1"},
				"east": {"uv": [1, 9.75, 2, 10.5], "texture": "#1"},
				"south": {"uv": [1, 9.75, 1.25, 10.5], "texture": "#1"},
				"west": {"uv": [0.75, 9.75, 1.75, 10.5], "texture": "#1"},
				"up": {"uv": [0, 9.5, 0.25, 10.5], "texture": "#1"},
				"down": {"uv": [0, 9.5, 0.25, 10.5], "texture": "#1"}
			}
		},
		{
			"from": [10.1, -5.7, 6],
			"to": [11.1, -2.7, 10],
			"rotation": {"angle": 22.5, "axis": "z", "origin": [8, 0, 8]},
			"faces": {
				"north": {"uv": [1.5, 9.75, 1.75, 10.5], "texture": "#1"},
				"east": {"uv": [1, 9.75, 2, 10.5], "texture": "#1"},
				"south": {"uv": [1, 9.75, 1.25, 10.5], "texture": "#1"},
				"west": {"uv": [0.75, 9.75, 1.75, 10.5], "texture": "#1"},
				"up": {"uv": [0, 9.5, 0.25, 10.5], "texture": "#1"},
				"down": {"uv": [0, 9.5, 0.25, 10.5], "texture": "#1"}
			}
		},
		{
			"name": "H",
			"from": [4, 10, 4],
			"to": [12, 18, 12],
			"faces": {
				"north": {"uv": [2, 2, 4, 4], "texture": "#1"},
				"east": {"uv": [0, 2, 2, 4], "texture": "#1"},
				"south": {"uv": [6, 2, 8, 4], "texture": "#1"},
				"west": {"uv": [4, 2, 6, 4], "texture": "#1"},
				"up": {"uv": [2, 0, 4, 2], "texture": "#1"},
				"down": {"uv": [4, 0, 6, 2], "texture": "#1"}
			}
		},
		{
			"from": [3.5, 8, 3.9],
			"to": [12.5, 18, 5.9],
			"faces": {
				"north": {"uv": [9.75, 1.5, 12, 4], "texture": "#1"},
				"east": {"uv": [9.25, 1.25, 9.75, 3.75], "texture": "#1"},
				"south": {"uv": [0, 0.75, 2, 2], "texture": "#1"},
				"west": {"uv": [12, 1.5, 12.5, 4], "texture": "#1"},
				"up": {"uv": [0, 0.75, 2, 1.25], "texture": "#1"},
				"down": {"uv": [0, 0.75, 2, 1.25], "texture": "#1"}
			}
		},
		{
			"from": [5, 15, 2],
			"to": [5, 21, 8],
			"rotation": {"angle": 22.5, "axis": "y", "origin": [0, 0, 0]},
			"faces": {
				"north": {"uv": [0, 0, 0.25, 2], "texture": "#1"},
				"east": {"uv": [6, 0, 8, 2], "texture": "#1"},
				"south": {"uv": [0, 0, 0.25, 2], "texture": "#1"},
				"west": {"uv": [8, 0, 6, 2], "texture": "#1"},
				"up": {"uv": [0, 0, 0.25, 2], "texture": "#1"},
				"down": {"uv": [0, 0, 0.25, 2], "texture": "#1"}
			}
		},
		{
			"from": [5.75, 18, 7],
			"to": [6.75, 23, 8],
			"rotation": {"angle": -22.5, "axis": "y", "origin": [5.5, 19.7, 8.3]},
			"faces": {
				"north": {"uv": [0, 12.5, 0.25, 13.75], "texture": "#1"},
				"east": {"uv": [0, 12.5, 0.25, 13.75], "texture": "#1"},
				"south": {"uv": [0, 13.25, 0.25, 14.5], "texture": "#1"},
				"west": {"uv": [0, 12.25, 0.25, 13.5], "texture": "#1"},
				"up": {"uv": [0, 11.25, 0.25, 11.5], "texture": "#1"},
				"down": {"uv": [0.25, 15.25, 0.5, 15.5], "texture": "#1"}
			}
		},
		{
			"from": [4.75, 18, 7],
			"to": [5.75, 22, 8],
			"rotation": {"angle": -22.5, "axis": "y", "origin": [5.5, 19.7, 8.3]},
			"faces": {
				"north": {"uv": [0, 12.5, 0.25, 13.75], "texture": "#1"},
				"east": {"uv": [0, 12.5, 0.25, 13.75], "texture": "#1"},
				"south": {"uv": [0.25, 13, 0.5, 14.25], "texture": "#1"},
				"west": {"uv": [0, 12.25, 0.25, 13.5], "texture": "#1"},
				"up": {"uv": [0, 11.25, 0.25, 11.5], "texture": "#1"},
				"down": {"uv": [0.25, 15.25, 0.5, 15.5], "texture": "#1"}
			}
		},
		{
			"from": [3.75, 18, 7],
			"to": [4.75, 21, 8],
			"rotation": {"angle": -22.5, "axis": "y", "origin": [5.5, 19.7, 8.3]},
			"faces": {
				"north": {"uv": [0, 12.5, 0.25, 13.75], "texture": "#1"},
				"east": {"uv": [0, 12.5, 0.25, 13.75], "texture": "#1"},
				"south": {"uv": [0, 14, 0.25, 15.25], "texture": "#1"},
				"west": {"uv": [0, 11.25, 0.25, 12.5], "texture": "#1"},
				"up": {"uv": [0, 11.25, 0.25, 11.5], "texture": "#1"},
				"down": {"uv": [0.25, 15.25, 0.5, 15.5], "texture": "#1"}
			}
		},
		{
			"from": [5.25, 18, 6.5],
			"to": [6.25, 21, 7.5],
			"rotation": {"angle": -22.5, "axis": "y", "origin": [5.5, 19.7, 8.3]},
			"faces": {
				"north": {"uv": [2.75, 10.25, 3, 11], "texture": "#1"},
				"east": {"uv": [2.75, 10, 3, 10.75], "texture": "#1"},
				"south": {"uv": [2.5, 10, 2.75, 10.75], "texture": "#1"},
				"west": {"uv": [2.5, 10.25, 2.75, 11], "texture": "#1"},
				"up": {"uv": [2.5, 10, 2.75, 10.25], "texture": "#1"},
				"down": {"uv": [3, 10.25, 3.25, 10.5], "texture": "#1"}
			}
		},
		{
			"from": [4.25, 18, 6.5],
			"to": [5.25, 20, 7.5],
			"rotation": {"angle": -22.5, "axis": "y", "origin": [5.5, 19.7, 8.3]},
			"faces": {
				"north": {"uv": [2.75, 10.25, 3, 11], "texture": "#1"},
				"east": {"uv": [2.75, 10, 3, 10.75], "texture": "#1"},
				"south": {"uv": [2.5, 10, 2.75, 10.75], "texture": "#1"},
				"west": {"uv": [2.5, 10.25, 2.75, 11], "texture": "#1"},
				"up": {"uv": [2.5, 10, 2.75, 10.25], "texture": "#1"},
				"down": {"uv": [3, 10.25, 3.25, 10.5], "texture": "#1"}
			}
		},
		{
			"from": [9.25, 18, 7],
			"to": [10.25, 23, 8],
			"rotation": {"angle": 22.5, "axis": "y", "origin": [10.5, 19.7, 8.3]},
			"faces": {
				"north": {"uv": [0, 12.5, 0.25, 13.75], "texture": "#1"},
				"east": {"uv": [0, 12.5, 0.25, 13.75], "texture": "#1"},
				"south": {"uv": [0, 13.25, 0.25, 14.5], "texture": "#1"},
				"west": {"uv": [0, 12.25, 0.25, 13.5], "texture": "#1"},
				"up": {"uv": [0, 11.25, 0.25, 11.5], "texture": "#1"},
				"down": {"uv": [0.25, 15.25, 0.5, 15.5], "texture": "#1"}
			}
		},
		{
			"from": [10.25, 18, 7],
			"to": [11.25, 22, 8],
			"rotation": {"angle": 22.5, "axis": "y", "origin": [10.5, 19.7, 8.3]},
			"faces": {
				"north": {"uv": [0, 12.5, 0.25, 13.75], "texture": "#1"},
				"east": {"uv": [0, 12.5, 0.25, 13.75], "texture": "#1"},
				"south": {"uv": [0.25, 13, 0.5, 14.25], "texture": "#1"},
				"west": {"uv": [0, 12.25, 0.25, 13.5], "texture": "#1"},
				"up": {"uv": [0, 11.25, 0.25, 11.5], "texture": "#1"},
				"down": {"uv": [0.25, 15.25, 0.5, 15.5], "texture": "#1"}
			}
		},
		{
			"from": [11.25, 18, 7],
			"to": [12.25, 21, 8],
			"rotation": {"angle": 22.5, "axis": "y", "origin": [10.5, 19.7, 8.3]},
			"faces": {
				"north": {"uv": [0, 12.5, 0.25, 13.75], "texture": "#1"},
				"east": {"uv": [0, 12.5, 0.25, 13.75], "texture": "#1"},
				"south": {"uv": [0, 14, 0.25, 15.25], "texture": "#1"},
				"west": {"uv": [0, 11.25, 0.25, 12.5], "texture": "#1"},
				"up": {"uv": [0, 11.25, 0.25, 11.5], "texture": "#1"},
				"down": {"uv": [0.25, 15.25, 0.5, 15.5], "texture": "#1"}
			}
		},
		{
			"from": [9.75, 18, 6.5],
			"to": [10.75, 21, 7.5],
			"rotation": {"angle": 22.5, "axis": "y", "origin": [10.5, 19.7, 8.3]},
			"faces": {
				"north": {"uv": [2.75, 10.25, 3, 11], "texture": "#1"},
				"east": {"uv": [2.75, 10, 3, 10.75], "texture": "#1"},
				"south": {"uv": [2.5, 10, 2.75, 10.75], "texture": "#1"},
				"west": {"uv": [2.5, 10.25, 2.75, 11], "texture": "#1"},
				"up": {"uv": [2.5, 10, 2.75, 10.25], "texture": "#1"},
				"down": {"uv": [3, 10.25, 3.25, 10.5], "texture": "#1"}
			}
		},
		{
			"from": [10.75, 18, 6.5],
			"to": [11.75, 20, 7.5],
			"rotation": {"angle": 22.5, "axis": "y", "origin": [10.5, 19.7, 8.3]},
			"faces": {
				"north": {"uv": [2.75, 10.25, 3, 11], "texture": "#1"},
				"east": {"uv": [2.75, 10, 3, 10.75], "texture": "#1"},
				"south": {"uv": [2.5, 10, 2.75, 10.75], "texture": "#1"},
				"west": {"uv": [2.5, 10.25, 2.75, 11], "texture": "#1"},
				"up": {"uv": [2.5, 10, 2.75, 10.25], "texture": "#1"},
				"down": {"uv": [3, 10.25, 3.25, 10.5], "texture": "#1"}
			}
		},
		{
			"from": [5, 0, 11],
			"to": [11, 10, 12],
			"faces": {
				"north": {"uv": [0.5, 12, 2, 16], "texture": "#1"},
				"east": {"uv": [0, 12, 0.25, 16], "texture": "#1"},
				"south": {"uv": [0, 12, 1.5, 16], "texture": "#1"},
				"west": {"uv": [0, 12, 0.25, 16], "texture": "#1"},
				"up": {"uv": [0, 11.25, 1.5, 11.5], "texture": "#1"},
				"down": {"uv": [0, 15.75, 1.5, 16], "texture": "#1"}
			}
		},
		{
			"from": [4, 2, 11],
			"to": [5, 10, 12],
			"faces": {
				"north": {"uv": [2.25, 11.75, 2.5, 15.25], "texture": "#1"},
				"east": {"uv": [2.5, 11.75, 2.75, 15.25], "texture": "#1"},
				"south": {"uv": [1.5, 11.75, 1.75, 15.25], "texture": "#1"},
				"west": {"uv": [1.5, 12.5, 1.75, 16], "texture": "#1"},
				"up": {"uv": [1.5, 12, 1.75, 12.25], "texture": "#1"},
				"down": {"uv": [1, 11.25, 1.25, 11.5], "texture": "#1"}
			}
		},
		{
			"from": [11, 2, 11],
			"to": [12, 10, 12],
			"faces": {
				"north": {"uv": [2.25, 11.75, 2.5, 15.25], "texture": "#1"},
				"east": {"uv": [2.5, 11.75, 2.75, 15.25], "texture": "#1"},
				"south": {"uv": [1.5, 11.75, 1.75, 15.25], "texture": "#1"},
				"west": {"uv": [1.5, 12.5, 1.75, 16], "texture": "#1"},
				"up": {"uv": [1.5, 12, 1.75, 12.25], "texture": "#1"},
				"down": {"uv": [1, 11.25, 1.25, 11.5], "texture": "#1"}
			}
		}
	],
	"display": {
		"thirdperson_righthand": {
			"rotation": [60, 0, 0],
			"translation": [0, 1.5, 2],
			"scale": [0.2, 0.2, 0.2]
		},
		"thirdperson_lefthand": {
			"rotation": [60, 0, 0],
			"translation": [0, 1.5, 2],
			"scale": [0.2, 0.2, 0.2]
		},
		"firstperson_righthand": {
			"rotation": [0, 135, 0],
			"translation": [0, 6.5, 0],
			"scale": [0.2, 0.2, 0.2]
		},
		"firstperson_lefthand": {
			"rotation": [0, 135, 0],
			"translation": [0, 6.5, 0],
			"scale": [0.2, 0.2, 0.2]
		},
		"ground": {
			"translation": [0, 20, 0]
		},
		"gui": {
			"rotation": [30, 135, 0],
			"translation": [0, 11.5, 0]
		},
		"head": {
			"translation": [0, -7.5, 0],
			"scale": [1.5, 1.5, 1.5]
		},
		"fixed": {
			"translation": [0, 4, -1.5],
			"scale": [0.5, 0.5, 0.5]
		}
	},
	"groups": [
		{
			"name": "plate",
			"origin": [0, 0, 0],
			"color": 0,
			"children": [0, 1]
		},
		{
			"name": "Charactor",
			"origin": [8, 8, 8],
			"color": 0,
			"children": [
				{
					"name": "C",
					"origin": [8, 8, 8],
					"color": 0,
					"children": [2, 3, 4, 5, 6, 7, 8]
				},
				{
					"name": "LL",
					"origin": [0, 0, 0],
					"color": 0,
					"children": [9, 10]
				},
				{
					"name": "RL",
					"origin": [0, 0, 0],
					"color": 0,
					"children": [11, 12]
				},
				{
					"name": "LA",
					"origin": [8, 8, 8],
					"color": 0,
					"children": [13]
				},
				{
					"name": "RA",
					"origin": [13.5, 4, 8],
					"color": 0,
					"children": [14, 15]
				},
				{
					"name": "B",
					"origin": [0, 0, 0],
					"color": 0,
					"children": [
						{
							"name": "group",
							"origin": [0, 0, 0],
							"color": 0,
							"children": [16, 17, 18, 19]
						}, 20, 21, 22,
						{
							"name": "group",
							"origin": [0, 0, 0],
							"color": 0,
							"children": [23, 24, 25, 26, 27, 28, 29]
						}, 30, 31, 32,
						{
							"name": "group",
							"origin": [0, 0, 0],
							"color": 0,
							"children": [33, 34]
						},
						{
							"name": "S",
							"origin": [0, 0, 0],
							"color": 0,
							"children": [35, 36, 37, 38, 39, 40, 41, 42, 43]
						}
					]
				},
				{
					"name": "H",
					"origin": [0, 0, 0],
					"color": 0,
					"children": [44, 45, 46,
						{
							"name": "group",
							"origin": [0, 0, 0],
							"color": 0,
							"children": [47, 48, 49, 50, 51]
						},
						{
							"name": "group",
							"origin": [0, 0, 0],
							"color": 0,
							"children": [52, 53, 54, 55, 56]
						},
						{
							"name": "group",
							"origin": [0, 0, 0],
							"color": 0,
							"children": [57, 58, 59]
						}
					]
				}
			]
		}
	]
}