{
	"credit": "Made with Blockbench",
	"texture_size": [64, 64],
	"textures": {
		"1": "item/foxgirl/foxgirl3",
		"particle": "item/foxgirl/foxgirl3"
	},
	"elements": [
		{
			"name": "RA",
			"from": [6.5, 18, 6.5],
			"to": [9.5, 22, 9.5],
			"rotation": {"angle": 0, "axis": "x", "origin": [13.5, 4, 8]},
			"faces": {
				"north": {"uv": [11, 7, 11.75, 8], "texture": "#1"},
				"east": {"uv": [10, 7, 11, 8], "texture": "#1"},
				"south": {"uv": [12.75, 7, 13.5, 8], "texture": "#1"},
				"west": {"uv": [11.75, 7, 12.75, 8], "texture": "#1"},
				"up": {"uv": [11, 4, 11.75, 5], "texture": "#1"},
				"down": {"uv": [11.75, 4, 12.5, 5], "texture": "#1"}
			}
		},
		{
			"name": "RA",
			"from": [6, 19, 6],
			"to": [10, 20, 10],
			"rotation": {"angle": 0, "axis": "y", "origin": [13.5, 4, 8]},
			"faces": {
				"north": {"uv": [11, 7.5, 11.75, 7.75], "texture": "#1"},
				"east": {"uv": [10, 7.5, 11, 7.75], "texture": "#1"},
				"south": {"uv": [12.75, 7.5, 13.5, 7.75], "texture": "#1"},
				"west": {"uv": [11.75, 7.5, 12.75, 7.75], "texture": "#1"},
				"up": {"uv": [11, 5.5, 11.75, 5.75], "texture": "#1"},
				"down": {"uv": [11.75, 5.5, 12.5, 5.75], "texture": "#1"}
			}
		},
		{
			"name": "RA",
			"from": [6, 12, 6],
			"to": [10, 13, 10],
			"rotation": {"angle": 0, "axis": "y", "origin": [13.5, 4, 8]},
			"faces": {
				"north": {"uv": [11, 7.5, 11.75, 7.75], "texture": "#1"},
				"east": {"uv": [10, 7.5, 11, 7.75], "texture": "#1"},
				"south": {"uv": [12.75, 7.5, 13.5, 7.75], "texture": "#1"},
				"west": {"uv": [11.75, 7.5, 12.75, 7.75], "texture": "#1"},
				"up": {"uv": [11, 5.5, 11.75, 5.75], "texture": "#1"},
				"down": {"uv": [11.75, 5.5, 12.5, 5.75], "texture": "#1"}
			}
		},
		{
			"name": "RA",
			"from": [6.5, 10, 6.5],
			"to": [9.5, 18, 9.5],
			"rotation": {"angle": 0, "axis": "x", "origin": [13.5, 4, 8]},
			"faces": {
				"north": {"uv": [12.75, 5, 13.5, 7], "rotation": 180, "texture": "#1"},
				"east": {"uv": [10, 5, 11, 7], "rotation": 180, "texture": "#1"},
				"south": {"uv": [11, 5, 11.75, 7], "rotation": 180, "texture": "#1"},
				"west": {"uv": [11.75, 5, 12.75, 7], "rotation": 180, "texture": "#1"},
				"up": {"uv": [11.75, 4, 12.5, 5], "texture": "#1"},
				"down": {"uv": [11, 4, 11.75, 5], "texture": "#1"}
			}
		},
		{
			"from": [9.5, 21, 7.9],
			"to": [10, 29.1, 8.4],
			"rotation": {"angle": -45, "axis": "z", "origin": [8.5, 21, 8]},
			"faces": {
				"north": {"uv": [11.5, 8.25, 11.75, 12], "texture": "#1"},
				"east": {"uv": [11.5, 8.25, 11.75, 12], "texture": "#1"},
				"south": {"uv": [11.5, 8.25, 11.75, 12], "texture": "#1"},
				"west": {"uv": [11.5, 8.25, 11.75, 12], "texture": "#1"},
				"up": {"uv": [11.5, 8.25, 11.75, 8.5], "texture": "#1"},
				"down": {"uv": [11.5, 8.25, 11.75, 8.5], "texture": "#1"}
			}
		},
		{
			"from": [0.4, 19.5, 8],
			"to": [8.5, 20, 8.5],
			"rotation": {"angle": -45, "axis": "z", "origin": [8.5, 21, 8]},
			"faces": {
				"north": {"uv": [11.5, 8.25, 11.75, 12], "rotation": 90, "texture": "#1"},
				"east": {"uv": [11.5, 8.25, 11.75, 8.5], "rotation": 270, "texture": "#1"},
				"south": {"uv": [11.5, 8.25, 11.75, 12], "rotation": 270, "texture": "#1"},
				"west": {"uv": [11.5, 8.25, 11.75, 8.5], "rotation": 270, "texture": "#1"},
				"up": {"uv": [11.5, 8.25, 11.75, 12], "rotation": 270, "texture": "#1"},
				"down": {"uv": [11.5, 8.25, 11.75, 12], "rotation": 270, "texture": "#1"}
			}
		},
		{
			"from": [7, 21, 8],
			"to": [10, 29, 8],
			"rotation": {"angle": -45, "axis": "z", "origin": [8.5, 21, 8]},
			"faces": {
				"north": {"uv": [10.25, 8.25, 11.5, 12], "texture": "#1"},
				"east": {"uv": [0, 0, 0, 2], "texture": "#1"},
				"south": {"uv": [10.25, 8.25, 11.5, 12], "texture": "#1"},
				"west": {"uv": [0, 0, 0, 2], "texture": "#1"},
				"up": {"uv": [0, 0, 0.5, 0], "texture": "#1"},
				"down": {"uv": [0, 0, 0.5, 0], "texture": "#1"}
			}
		},
		{
			"from": [7, 21.25, 8.1],
			"to": [10, 29.25, 8.1],
			"rotation": {"angle": -22.5, "axis": "z", "origin": [8.5, 21, 8]},
			"faces": {
				"north": {"uv": [10.25, 8.25, 11.5, 12], "texture": "#1"},
				"east": {"uv": [0, 0, 0, 2], "texture": "#1"},
				"south": {"uv": [10.25, 8.25, 11.5, 12], "texture": "#1"},
				"west": {"uv": [0, 0, 0, 2], "texture": "#1"},
				"up": {"uv": [0, 0, 0.5, 0], "texture": "#1"},
				"down": {"uv": [0, 0, 0.5, 0], "texture": "#1"}
			}
		},
		{
			"from": [7, 21.5, 8.2],
			"to": [10, 29.5, 8.2],
			"rotation": {"angle": 0, "axis": "z", "origin": [8.5, 21, 8]},
			"faces": {
				"north": {"uv": [10.25, 8.25, 11.5, 12], "texture": "#1"},
				"east": {"uv": [0, 0, 0, 2], "texture": "#1"},
				"south": {"uv": [10.25, 8.25, 11.5, 12], "texture": "#1"},
				"west": {"uv": [0, 0, 0, 2], "texture": "#1"},
				"up": {"uv": [0, 0, 0.5, 0], "texture": "#1"},
				"down": {"uv": [0, 0, 0.5, 0], "texture": "#1"}
			}
		},
		{
			"from": [7, 21.25, 8.3],
			"to": [10, 29.25, 8.3],
			"rotation": {"angle": 22.5, "axis": "z", "origin": [8.5, 21, 8]},
			"faces": {
				"north": {"uv": [10.25, 8.25, 11.5, 12], "texture": "#1"},
				"east": {"uv": [0, 0, 0, 2], "texture": "#1"},
				"south": {"uv": [10.25, 8.25, 11.5, 12], "texture": "#1"},
				"west": {"uv": [0, 0, 0, 2], "texture": "#1"},
				"up": {"uv": [0, 0, 0.5, 0], "texture": "#1"},
				"down": {"uv": [0, 0, 0.5, 0], "texture": "#1"}
			}
		},
		{
			"from": [0.5, 19.5, 8.4],
			"to": [8.5, 22.5, 8.4],
			"rotation": {"angle": -45, "axis": "z", "origin": [8.5, 21, 8]},
			"faces": {
				"north": {"uv": [10.25, 8.25, 11.5, 12], "rotation": 90, "texture": "#1"},
				"east": {"uv": [0, 0, 0.5, 0], "rotation": 270, "texture": "#1"},
				"south": {"uv": [10.25, 8.25, 11.5, 12], "rotation": 270, "texture": "#1"},
				"west": {"uv": [0, 0, 0.5, 0], "rotation": 270, "texture": "#1"},
				"up": {"uv": [0, 0, 0, 2], "rotation": 270, "texture": "#1"},
				"down": {"uv": [0, 0, 0, 2], "rotation": 270, "texture": "#1"}
			}
		}
	],
	"display": {
		"thirdperson_righthand": {
			"rotation": [60, 0, 0],
			"translation": [0, 1.5, 2],
			"scale": [0.2, 0.2, 0.2]
		},
		"thirdperson_lefthand": {
			"rotation": [60, 0, 0],
			"translation": [0, 1.5, 2],
			"scale": [0.2, 0.2, 0.2]
		},
		"firstperson_righthand": {
			"rotation": [0, 135, 0],
			"translation": [0, 6.5, 0],
			"scale": [0.2, 0.2, 0.2]
		},
		"firstperson_lefthand": {
			"rotation": [0, 135, 0],
			"translation": [0, 6.5, 0],
			"scale": [0.2, 0.2, 0.2]
		},
		"ground": {
			"translation": [0, 20, 0]
		},
		"gui": {
			"rotation": [30, 135, 0],
			"translation": [0, 11.5, 0]
		},
		"head": {
			"rotation": [-90, 90, 0],
			"translation": [0, -2.5, 4.5],
			"scale": [1.5, 1.5, 1.5]
		},
		"fixed": {
			"translation": [0, 4, -1.5],
			"scale": [0.5, 0.5, 0.5]
		}
	},
	"groups": [
		{
			"name": "Charactor",
			"origin": [8, 8, 8],
			"color": 0,
			"children": [
				{
					"name": "RA",
					"origin": [13.5, 4, 8],
					"color": 0,
					"children": [0, 1, 2, 3,
						{
							"name": "C",
							"origin": [8, 8, 8],
							"color": 0,
							"children": [4, 5, 6, 7, 8, 9, 10]
						}
					]
				}
			]
		}
	]
}