{
	"credit": "Made with Blockbench",
	"texture_size": [64, 64],
	"textures": {
		"1": "item/foxgirl/foxgirl1",
		"particle": "item/foxgirl/foxgirl1"
	},
	"elements": [
		{
			"from": [6, -3.5, 9],
			"to": [10, 0.5, 13],
			"rotation": {"angle": 22.5, "axis": "x", "origin": [8, -2, 11]},
			"faces": {
				"north": {"uv": [11.5, 15, 12.5, 16], "texture": "#1"},
				"east": {"uv": [11.5, 15, 12.5, 16], "texture": "#1"},
				"south": {"uv": [12, 15, 13, 16], "texture": "#1"},
				"west": {"uv": [12.5, 15, 13.5, 16], "texture": "#1"},
				"up": {"uv": [11.5, 15, 12.5, 16], "texture": "#1"},
				"down": {"uv": [11.5, 15, 12.5, 16], "texture": "#1"}
			}
		},
		{
			"from": [5.5, -4.5, 12],
			"to": [10.5, 0.5, 20],
			"rotation": {"angle": 0, "axis": "y", "origin": [6, -4, -7]},
			"faces": {
				"north": {"uv": [11.5, 15, 12.5, 16], "texture": "#1"},
				"east": {"uv": [11.5, 14, 12.5, 16], "rotation": 270, "texture": "#1"},
				"south": {"uv": [12, 15, 13, 16], "texture": "#1"},
				"west": {"uv": [13.5, 14, 12.5, 16], "rotation": 90, "texture": "#1"},
				"up": {"uv": [11.5, 16, 12.5, 14], "texture": "#1"},
				"down": {"uv": [11.5, 14, 12.5, 16], "texture": "#1"}
			}
		},
		{
			"from": [6, -3.5, 19],
			"to": [10, 0.5, 23],
			"rotation": {"angle": -22.5, "axis": "x", "origin": [8, -2, 21]},
			"faces": {
				"north": {"uv": [11.5, 13, 12.5, 14], "texture": "#1"},
				"east": {"uv": [11.5, 13, 12.5, 14], "rotation": 270, "texture": "#1"},
				"south": {"uv": [12, 13, 13, 14], "texture": "#1"},
				"west": {"uv": [12.5, 13, 13.5, 14], "rotation": 90, "texture": "#1"},
				"up": {"uv": [11.75, 13, 12.75, 14], "rotation": 180, "texture": "#1"},
				"down": {"uv": [12, 13, 13, 14], "texture": "#1"}
			}
		},
		{
			"from": [7, -1.5, 22.5],
			"to": [9, 0.5, 24.5],
			"rotation": {"angle": -22.5, "axis": "x", "origin": [8, -2, 24]},
			"faces": {
				"north": {"uv": [11.5, 13, 12.5, 14], "texture": "#1"},
				"east": {"uv": [11.5, 13, 12.5, 14], "rotation": 270, "texture": "#1"},
				"south": {"uv": [12, 13, 13, 14], "texture": "#1"},
				"west": {"uv": [12.5, 13, 13.5, 14], "rotation": 90, "texture": "#1"},
				"up": {"uv": [11.75, 13, 12.75, 14], "rotation": 180, "texture": "#1"},
				"down": {"uv": [12, 13, 13, 14], "texture": "#1"}
			}
		},
		{
			"name": "B",
			"from": [4.5, -2, 6.2],
			"to": [11.5, 10, 9.8],
			"faces": {
				"north": {"uv": [5, 5, 7, 8], "texture": "#1"},
				"east": {"uv": [4, 5, 5, 8], "texture": "#1"},
				"south": {"uv": [8, 5, 10, 8], "texture": "#1"},
				"west": {"uv": [7, 5, 8, 8], "texture": "#1"},
				"up": {"uv": [5, 4, 7, 5], "texture": "#1"},
				"down": {"uv": [7, 4, 9, 5], "texture": "#1"}
			}
		},
		{
			"from": [3.9, 3.6, 4.9],
			"to": [12.1, 7.6, 8.9],
			"rotation": {"angle": 45, "axis": "x", "origin": [8, 6.5, 7.2]},
			"faces": {
				"north": {"uv": [6.25, 5, 7, 5.75], "texture": "#1"},
				"east": {"uv": [6.25, 5, 7, 5.75], "texture": "#1"},
				"south": {"uv": [6.25, 5, 7, 5.75], "texture": "#1"},
				"west": {"uv": [6.25, 5, 7, 5.75], "texture": "#1"},
				"up": {"uv": [5, 5, 7, 5.75], "texture": "#1"},
				"down": {"uv": [5, 5.5, 7, 6.25], "texture": "#1"}
			}
		},
		{
			"from": [4.1, 2, 5.8],
			"to": [11.9, 10.1, 10.2],
			"faces": {
				"north": {"uv": [5, 5, 6.75, 7], "texture": "#1"},
				"east": {"uv": [4, 5, 5, 7], "texture": "#1"},
				"south": {"uv": [8, 5, 9.75, 7], "texture": "#1"},
				"west": {"uv": [7, 5, 8, 7], "texture": "#1"},
				"up": {"uv": [5, 4, 7, 5], "texture": "#1"},
				"down": {"uv": [7, 4, 8.75, 5], "texture": "#1"}
			}
		},
		{
			"from": [7, 5.4, 5.2],
			"to": [9, 8.4, 6.2],
			"rotation": {"angle": 45, "axis": "x", "origin": [8, 8.78571, 5.5]},
			"faces": {
				"north": {"uv": [5.75, 9.5, 6.25, 10.25], "texture": "#1"},
				"east": {"uv": [5.75, 9.5, 6, 10.25], "texture": "#1"},
				"south": {"uv": [0, 0, 0.5, 0.75], "texture": "#missing"},
				"west": {"uv": [6.25, 9.25, 6.5, 10], "texture": "#1"},
				"up": {"uv": [5.75, 9, 6.25, 9.25], "texture": "#1"},
				"down": {"uv": [5.75, 10, 6.25, 10.25], "texture": "#1"}
			}
		},
		{
			"from": [9, 6.4, 5.2],
			"to": [10, 9.4, 6.2],
			"rotation": {"angle": 45, "axis": "x", "origin": [8, 8.78571, 5.5]},
			"faces": {
				"north": {"uv": [5.5, 9.25, 5.75, 10], "texture": "#1"},
				"east": {"uv": [5.5, 9.25, 5.75, 10], "texture": "#1"},
				"south": {"uv": [0, 0, 0.25, 0.75], "texture": "#missing"},
				"west": {"uv": [5.5, 9.25, 5.75, 10], "texture": "#1"},
				"up": {"uv": [5.25, 9, 5.5, 9.25], "texture": "#1"},
				"down": {"uv": [5.5, 9.75, 5.75, 10], "texture": "#1"}
			}
		},
		{
			"from": [6, 6.4, 5.2],
			"to": [7, 9.4, 6.2],
			"rotation": {"angle": 45, "axis": "x", "origin": [8, 8.78571, 5.5]},
			"faces": {
				"north": {"uv": [6.25, 9.25, 6.5, 10], "texture": "#1"},
				"east": {"uv": [6.25, 9.25, 6.5, 10], "texture": "#1"},
				"south": {"uv": [0, 0, 0.25, 0.75], "texture": "#missing"},
				"west": {"uv": [6.25, 9.25, 6.5, 10], "texture": "#1"},
				"up": {"uv": [6.25, 9, 6.5, 9.25], "texture": "#1"},
				"down": {"uv": [6.25, 9.75, 6.5, 10], "texture": "#1"}
			}
		},
		{
			"from": [5, 7.4, 5.2],
			"to": [6, 9.4, 6.2],
			"rotation": {"angle": 45, "axis": "x", "origin": [8, 8.78571, 5.5]},
			"faces": {
				"north": {"uv": [6.5, 9.25, 6.75, 9.75], "texture": "#1"},
				"east": {"uv": [0, 0, 0.25, 0.5], "texture": "#missing"},
				"south": {"uv": [0, 0, 0.25, 0.5], "texture": "#missing"},
				"west": {"uv": [6.5, 9.25, 6.75, 9.75], "texture": "#1"},
				"up": {"uv": [6.75, 9, 7, 9.25], "texture": "#1"},
				"down": {"uv": [6.5, 9.5, 6.75, 9.75], "texture": "#1"}
			}
		},
		{
			"from": [10, 7.4, 5.2],
			"to": [11, 9.4, 6.2],
			"rotation": {"angle": 45, "axis": "x", "origin": [8, 8.78571, 5.5]},
			"faces": {
				"north": {"uv": [5.25, 9.25, 5.5, 9.75], "texture": "#1"},
				"east": {"uv": [5.25, 9.25, 5.5, 9.75], "texture": "#1"},
				"south": {"uv": [0, 0, 0.25, 0.5], "texture": "#missing"},
				"west": {"uv": [0, 0, 0.25, 0.5], "texture": "#missing"},
				"up": {"uv": [5, 9, 5.25, 9.25], "texture": "#1"},
				"down": {"uv": [5.25, 9.5, 5.5, 9.75], "texture": "#1"}
			}
		},
		{
			"from": [11, 8.4, 5.2],
			"to": [12, 9.4, 6.2],
			"rotation": {"angle": 45, "axis": "x", "origin": [8, 8.78571, 5.5]},
			"faces": {
				"north": {"uv": [5, 9.25, 5.25, 9.5], "texture": "#1"},
				"east": {"uv": [5, 9.25, 5.25, 9.5], "texture": "#1"},
				"south": {"uv": [0, 0, 0.25, 0.25], "texture": "#missing"},
				"west": {"uv": [0, 0, 0.25, 0.25], "texture": "#missing"},
				"up": {"uv": [4.75, 9, 5, 9.25], "texture": "#1"},
				"down": {"uv": [5.25, 9.5, 5.5, 9.75], "texture": "#1"}
			}
		},
		{
			"from": [4, 8.4, 5.2],
			"to": [5, 9.4, 6.2],
			"rotation": {"angle": 45, "axis": "x", "origin": [8, 8.78571, 5.5]},
			"faces": {
				"north": {"uv": [6.75, 9.25, 7, 9.5], "texture": "#1"},
				"east": {"uv": [0, 0, 0.25, 0.25], "texture": "#missing"},
				"south": {"uv": [0, 0, 0.25, 0.25], "texture": "#missing"},
				"west": {"uv": [6.75, 9.25, 7, 9.5], "texture": "#1"},
				"up": {"uv": [7, 9, 7.25, 9.25], "texture": "#1"},
				"down": {"uv": [6.75, 9.25, 7, 9.5], "texture": "#1"}
			}
		},
		{
			"from": [3, 9.4, 5.7],
			"to": [7, 10.4, 10.3],
			"faces": {
				"north": {"uv": [5.75, 11.75, 6.75, 12], "texture": "#1"},
				"east": {"uv": [5, 10.5, 6.15, 10.75], "texture": "#1"},
				"south": {"uv": [6, 10.75, 7, 11], "texture": "#1"},
				"west": {"uv": [5.75, 10.5, 6.9, 10.75], "texture": "#1"},
				"up": {"uv": [6, 10.75, 7, 11.9], "texture": "#1"},
				"down": {"uv": [6, 10.75, 7, 12], "texture": "#1"}
			}
		},
		{
			"from": [9, 9.4, 5.7],
			"to": [13, 10.4, 10.3],
			"faces": {
				"north": {"uv": [6, 11.75, 7, 12], "texture": "#1"},
				"east": {"uv": [5, 10.5, 6.15, 10.75], "texture": "#1"},
				"south": {"uv": [5, 10.75, 6, 11], "texture": "#1"},
				"west": {"uv": [5.75, 10.5, 6.9, 10.75], "texture": "#1"},
				"up": {"uv": [5, 10.75, 6, 11.9], "texture": "#1"},
				"down": {"uv": [5, 10.75, 6, 11.9], "texture": "#1"}
			}
		},
		{
			"from": [3.1, 6, 10],
			"to": [12.9, 10, 11],
			"rotation": {"angle": -22.5, "axis": "x", "origin": [8, 8.5, 10.5]},
			"faces": {
				"north": {"uv": [7.25, 9, 10, 10], "texture": "#1"},
				"east": {"uv": [9.75, 9, 10, 10], "texture": "#1"},
				"south": {"uv": [7.25, 9, 10, 10], "texture": "#1"},
				"west": {"uv": [7.25, 9, 7.5, 10], "texture": "#1"},
				"up": {"uv": [7.25, 9, 10, 9.25], "texture": "#1"},
				"down": {"uv": [7.25, 9.75, 10, 10], "texture": "#1"}
			}
		},
		{
			"from": [7.1, 4.6, 3.2],
			"to": [8.1, 6.6, 4.2],
			"faces": {
				"north": {"uv": [0, 0, 0.25, 0.5], "texture": "#1"},
				"east": {"uv": [0, 0, 0.25, 0.5], "texture": "#1"},
				"south": {"uv": [0, 0, 0.25, 0.5], "texture": "#1"},
				"west": {"uv": [0, 0, 0.25, 0.5], "texture": "#1"},
				"up": {"uv": [0, 0, 0.25, 0.25], "texture": "#1"},
				"down": {"uv": [0, 0, 0.25, 0.25], "texture": "#1"}
			}
		},
		{
			"from": [7.9, 3.6, 3.1],
			"to": [8.9, 6.6, 4.1],
			"faces": {
				"north": {"uv": [0, 0, 0.25, 0.75], "texture": "#1"},
				"east": {"uv": [0, 0, 0.25, 0.75], "texture": "#1"},
				"south": {"uv": [0, 0, 0.25, 0.75], "texture": "#1"},
				"west": {"uv": [0, 0, 0.25, 0.75], "texture": "#1"},
				"up": {"uv": [0, 0, 0.25, 0.25], "texture": "#1"},
				"down": {"uv": [0, 0, 0.25, 0.25], "texture": "#1"}
			}
		},
		{
			"from": [4, 0, 6],
			"to": [12, 1, 10],
			"rotation": {"angle": 0, "axis": "y", "origin": [8, 0, 8]},
			"faces": {
				"north": {"uv": [0.25, 9.25, 2.25, 9.5], "texture": "#1"},
				"east": {"uv": [0.75, 9.25, 1.75, 9.5], "texture": "#1"},
				"south": {"uv": [0.25, 8, 2.25, 8.25], "texture": "#1"},
				"west": {"uv": [0.75, 8, 1.75, 8.25], "texture": "#1"},
				"up": {"uv": [0.25, 8.25, 2.25, 9.25], "texture": "#1"},
				"down": {"uv": [0, 0, 2, 1], "texture": "#missing"}
			}
		},
		{
			"from": [4, -2.9, 5.8],
			"to": [12, 0.1, 6.8],
			"rotation": {"angle": 22.5, "axis": "x", "origin": [8, 0, 8]},
			"faces": {
				"north": {"uv": [0.25, 9.75, 2.25, 10.5], "texture": "#1"},
				"east": {"uv": [2, 9.75, 2.25, 10.5], "texture": "#1"},
				"south": {"uv": [0.25, 9.75, 2.25, 10.5], "texture": "#1"},
				"west": {"uv": [0.25, 9.75, 0.5, 10.5], "texture": "#1"},
				"up": {"uv": [0.25, 9.75, 2.25, 10], "texture": "#1"},
				"down": {"uv": [0.25, 9.75, 2.25, 10], "texture": "#1"}
			}
		},
		{
			"from": [4, -4.9, 6.8],
			"to": [12, -1.9, 7.8],
			"rotation": {"angle": 22.5, "axis": "x", "origin": [8, 0, 8]},
			"faces": {
				"north": {"uv": [0.25, 9.75, 2.25, 10.5], "texture": "#1"},
				"east": {"uv": [2, 9.75, 2.25, 10.5], "texture": "#1"},
				"south": {"uv": [0.25, 9.75, 2.25, 10.5], "texture": "#1"},
				"west": {"uv": [0.25, 9.75, 0.5, 10.5], "texture": "#1"},
				"up": {"uv": [0.25, 9.75, 2.25, 10], "texture": "#1"},
				"down": {"uv": [0.25, 9.75, 2.25, 10], "texture": "#1"}
			}
		},
		{
			"from": [4, -2.9, 9.2],
			"to": [12, 0.1, 10.2],
			"rotation": {"angle": -22.5, "axis": "x", "origin": [8, 0, 8]},
			"faces": {
				"north": {"uv": [0.25, 9.75, 2.25, 10.5], "texture": "#1"},
				"east": {"uv": [1, 9.75, 1.25, 10.5], "texture": "#1"},
				"south": {"uv": [0.25, 9.75, 2.25, 10.5], "texture": "#1"},
				"west": {"uv": [1.5, 9.75, 1.75, 10.5], "texture": "#1"},
				"up": {"uv": [0.25, 9.75, 2.25, 10], "texture": "#1"},
				"down": {"uv": [0.25, 10.25, 2.25, 10.5], "texture": "#1"}
			}
		},
		{
			"from": [4, -4.9, 8.2],
			"to": [12, -1.9, 9.2],
			"rotation": {"angle": -22.5, "axis": "x", "origin": [8, 0, 8]},
			"faces": {
				"north": {"uv": [0.25, 9.75, 2.25, 10.5], "texture": "#1"},
				"east": {"uv": [1, 9.75, 1.25, 10.5], "texture": "#1"},
				"south": {"uv": [0.25, 9.75, 2.25, 10.5], "texture": "#1"},
				"west": {"uv": [1.5, 9.75, 1.75, 10.5], "texture": "#1"},
				"up": {"uv": [0.25, 9.75, 2.25, 10], "texture": "#1"},
				"down": {"uv": [0.25, 10.25, 2.25, 10.5], "texture": "#1"}
			}
		},
		{
			"from": [3.9, -3.7, 6],
			"to": [4.9, -0.7, 10],
			"rotation": {"angle": -22.5, "axis": "z", "origin": [8, 0, 8]},
			"faces": {
				"north": {"uv": [1.5, 9.75, 1.75, 10.5], "texture": "#1"},
				"east": {"uv": [0.75, 9.75, 1.75, 10.5], "texture": "#1"},
				"south": {"uv": [1, 9.75, 1.25, 10.5], "texture": "#1"},
				"west": {"uv": [0.75, 9.75, 1.75, 10.5], "texture": "#1"},
				"up": {"uv": [0, 9.5, 0.25, 10.5], "texture": "#1"},
				"down": {"uv": [0, 9.5, 0.25, 10.5], "texture": "#1"}
			}
		},
		{
			"from": [4.9, -5.7, 6],
			"to": [5.9, -2.7, 10],
			"rotation": {"angle": -22.5, "axis": "z", "origin": [8, 0, 8]},
			"faces": {
				"north": {"uv": [1.5, 9.75, 1.75, 10.5], "texture": "#1"},
				"east": {"uv": [0.75, 9.75, 1.75, 10.5], "texture": "#1"},
				"south": {"uv": [1, 9.75, 1.25, 10.5], "texture": "#1"},
				"west": {"uv": [0.75, 9.75, 1.75, 10.5], "texture": "#1"},
				"up": {"uv": [0, 9.5, 0.25, 10.5], "texture": "#1"},
				"down": {"uv": [0, 9.5, 0.25, 10.5], "texture": "#1"}
			}
		},
		{
			"from": [11.1, -3.7, 6],
			"to": [12.1, -0.7, 10],
			"rotation": {"angle": 22.5, "axis": "z", "origin": [8, 0, 8]},
			"faces": {
				"north": {"uv": [1.5, 9.75, 1.75, 10.5], "texture": "#1"},
				"east": {"uv": [1, 9.75, 2, 10.5], "texture": "#1"},
				"south": {"uv": [1, 9.75, 1.25, 10.5], "texture": "#1"},
				"west": {"uv": [0.75, 9.75, 1.75, 10.5], "texture": "#1"},
				"up": {"uv": [0, 9.5, 0.25, 10.5], "texture": "#1"},
				"down": {"uv": [0, 9.5, 0.25, 10.5], "texture": "#1"}
			}
		},
		{
			"from": [10.1, -5.7, 6],
			"to": [11.1, -2.7, 10],
			"rotation": {"angle": 22.5, "axis": "z", "origin": [8, 0, 8]},
			"faces": {
				"north": {"uv": [1.5, 9.75, 1.75, 10.5], "texture": "#1"},
				"east": {"uv": [1, 9.75, 2, 10.5], "texture": "#1"},
				"south": {"uv": [1, 9.75, 1.25, 10.5], "texture": "#1"},
				"west": {"uv": [0.75, 9.75, 1.75, 10.5], "texture": "#1"},
				"up": {"uv": [0, 9.5, 0.25, 10.5], "texture": "#1"},
				"down": {"uv": [0, 9.5, 0.25, 10.5], "texture": "#1"}
			}
		}
	],
	"display": {
		"thirdperson_righthand": {
			"rotation": [60, 0, 0],
			"translation": [0, 1.5, 2],
			"scale": [0.2, 0.2, 0.2]
		},
		"thirdperson_lefthand": {
			"rotation": [60, 0, 0],
			"translation": [0, 1.5, 2],
			"scale": [0.2, 0.2, 0.2]
		},
		"firstperson_righthand": {
			"rotation": [0, 135, 0],
			"translation": [0, 6.5, 0],
			"scale": [0.2, 0.2, 0.2]
		},
		"firstperson_lefthand": {
			"rotation": [0, 135, 0],
			"translation": [0, 6.5, 0],
			"scale": [0.2, 0.2, 0.2]
		},
		"ground": {
			"translation": [0, 20, 0]
		},
		"gui": {
			"rotation": [30, 135, 0],
			"translation": [0, 11.5, 0]
		},
		"head": {
			"translation": [0, -7.5, 0],
			"scale": [1.5, 1.5, 1.5]
		},
		"fixed": {
			"translation": [0, 4, -1.5],
			"scale": [0.5, 0.5, 0.5]
		}
	},
	"groups": [
		{
			"name": "Charactor",
			"origin": [8, 8, 8],
			"color": 0,
			"children": [
				{
					"name": "B",
					"origin": [0, 0, 0],
					"color": 0,
					"children": [
						{
							"name": "group",
							"origin": [0, 0, 0],
							"color": 0,
							"children": [0, 1, 2, 3]
						}, 4, 5, 6,
						{
							"name": "group",
							"origin": [0, 0, 0],
							"color": 0,
							"children": [7, 8, 9, 10, 11, 12, 13]
						}, 14, 15, 16,
						{
							"name": "group",
							"origin": [0, 0, 0],
							"color": 0,
							"children": [17, 18]
						},
						{
							"name": "S",
							"origin": [0, 0, 0],
							"color": 0,
							"children": [19, 20, 21, 22, 23, 24, 25, 26, 27]
						}
					]
				}
			]
		}
	]
}