{
	"credit": "Made with Blockbench",
	"texture_size": [64, 64],
	"textures": {
		"1": "item/foxgirl/foxgirl3",
		"particle": "item/foxgirl/foxgirl3"
	},
	"elements": [
		{
			"name": "LA",
			"from": [6.5, 9.5, -3],
			"to": [9.5, 12.5, 9],
			"rotation": {"angle": 0, "axis": "x", "origin": [2, 4, 8]},
			"faces": {
				"north": {"uv": [9.75, 12, 10.5, 13], "rotation": 180, "texture": "#1"},
				"east": {"uv": [8, 13, 9, 16], "rotation": 270, "texture": "#1"},
				"south": {"uv": [9, 12, 9.75, 13], "texture": "#1"},
				"west": {"uv": [9.75, 13, 10.75, 16], "rotation": 90, "texture": "#1"},
				"up": {"uv": [9, 13, 9.75, 16], "rotation": 180, "texture": "#1"},
				"down": {"uv": [10.75, 13, 11.5, 16], "texture": "#1"}
			}
		},
		{
			"name": "LA",
			"from": [6, 9, -1],
			"to": [10, 13, 0],
			"rotation": {"angle": 0, "axis": "y", "origin": [2, 4, 8]},
			"faces": {
				"north": {"uv": [9.75, 13.5, 10.5, 13.75], "rotation": 180, "texture": "#1"},
				"east": {"uv": [8, 13.5, 9, 13.75], "rotation": 270, "texture": "#1"},
				"south": {"uv": [9, 13.5, 9.75, 13.75], "texture": "#1"},
				"west": {"uv": [9.75, 13.5, 10.75, 13.75], "rotation": 90, "texture": "#1"},
				"up": {"uv": [9, 13.5, 9.75, 13.75], "rotation": 180, "texture": "#1"},
				"down": {"uv": [10.75, 13.5, 11.5, 13.75], "texture": "#1"}
			}
		},
		{
			"name": "LA",
			"from": [6, 9, 6],
			"to": [10, 13, 7],
			"rotation": {"angle": 0, "axis": "y", "origin": [2, 4, 8]},
			"faces": {
				"north": {"uv": [9.75, 13.5, 10.5, 13.75], "rotation": 180, "texture": "#1"},
				"east": {"uv": [8, 13.5, 9, 13.75], "rotation": 270, "texture": "#1"},
				"south": {"uv": [9, 13.5, 9.75, 13.75], "texture": "#1"},
				"west": {"uv": [9.75, 13.5, 10.75, 13.75], "rotation": 90, "texture": "#1"},
				"up": {"uv": [9, 13.5, 9.75, 13.75], "rotation": 180, "texture": "#1"},
				"down": {"uv": [10.75, 13.5, 11.5, 13.75], "texture": "#1"}
			}
		}
	],
	"display": {
		"thirdperson_righthand": {
			"rotation": [60, 0, 0],
			"translation": [0, 1.5, 2],
			"scale": [0.2, 0.2, 0.2]
		},
		"thirdperson_lefthand": {
			"rotation": [60, 0, 0],
			"translation": [0, 1.5, 2],
			"scale": [0.2, 0.2, 0.2]
		},
		"firstperson_righthand": {
			"rotation": [0, 135, 0],
			"translation": [0, 6.5, 0],
			"scale": [0.2, 0.2, 0.2]
		},
		"firstperson_lefthand": {
			"rotation": [0, 135, 0],
			"translation": [0, 6.5, 0],
			"scale": [0.2, 0.2, 0.2]
		},
		"ground": {
			"translation": [0, 20, 0]
		},
		"gui": {
			"rotation": [30, 135, 0],
			"translation": [0, 11.5, 0]
		},
		"head": {
			"translation": [0, -7.5, 0],
			"scale": [1.5, 1.5, 1.5]
		},
		"fixed": {
			"translation": [0, 4, -1.5],
			"scale": [0.5, 0.5, 0.5]
		}
	},
	"groups": [
		{
			"name": "Charactor",
			"origin": [8, 8, 8],
			"color": 0,
			"children": [
				{
					"name": "LA",
					"origin": [8, 8, 8],
					"color": 0,
					"children": [0, 1, 2]
				}
			]
		}
	]
}