{
	"credit": "Made with Blockbench",
	"texture_size": [64, 64],
	"textures": {
		"1": "item/foxgirl/foxgirl3",
		"3": "item/model_plate/model_plate_foxgirl_2",
		"particle": "item/foxgirl/foxgirl3"
	},
	"elements": [
		{
			"from": [1, -15, 1],
			"to": [15, -14, 15],
			"rotation": {"angle": 0, "axis": "y", "origin": [0, -14, 0]},
			"faces": {
				"north": {"uv": [1, 1, 15, 2], "texture": "#3"},
				"east": {"uv": [1, 1, 15, 2], "texture": "#3"},
				"south": {"uv": [1, 1, 15, 2], "texture": "#3"},
				"west": {"uv": [1, 1, 15, 2], "texture": "#3"},
				"up": {"uv": [1, 1, 15, 15], "texture": "#3"},
				"down": {"uv": [0, 0, 3.5, 3.5], "texture": "#3"}
			}
		},
		{
			"from": [0, -16, 0],
			"to": [16, -15, 16],
			"rotation": {"angle": 0, "axis": "y", "origin": [0, -14, 0]},
			"faces": {
				"north": {"uv": [0, 0, 16, 0.75], "texture": "#3"},
				"east": {"uv": [0, 0, 16, 0.5], "texture": "#3"},
				"south": {"uv": [0, 0, 16, 0.75], "texture": "#3"},
				"west": {"uv": [0, 0, 16, 0.5], "texture": "#3"},
				"up": {"uv": [0, 0, 16, 16], "texture": "#3"},
				"down": {"uv": [0, 0, 16, 16], "texture": "#3"}
			}
		},
		{
			"from": [14.5, 6, 0.9],
			"to": [15, 14.1, 1.4],
			"rotation": {"angle": -22.5, "axis": "z", "origin": [13.5, 6, 1]},
			"faces": {
				"north": {"uv": [11.5, 8.25, 11.75, 12], "texture": "#1"},
				"east": {"uv": [11.5, 8.25, 11.75, 12], "texture": "#1"},
				"south": {"uv": [11.5, 8.25, 11.75, 12], "texture": "#1"},
				"west": {"uv": [11.5, 8.25, 11.75, 12], "texture": "#1"},
				"up": {"uv": [11.5, 8.25, 11.75, 8.5], "texture": "#1"},
				"down": {"uv": [11.5, 8.25, 11.75, 8.5], "texture": "#1"}
			}
		},
		{
			"from": [5.4, 4.5, 1],
			"to": [13.5, 5, 1.5],
			"rotation": {"angle": -22.5, "axis": "z", "origin": [13.5, 6, 1]},
			"faces": {
				"north": {"uv": [11.5, 8.25, 11.75, 12], "rotation": 90, "texture": "#1"},
				"east": {"uv": [11.5, 8.25, 11.75, 8.5], "rotation": 270, "texture": "#1"},
				"south": {"uv": [11.5, 8.25, 11.75, 12], "rotation": 270, "texture": "#1"},
				"west": {"uv": [11.5, 8.25, 11.75, 8.5], "rotation": 270, "texture": "#1"},
				"up": {"uv": [11.5, 8.25, 11.75, 12], "rotation": 270, "texture": "#1"},
				"down": {"uv": [11.5, 8.25, 11.75, 12], "rotation": 270, "texture": "#1"}
			}
		},
		{
			"from": [12, 6, 1],
			"to": [15, 14, 1],
			"rotation": {"angle": -22.5, "axis": "z", "origin": [13.5, 6, 1]},
			"faces": {
				"north": {"uv": [10.25, 8.25, 11.5, 12], "texture": "#1"},
				"east": {"uv": [0, 0, 0, 2], "texture": "#1"},
				"south": {"uv": [10.25, 8.25, 11.5, 12], "texture": "#1"},
				"west": {"uv": [0, 0, 0, 2], "texture": "#1"},
				"up": {"uv": [0, 0, 0.5, 0], "texture": "#1"},
				"down": {"uv": [0, 0, 0.5, 0], "texture": "#1"}
			}
		},
		{
			"from": [12, 6.25, 1.1],
			"to": [15, 14.25, 1.1],
			"rotation": {"angle": 0, "axis": "y", "origin": [13.5, 6, 1]},
			"faces": {
				"north": {"uv": [10.25, 8.25, 11.5, 12], "texture": "#1"},
				"east": {"uv": [0, 0, 0, 2], "texture": "#1"},
				"south": {"uv": [10.25, 8.25, 11.5, 12], "texture": "#1"},
				"west": {"uv": [0, 0, 0, 2], "texture": "#1"},
				"up": {"uv": [0, 0, 0.5, 0], "texture": "#1"},
				"down": {"uv": [0, 0, 0.5, 0], "texture": "#1"}
			}
		},
		{
			"from": [12, 6.5, 1.2],
			"to": [15, 14.5, 1.2],
			"rotation": {"angle": 22.5, "axis": "z", "origin": [13.5, 6, 1]},
			"faces": {
				"north": {"uv": [10.25, 8.25, 11.5, 12], "texture": "#1"},
				"east": {"uv": [0, 0, 0, 2], "texture": "#1"},
				"south": {"uv": [10.25, 8.25, 11.5, 12], "texture": "#1"},
				"west": {"uv": [0, 0, 0, 2], "texture": "#1"},
				"up": {"uv": [0, 0, 0.5, 0], "texture": "#1"},
				"down": {"uv": [0, 0, 0.5, 0], "texture": "#1"}
			}
		},
		{
			"from": [12, 6.25, 1.3],
			"to": [15, 14.25, 1.3],
			"rotation": {"angle": 45, "axis": "z", "origin": [13.5, 6, 1]},
			"faces": {
				"north": {"uv": [10.25, 8.25, 11.5, 12], "texture": "#1"},
				"east": {"uv": [0, 0, 0, 2], "texture": "#1"},
				"south": {"uv": [10.25, 8.25, 11.5, 12], "texture": "#1"},
				"west": {"uv": [0, 0, 0, 2], "texture": "#1"},
				"up": {"uv": [0, 0, 0.5, 0], "texture": "#1"},
				"down": {"uv": [0, 0, 0.5, 0], "texture": "#1"}
			}
		},
		{
			"from": [5.5, 4.5, 1.4],
			"to": [13.5, 7.5, 1.4],
			"rotation": {"angle": -22.5, "axis": "z", "origin": [13.5, 6, 1]},
			"faces": {
				"north": {"uv": [10.25, 8.25, 11.5, 12], "rotation": 90, "texture": "#1"},
				"east": {"uv": [0, 0, 0.5, 0], "rotation": 270, "texture": "#1"},
				"south": {"uv": [10.25, 8.25, 11.5, 12], "rotation": 270, "texture": "#1"},
				"west": {"uv": [0, 0, 0.5, 0], "rotation": 270, "texture": "#1"},
				"up": {"uv": [0, 0, 0, 2], "rotation": 270, "texture": "#1"},
				"down": {"uv": [0, 0, 0, 2], "rotation": 270, "texture": "#1"}
			}
		},
		{
			"name": "LL",
			"from": [2, -13, 8.6],
			"to": [5, -1, 11.6],
			"rotation": {"angle": 22.5, "axis": "y", "origin": [0, 1, 0]},
			"faces": {
				"north": {"uv": [5, 13, 6, 16], "texture": "#1"},
				"east": {"uv": [4, 13, 5, 16], "texture": "#1"},
				"south": {"uv": [7, 13, 8, 16], "texture": "#1"},
				"west": {"uv": [6, 13, 7, 16], "texture": "#1"},
				"up": {"uv": [5, 12, 6, 13], "texture": "#1"},
				"down": {"uv": [6, 12, 7, 13], "texture": "#1"}
			}
		},
		{
			"name": "LL",
			"from": [1.9, -13, 8.5],
			"to": [5.1, -10, 11.7],
			"rotation": {"angle": 22.5, "axis": "y", "origin": [0, 1, 0]},
			"faces": {
				"north": {"uv": [5, 15.25, 6, 16], "texture": "#1"},
				"east": {"uv": [4, 15.25, 5, 16], "texture": "#1"},
				"south": {"uv": [7, 15.25, 8, 16], "texture": "#1"},
				"west": {"uv": [6, 15.25, 7, 16], "texture": "#1"},
				"up": {"uv": [6, 12, 7, 13], "texture": "#1"},
				"down": {"uv": [6, 12, 7, 13], "texture": "#1"}
			}
		},
		{
			"name": "LL",
			"from": [1.8, -14, 8.2],
			"to": [5.2, -13, 11.8],
			"rotation": {"angle": 22.5, "axis": "y", "origin": [0, 1, 0]},
			"faces": {
				"north": {"uv": [7, 12.75, 8, 13], "texture": "#1"},
				"east": {"uv": [7, 12.75, 8, 13], "texture": "#1"},
				"south": {"uv": [7, 12.75, 8, 13], "texture": "#1"},
				"west": {"uv": [7, 12.75, 8, 13], "texture": "#1"},
				"up": {"uv": [7, 12, 8, 13], "texture": "#1"},
				"down": {"uv": [7, 12, 8, 13], "texture": "#1"}
			}
		},
		{
			"name": "LL",
			"from": [1.8, -13, 8.4],
			"to": [5.2, -12, 8.4],
			"rotation": {"angle": 22.5, "axis": "y", "origin": [0, 1, 0]},
			"faces": {
				"north": {"uv": [13.75, 15.25, 15.5, 16], "texture": "#1"},
				"east": {"uv": [7, 12.75, 8, 13], "texture": "#1"},
				"south": {"uv": [13.75, 15.25, 15.5, 16], "texture": "#1"},
				"west": {"uv": [7, 12.75, 8, 13], "texture": "#1"},
				"up": {"uv": [7, 12, 8, 13], "texture": "#1"},
				"down": {"uv": [7, 12, 8, 13], "texture": "#1"}
			}
		},
		{
			"name": "RL",
			"from": [10.1, -13, 2.3],
			"to": [13.1, -1, 5.3],
			"rotation": {"angle": -22.5, "axis": "y", "origin": [0, 1, 0]},
			"faces": {
				"north": {"uv": [1, 5, 2, 8], "texture": "#1"},
				"east": {"uv": [0, 5, 1, 8], "texture": "#1"},
				"south": {"uv": [3, 5, 4, 8], "texture": "#1"},
				"west": {"uv": [2, 5, 3, 8], "texture": "#1"},
				"up": {"uv": [1, 4, 2, 5], "texture": "#1"},
				"down": {"uv": [2, 4, 3, 5], "texture": "#1"}
			}
		},
		{
			"name": "RL",
			"from": [10, -13, 2.2],
			"to": [13.2, -10, 5.4],
			"rotation": {"angle": -22.5, "axis": "y", "origin": [0, 1, 0]},
			"faces": {
				"north": {"uv": [1, 7.25, 2, 8], "texture": "#1"},
				"east": {"uv": [0, 7.25, 1, 8], "texture": "#1"},
				"south": {"uv": [3, 7.25, 4, 8], "texture": "#1"},
				"west": {"uv": [2, 7.25, 3, 8], "texture": "#1"},
				"up": {"uv": [2, 4, 3, 5], "texture": "#1"},
				"down": {"uv": [2, 4, 3, 5], "texture": "#1"}
			}
		},
		{
			"name": "RL",
			"from": [9.9, -14, 1.9],
			"to": [13.3, -13, 5.5],
			"rotation": {"angle": -22.5, "axis": "y", "origin": [0, 1, 0]},
			"faces": {
				"north": {"uv": [7, 12.75, 8, 13], "texture": "#1"},
				"east": {"uv": [7, 12.75, 8, 13], "texture": "#1"},
				"south": {"uv": [7, 12.75, 8, 13], "texture": "#1"},
				"west": {"uv": [7, 12.75, 8, 13], "texture": "#1"},
				"up": {"uv": [7, 12, 8, 13], "texture": "#1"},
				"down": {"uv": [7, 12, 8, 13], "texture": "#1"}
			}
		},
		{
			"name": "RL",
			"from": [9.9, -13, 2.1],
			"to": [13.3, -12, 2.1],
			"rotation": {"angle": -22.5, "axis": "y", "origin": [0, 1, 0]},
			"faces": {
				"north": {"uv": [13.75, 15.25, 15.5, 16], "texture": "#1"},
				"east": {"uv": [7, 12.75, 8, 13], "texture": "#1"},
				"south": {"uv": [13.75, 15.25, 15.5, 16], "texture": "#1"},
				"west": {"uv": [7, 12.75, 8, 13], "texture": "#1"},
				"up": {"uv": [7, 12, 8, 13], "texture": "#1"},
				"down": {"uv": [7, 12, 8, 13], "texture": "#1"}
			}
		},
		{
			"name": "LA",
			"from": [-0.5, -1, 6.5],
			"to": [2.5, 11, 9.5],
			"rotation": {"angle": -22.5, "axis": "z", "origin": [2.5, 5, 8]},
			"faces": {
				"north": {"uv": [9, 13, 9.75, 16], "texture": "#1"},
				"east": {"uv": [8, 13, 9, 16], "texture": "#1"},
				"south": {"uv": [10.75, 13, 11.5, 16], "texture": "#1"},
				"west": {"uv": [9.75, 13, 10.75, 16], "texture": "#1"},
				"up": {"uv": [9, 12, 9.75, 13], "texture": "#1"},
				"down": {"uv": [9.75, 12, 10.5, 13], "texture": "#1"}
			}
		},
		{
			"name": "LA",
			"from": [-0.7, 8, 6.3],
			"to": [2.7, 9, 9.7],
			"rotation": {"angle": -22.5, "axis": "z", "origin": [2.5, 5, 8]},
			"faces": {
				"north": {"uv": [9, 13.5, 9.75, 13.75], "texture": "#1"},
				"east": {"uv": [8, 13.5, 9, 13.75], "texture": "#1"},
				"south": {"uv": [10.75, 13.5, 11.5, 13.75], "texture": "#1"},
				"west": {"uv": [9.75, 13.5, 10.75, 13.75], "texture": "#1"},
				"up": {"uv": [9, 13.5, 9.75, 13.75], "texture": "#1"},
				"down": {"uv": [9.75, 13.5, 10.5, 13.75], "texture": "#1"}
			}
		},
		{
			"name": "LA",
			"from": [-0.7, 1, 6.3],
			"to": [2.7, 2, 9.7],
			"rotation": {"angle": -22.5, "axis": "z", "origin": [2.5, 5, 8]},
			"faces": {
				"north": {"uv": [9, 13.5, 9.75, 13.75], "texture": "#1"},
				"east": {"uv": [8, 13.5, 9, 13.75], "texture": "#1"},
				"south": {"uv": [10.75, 13.5, 11.5, 13.75], "texture": "#1"},
				"west": {"uv": [9.75, 13.5, 10.75, 13.75], "texture": "#1"},
				"up": {"uv": [9, 13.5, 9.75, 13.75], "texture": "#1"},
				"down": {"uv": [9.75, 13.5, 10.5, 13.75], "texture": "#1"}
			}
		},
		{
			"name": "RA",
			"from": [12, 2, 0.5],
			"to": [15, 5, 4.5],
			"rotation": {"angle": 22.5, "axis": "x", "origin": [13.5, 5, 8]},
			"faces": {
				"north": {"uv": [11, 4, 11.75, 5], "rotation": 180, "texture": "#1"},
				"east": {"uv": [10, 7, 11, 8], "rotation": 90, "texture": "#1"},
				"south": {"uv": [11.75, 4, 12.5, 5], "texture": "#1"},
				"west": {"uv": [11.75, 7, 12.75, 8], "rotation": 270, "texture": "#1"},
				"up": {"uv": [12.75, 7, 13.5, 8], "texture": "#1"},
				"down": {"uv": [11, 7, 11.75, 8], "rotation": 180, "texture": "#1"}
			}
		},
		{
			"name": "RA",
			"from": [12, 2, 4.5],
			"to": [15, 10, 7.5],
			"rotation": {"angle": 22.5, "axis": "x", "origin": [13.5, 5, 8]},
			"faces": {
				"north": {"uv": [11, 5, 11.75, 7], "texture": "#1"},
				"east": {"uv": [10, 5, 11, 7], "texture": "#1"},
				"south": {"uv": [12.75, 5, 13.5, 7], "texture": "#1"},
				"west": {"uv": [11.75, 5, 12.75, 7], "texture": "#1"},
				"up": {"uv": [11, 4, 11.75, 5], "texture": "#1"},
				"down": {"uv": [11.75, 4, 12.5, 5], "texture": "#1"}
			}
		},
		{
			"name": "RA",
			"from": [11.8, 7, 4.3],
			"to": [15.2, 8, 7.7],
			"rotation": {"angle": 22.5, "axis": "x", "origin": [13.5, 5, 8]},
			"faces": {
				"north": {"uv": [11, 5.5, 11.75, 5.75], "texture": "#1"},
				"east": {"uv": [10, 5.5, 11, 5.75], "texture": "#1"},
				"south": {"uv": [12.75, 5.5, 13.5, 5.75], "texture": "#1"},
				"west": {"uv": [11.75, 5.5, 12.75, 5.75], "texture": "#1"},
				"up": {"uv": [11, 5.5, 11.75, 5.75], "texture": "#1"},
				"down": {"uv": [11.75, 5.5, 12.5, 5.75], "texture": "#1"}
			}
		},
		{
			"name": "RA",
			"from": [11.8, 1.8, 2.5],
			"to": [15.2, 5.2, 3.5],
			"rotation": {"angle": 22.5, "axis": "x", "origin": [13.5, 5, 8]},
			"faces": {
				"north": {"uv": [11, 5.5, 11.75, 5.75], "rotation": 180, "texture": "#1"},
				"east": {"uv": [10, 5.5, 11, 5.75], "rotation": 90, "texture": "#1"},
				"south": {"uv": [11.75, 5.5, 12.5, 5.75], "texture": "#1"},
				"west": {"uv": [11.75, 5.5, 12.75, 5.75], "rotation": 270, "texture": "#1"},
				"up": {"uv": [12.75, 5.5, 13.5, 5.75], "texture": "#1"},
				"down": {"uv": [11, 5.5, 11.75, 5.75], "rotation": 180, "texture": "#1"}
			}
		},
		{
			"from": [11, -0.4, 9],
			"to": [15, 3.6, 13],
			"rotation": {"angle": 22.5, "axis": "y", "origin": [10, -1, 17.875]},
			"faces": {
				"north": {"uv": [11.5, 15, 12.5, 16], "texture": "#1"},
				"east": {"uv": [11.5, 15, 12.5, 16], "texture": "#1"},
				"south": {"uv": [12, 15, 13, 16], "texture": "#1"},
				"west": {"uv": [12.5, 15, 13.5, 16], "texture": "#1"},
				"up": {"uv": [11.5, 15, 12.5, 16], "texture": "#1"},
				"down": {"uv": [11.5, 15, 12.5, 16], "texture": "#1"}
			}
		},
		{
			"from": [10.5, -0.9, 12],
			"to": [15.5, 4.1, 20],
			"rotation": {"angle": 22.5, "axis": "y", "origin": [10, -1, 17.875]},
			"faces": {
				"north": {"uv": [11.5, 15, 12.5, 16], "texture": "#1"},
				"east": {"uv": [11.5, 14, 12.5, 16], "rotation": 270, "texture": "#1"},
				"south": {"uv": [12, 15, 13, 16], "texture": "#1"},
				"west": {"uv": [13.5, 14, 12.5, 16], "rotation": 90, "texture": "#1"},
				"up": {"uv": [11.5, 16, 12.5, 14], "texture": "#1"},
				"down": {"uv": [11.5, 14, 12.5, 16], "texture": "#1"}
			}
		},
		{
			"from": [11, -0.4, 19],
			"to": [15, 3.6, 23],
			"rotation": {"angle": 22.5, "axis": "y", "origin": [10, -1, 17.875]},
			"faces": {
				"north": {"uv": [11.5, 13, 12.5, 14], "texture": "#1"},
				"east": {"uv": [11.5, 13, 12.5, 14], "rotation": 270, "texture": "#1"},
				"south": {"uv": [12, 13, 13, 14], "texture": "#1"},
				"west": {"uv": [12.5, 13, 13.5, 14], "rotation": 90, "texture": "#1"},
				"up": {"uv": [11.75, 13, 12.75, 14], "rotation": 180, "texture": "#1"},
				"down": {"uv": [12, 13, 13, 14], "texture": "#1"}
			}
		},
		{
			"from": [12, 0.6, 22.5],
			"to": [14, 2.6, 24.5],
			"rotation": {"angle": 22.5, "axis": "y", "origin": [10, -1, 17.875]},
			"faces": {
				"north": {"uv": [11.5, 13, 12.5, 14], "texture": "#1"},
				"east": {"uv": [11.5, 13, 12.5, 14], "rotation": 270, "texture": "#1"},
				"south": {"uv": [12, 13, 13, 14], "texture": "#1"},
				"west": {"uv": [12.5, 13, 13.5, 14], "rotation": 90, "texture": "#1"},
				"up": {"uv": [11.75, 13, 12.75, 14], "rotation": 180, "texture": "#1"},
				"down": {"uv": [12, 13, 13, 14], "texture": "#1"}
			}
		},
		{
			"from": [2, -0.9, 10],
			"to": [6, 3.1, 14],
			"rotation": {"angle": -22.5, "axis": "y", "origin": [10, -1, 17.875]},
			"faces": {
				"north": {"uv": [11.5, 15, 12.5, 16], "texture": "#1"},
				"east": {"uv": [11.5, 15, 12.5, 16], "texture": "#1"},
				"south": {"uv": [12, 15, 13, 16], "texture": "#1"},
				"west": {"uv": [12.5, 15, 13.5, 16], "texture": "#1"},
				"up": {"uv": [11.5, 15, 12.5, 16], "texture": "#1"},
				"down": {"uv": [11.5, 15, 12.5, 16], "texture": "#1"}
			}
		},
		{
			"from": [1.5, -1.4, 13],
			"to": [6.5, 3.6, 21],
			"rotation": {"angle": -22.5, "axis": "y", "origin": [10, -1, 17.875]},
			"faces": {
				"north": {"uv": [11.5, 15, 12.5, 16], "texture": "#1"},
				"east": {"uv": [11.5, 14, 12.5, 16], "rotation": 270, "texture": "#1"},
				"south": {"uv": [12, 15, 13, 16], "texture": "#1"},
				"west": {"uv": [13.5, 14, 12.5, 16], "rotation": 90, "texture": "#1"},
				"up": {"uv": [11.5, 16, 12.5, 14], "texture": "#1"},
				"down": {"uv": [11.5, 14, 12.5, 16], "texture": "#1"}
			}
		},
		{
			"from": [2, -0.9, 20],
			"to": [6, 3.1, 24],
			"rotation": {"angle": -22.5, "axis": "y", "origin": [10, -1, 17.875]},
			"faces": {
				"north": {"uv": [11.5, 13, 12.5, 14], "texture": "#1"},
				"east": {"uv": [11.5, 13, 12.5, 14], "rotation": 270, "texture": "#1"},
				"south": {"uv": [12, 13, 13, 14], "texture": "#1"},
				"west": {"uv": [12.5, 13, 13.5, 14], "rotation": 90, "texture": "#1"},
				"up": {"uv": [11.75, 13, 12.75, 14], "rotation": 180, "texture": "#1"},
				"down": {"uv": [12, 13, 13, 14], "texture": "#1"}
			}
		},
		{
			"from": [3, 0.1, 23.5],
			"to": [5, 2.1, 25.5],
			"rotation": {"angle": -22.5, "axis": "y", "origin": [10, -1, 17.875]},
			"faces": {
				"north": {"uv": [11.5, 13, 12.5, 14], "texture": "#1"},
				"east": {"uv": [11.5, 13, 12.5, 14], "rotation": 270, "texture": "#1"},
				"south": {"uv": [12, 13, 13, 14], "texture": "#1"},
				"west": {"uv": [12.5, 13, 13.5, 14], "rotation": 90, "texture": "#1"},
				"up": {"uv": [11.75, 13, 12.75, 14], "rotation": 180, "texture": "#1"},
				"down": {"uv": [12, 13, 13, 14], "texture": "#1"}
			}
		},
		{
			"from": [6, 2.6, 12],
			"to": [10, 6.6, 16],
			"rotation": {"angle": -22.5, "axis": "x", "origin": [10, -1, 17.875]},
			"faces": {
				"north": {"uv": [11.5, 15, 12.5, 16], "texture": "#1"},
				"east": {"uv": [11.5, 15, 12.5, 16], "texture": "#1"},
				"south": {"uv": [12, 15, 13, 16], "texture": "#1"},
				"west": {"uv": [12.5, 15, 13.5, 16], "texture": "#1"},
				"up": {"uv": [11.5, 15, 12.5, 16], "texture": "#1"},
				"down": {"uv": [11.5, 15, 12.5, 16], "texture": "#1"}
			}
		},
		{
			"from": [5.5, 2.1, 15],
			"to": [10.5, 7.1, 23],
			"rotation": {"angle": -22.5, "axis": "x", "origin": [10, -1, 17.875]},
			"faces": {
				"north": {"uv": [11.5, 15, 12.5, 16], "texture": "#1"},
				"east": {"uv": [11.5, 14, 12.5, 16], "rotation": 270, "texture": "#1"},
				"south": {"uv": [12, 15, 13, 16], "texture": "#1"},
				"west": {"uv": [13.5, 14, 12.5, 16], "rotation": 90, "texture": "#1"},
				"up": {"uv": [11.5, 16, 12.5, 14], "texture": "#1"},
				"down": {"uv": [11.5, 14, 12.5, 16], "texture": "#1"}
			}
		},
		{
			"from": [6, 2.6, 22],
			"to": [10, 6.6, 26],
			"rotation": {"angle": -22.5, "axis": "x", "origin": [10, -1, 17.875]},
			"faces": {
				"north": {"uv": [11.5, 13, 12.5, 14], "texture": "#1"},
				"east": {"uv": [11.5, 13, 12.5, 14], "rotation": 270, "texture": "#1"},
				"south": {"uv": [12, 13, 13, 14], "texture": "#1"},
				"west": {"uv": [12.5, 13, 13.5, 14], "rotation": 90, "texture": "#1"},
				"up": {"uv": [11.75, 13, 12.75, 14], "rotation": 180, "texture": "#1"},
				"down": {"uv": [12, 13, 13, 14], "texture": "#1"}
			}
		},
		{
			"from": [7, 3.6, 25.5],
			"to": [9, 5.6, 27.5],
			"rotation": {"angle": -22.5, "axis": "x", "origin": [10, -1, 17.875]},
			"faces": {
				"north": {"uv": [11.5, 13, 12.5, 14], "texture": "#1"},
				"east": {"uv": [11.5, 13, 12.5, 14], "rotation": 270, "texture": "#1"},
				"south": {"uv": [12, 13, 13, 14], "texture": "#1"},
				"west": {"uv": [12.5, 13, 13.5, 14], "rotation": 90, "texture": "#1"},
				"up": {"uv": [11.75, 13, 12.75, 14], "rotation": 180, "texture": "#1"},
				"down": {"uv": [12, 13, 13, 14], "texture": "#1"}
			}
		},
		{
			"name": "B",
			"from": [4, -1, 6.2],
			"to": [12, 11, 9.8],
			"rotation": {"angle": 0, "axis": "y", "origin": [0, 1, 0]},
			"faces": {
				"north": {"uv": [5, 5, 7, 8], "texture": "#1"},
				"east": {"uv": [4, 5, 5, 8], "texture": "#1"},
				"south": {"uv": [8, 5, 10, 8], "texture": "#1"},
				"west": {"uv": [7, 5, 8, 8], "texture": "#1"},
				"up": {"uv": [5, 4, 7, 5], "texture": "#1"},
				"down": {"uv": [7, 4, 9, 5], "texture": "#1"}
			}
		},
		{
			"name": "B",
			"from": [3.8, 1, 6],
			"to": [12.2, 3, 10],
			"rotation": {"angle": 0, "axis": "y", "origin": [0, 1, 0]},
			"faces": {
				"north": {"uv": [5, 8, 7, 9], "texture": "#1"},
				"east": {"uv": [5, 8, 7, 9], "texture": "#1"},
				"south": {"uv": [5, 8, 7, 9], "texture": "#1"},
				"west": {"uv": [5, 8, 7, 9], "texture": "#1"},
				"up": {"uv": [5, 8, 7, 9], "texture": "#1"},
				"down": {"uv": [5, 8, 7, 9], "texture": "#1"}
			}
		},
		{
			"from": [3.9, 5.35, 4.15],
			"to": [12.1, 9.35, 8.15],
			"rotation": {"angle": 45, "axis": "x", "origin": [8, 7.5, 7.2]},
			"faces": {
				"north": {"uv": [5, 5.25, 7, 5.75], "texture": "#1"},
				"east": {"uv": [6.5, 5.25, 7, 5.75], "texture": "#1"},
				"south": {"uv": [5, 5.25, 7, 5.75], "texture": "#1"},
				"west": {"uv": [5, 5.25, 5.5, 5.75], "texture": "#1"},
				"up": {"uv": [5, 5, 7, 5.75], "texture": "#1"},
				"down": {"uv": [5, 6.25, 7, 7], "texture": "#1"}
			}
		},
		{
			"from": [3.8, 5.15, 3.95],
			"to": [7.6, 9.35, 8.15],
			"rotation": {"angle": 45, "axis": "x", "origin": [8, 7.5, 7.2]},
			"faces": {
				"north": {"uv": [6.25, 5.25, 7, 5.75], "texture": "#1"},
				"east": {"uv": [6.5, 5.25, 7, 5.75], "texture": "#1"},
				"south": {"uv": [5, 5.25, 7, 5.75], "texture": "#1"},
				"west": {"uv": [5, 5.25, 5.5, 5.75], "texture": "#1"},
				"up": {"uv": [6.25, 5.25, 7, 5.75], "texture": "#1"},
				"down": {"uv": [6.25, 6.25, 7, 7], "texture": "#1"}
			}
		},
		{
			"from": [8.5, 5.15, 3.95],
			"to": [12.3, 9.35, 8.15],
			"rotation": {"angle": 45, "axis": "x", "origin": [8, 7.5, 7.2]},
			"faces": {
				"north": {"uv": [6.25, 5.25, 7, 5.75], "texture": "#1"},
				"east": {"uv": [6.5, 5.25, 7, 5.75], "texture": "#1"},
				"south": {"uv": [5, 5.25, 7, 5.75], "texture": "#1"},
				"west": {"uv": [5, 5.25, 5.5, 5.75], "texture": "#1"},
				"up": {"uv": [6.25, 5.25, 7, 5.75], "texture": "#1"},
				"down": {"uv": [6.25, 6.25, 7, 7], "texture": "#1"}
			}
		},
		{
			"from": [8.3, 5.25, 4.05],
			"to": [9.1, 8.45, 8.25],
			"rotation": {"angle": 45, "axis": "x", "origin": [8, 7.5, 7.2]},
			"faces": {
				"north": {"uv": [6.25, 5.25, 7, 5.75], "texture": "#1"},
				"east": {"uv": [6.5, 5.25, 7, 5.75], "texture": "#1"},
				"south": {"uv": [5, 5.25, 7, 5.75], "texture": "#1"},
				"west": {"uv": [5, 5.25, 5.5, 5.75], "texture": "#1"},
				"up": {"uv": [5, 5, 7, 5.75], "texture": "#1"},
				"down": {"uv": [6.25, 6.25, 7, 7], "texture": "#1"}
			}
		},
		{
			"from": [7, 5.25, 4.05],
			"to": [7.8, 8.45, 8.25],
			"rotation": {"angle": 45, "axis": "x", "origin": [8, 7.5, 7.2]},
			"faces": {
				"north": {"uv": [6.25, 5.25, 7, 5.75], "texture": "#1"},
				"east": {"uv": [6.5, 5.25, 7, 5.75], "texture": "#1"},
				"south": {"uv": [5, 5.25, 7, 5.75], "texture": "#1"},
				"west": {"uv": [5, 5.25, 5.5, 5.75], "texture": "#1"},
				"up": {"uv": [5, 5, 7, 5.75], "texture": "#1"},
				"down": {"uv": [6.25, 6.25, 7, 7], "texture": "#1"}
			}
		},
		{
			"from": [4, -1, 6.3],
			"to": [12, 2, 7.3],
			"rotation": {"angle": 22.5, "axis": "x", "origin": [0, 1, 0]},
			"faces": {
				"north": {"uv": [0.25, 9.75, 2.25, 10.5], "texture": "#1"},
				"east": {"uv": [0.25, 9.75, 0.5, 10.5], "texture": "#1"},
				"south": {"uv": [0.25, 9.75, 2.25, 10.5], "texture": "#1"},
				"west": {"uv": [0.25, 9.75, 0.5, 10.5], "texture": "#1"},
				"up": {"uv": [0.25, 9.75, 2.25, 10], "texture": "#1"},
				"down": {"uv": [0.25, 9.75, 2.25, 10], "texture": "#1"}
			}
		},
		{
			"from": [4, -7.2, 7.5],
			"to": [12, -4.2, 8.5],
			"rotation": {"angle": -22.5, "axis": "x", "origin": [0, 1, 0]},
			"faces": {
				"north": {"uv": [0.25, 9.75, 2.25, 10.5], "texture": "#1"},
				"east": {"uv": [0.25, 9.75, 0.5, 10.5], "texture": "#1"},
				"south": {"uv": [0.25, 9.75, 2.25, 10.5], "texture": "#1"},
				"west": {"uv": [0.25, 9.75, 0.5, 10.5], "texture": "#1"},
				"up": {"uv": [0.25, 9.75, 2.25, 10], "texture": "#1"},
				"down": {"uv": [0.25, 9.75, 2.25, 10], "texture": "#1"}
			}
		},
		{
			"from": [4.3, -1.9, 6.2],
			"to": [5.3, 1.1, 9.8],
			"rotation": {"angle": -22.5, "axis": "z", "origin": [0, 1, 0]},
			"faces": {
				"north": {"uv": [0.25, 9.75, 0.5, 10.5], "texture": "#1"},
				"east": {"uv": [1.25, 9.75, 2.25, 10.5], "texture": "#1"},
				"south": {"uv": [0.25, 9.75, 0.5, 10.5], "texture": "#1"},
				"west": {"uv": [1.25, 9.75, 2.25, 10.5], "texture": "#1"},
				"up": {"uv": [1.25, 9.75, 2.25, 10], "rotation": 270, "texture": "#1"},
				"down": {"uv": [1.25, 9.75, 2.25, 10], "rotation": 90, "texture": "#1"}
			}
		},
		{
			"from": [9.5, -8, 6.2],
			"to": [10.5, -5, 9.8],
			"rotation": {"angle": 22.5, "axis": "z", "origin": [0, 1, 0]},
			"faces": {
				"north": {"uv": [0.25, 9.75, 0.5, 10.5], "texture": "#1"},
				"east": {"uv": [1.25, 9.75, 2.25, 10.5], "texture": "#1"},
				"south": {"uv": [0.25, 9.75, 0.5, 10.5], "texture": "#1"},
				"west": {"uv": [1.25, 9.75, 2.25, 10.5], "texture": "#1"},
				"up": {"uv": [1.25, 9.75, 2.25, 10], "rotation": 270, "texture": "#1"},
				"down": {"uv": [1.25, 9.75, 2.25, 10], "rotation": 90, "texture": "#1"}
			}
		},
		{
			"from": [7.6, -2, 5.4],
			"to": [10.6, 0, 6.4],
			"rotation": {"angle": 22.5, "axis": "z", "origin": [0, 1, 0]},
			"faces": {
				"north": {"uv": [0, 0, 1, 1], "texture": "#1"},
				"east": {"uv": [0, 0, 0.25, 1], "texture": "#1"},
				"south": {"uv": [0, 0, 1, 1], "texture": "#1"},
				"west": {"uv": [0, 0, 0.25, 1], "texture": "#1"},
				"up": {"uv": [0, 0, 1, 0.25], "texture": "#1"},
				"down": {"uv": [0, 0, 1, 0.25], "texture": "#1"}
			}
		},
		{
			"from": [4.3, 4, 5.6],
			"to": [7.3, 6, 6.6],
			"rotation": {"angle": -22.5, "axis": "z", "origin": [0, 1, 0]},
			"faces": {
				"north": {"uv": [0, 0, 1, 1], "rotation": 180, "texture": "#1"},
				"east": {"uv": [0, 0, 0.25, 1], "rotation": 180, "texture": "#1"},
				"south": {"uv": [0, 0, 1, 1], "rotation": 180, "texture": "#1"},
				"west": {"uv": [0, 0, 0.25, 1], "rotation": 180, "texture": "#1"},
				"up": {"uv": [0, 0, 1, 0.25], "rotation": 180, "texture": "#1"},
				"down": {"uv": [0, 0, 1, 0.25], "rotation": 180, "texture": "#1"}
			}
		},
		{
			"from": [7, -6.5, 5.8],
			"to": [9, -1.5, 5.8],
			"rotation": {"angle": 22.5, "axis": "z", "origin": [0, 1, 0]},
			"faces": {
				"north": {"uv": [4, 8, 5, 10.5], "texture": "#1"},
				"east": {"uv": [0, 0, 0, 0.75], "texture": "#1"},
				"south": {"uv": [4, 8, 5, 10.5], "texture": "#1"},
				"west": {"uv": [0, 0, 0, 0.75], "texture": "#1"},
				"up": {"uv": [0, 0, 0.5, 0], "texture": "#1"},
				"down": {"uv": [0, 0, 0.5, 0], "texture": "#1"}
			}
		},
		{
			"from": [6, 0.5, 5.7],
			"to": [8, 5.5, 5.7],
			"rotation": {"angle": -22.5, "axis": "z", "origin": [0, 1, 0]},
			"faces": {
				"north": {"uv": [4, 8, 5, 10.5], "texture": "#1"},
				"east": {"uv": [0, 0, 0, 0.75], "texture": "#1"},
				"south": {"uv": [4, 8, 5, 10.5], "texture": "#1"},
				"west": {"uv": [0, 0, 0, 0.75], "texture": "#1"},
				"up": {"uv": [0, 0, 0.5, 0], "texture": "#1"},
				"down": {"uv": [0, 0, 0.5, 0], "texture": "#1"}
			}
		},
		{
			"from": [5.2, -5.2, 5],
			"to": [7.6, -2.8, 6],
			"rotation": {"angle": 45, "axis": "z", "origin": [0, 1, 0]},
			"faces": {
				"north": {"uv": [0.25, 1, 0.85, 1.6], "texture": "#1"},
				"east": {"uv": [0, 1, 0.25, 1.6], "texture": "#1"},
				"south": {"uv": [0.25, 1, 0.85, 1.6], "texture": "#1"},
				"west": {"uv": [0, 1, 0.25, 1.6], "texture": "#1"},
				"up": {"uv": [0, 1.5, 0.6, 1.75], "texture": "#1"},
				"down": {"uv": [0, 1.5, 0.6, 1.75], "texture": "#1"}
			}
		},
		{
			"name": "H",
			"from": [4, 11, 4],
			"to": [12, 19, 12],
			"rotation": {"angle": 0, "axis": "y", "origin": [0, 1, 0]},
			"faces": {
				"north": {"uv": [2, 2, 4, 4], "texture": "#1"},
				"east": {"uv": [0, 2, 2, 4], "texture": "#1"},
				"south": {"uv": [6, 2, 8, 4], "texture": "#1"},
				"west": {"uv": [4, 2, 6, 4], "texture": "#1"},
				"up": {"uv": [2, 0, 4, 2], "texture": "#1"},
				"down": {"uv": [4, 0, 6, 2], "texture": "#1"}
			}
		},
		{
			"from": [3.5, 9, 3.9],
			"to": [12.5, 19, 5.9],
			"rotation": {"angle": 0, "axis": "y", "origin": [0, 1, 0]},
			"faces": {
				"north": {"uv": [9.75, 1.5, 12, 4], "texture": "#1"},
				"east": {"uv": [9.25, 1.25, 9.75, 3.75], "texture": "#1"},
				"south": {"uv": [10, 0.25, 12, 1.5], "texture": "#1"},
				"west": {"uv": [12, 1.5, 12.5, 4], "texture": "#1"},
				"up": {"uv": [9.75, 1, 11.75, 1.5], "texture": "#1"},
				"down": {"uv": [10, 1, 12, 1.5], "texture": "#1"}
			}
		},
		{
			"from": [5, 16, 2],
			"to": [5, 22, 8],
			"rotation": {"angle": 22.5, "axis": "y", "origin": [0, 1, 0]},
			"faces": {
				"north": {"uv": [0, 0, 0.25, 2], "texture": "#1"},
				"east": {"uv": [6, 0, 8, 2], "texture": "#1"},
				"south": {"uv": [0, 0, 0.25, 2], "texture": "#1"},
				"west": {"uv": [8, 0, 6, 2], "texture": "#1"},
				"up": {"uv": [0, 0, 0.25, 2], "texture": "#1"},
				"down": {"uv": [0, 0, 0.25, 2], "texture": "#1"}
			}
		},
		{
			"from": [5.75, 19, 7],
			"to": [6.75, 24, 8],
			"rotation": {"angle": -22.5, "axis": "y", "origin": [5.5, 20.7, 8.3]},
			"faces": {
				"north": {"uv": [0, 12.5, 0.25, 13.75], "texture": "#1"},
				"east": {"uv": [0, 12.5, 0.25, 13.75], "texture": "#1"},
				"south": {"uv": [0, 13.25, 0.25, 14.5], "texture": "#1"},
				"west": {"uv": [0, 12.25, 0.25, 13.5], "texture": "#1"},
				"up": {"uv": [0, 11.25, 0.25, 11.5], "texture": "#1"},
				"down": {"uv": [0.25, 15.25, 0.5, 15.5], "texture": "#1"}
			}
		},
		{
			"from": [4.75, 19, 7],
			"to": [5.75, 23, 8],
			"rotation": {"angle": -22.5, "axis": "y", "origin": [5.5, 20.7, 8.3]},
			"faces": {
				"north": {"uv": [0, 12.5, 0.25, 13.75], "texture": "#1"},
				"east": {"uv": [0, 12.5, 0.25, 13.75], "texture": "#1"},
				"south": {"uv": [0.25, 13, 0.5, 14.25], "texture": "#1"},
				"west": {"uv": [0, 12.25, 0.25, 13.5], "texture": "#1"},
				"up": {"uv": [0, 11.25, 0.25, 11.5], "texture": "#1"},
				"down": {"uv": [0.25, 15.25, 0.5, 15.5], "texture": "#1"}
			}
		},
		{
			"from": [3.75, 19, 7],
			"to": [4.75, 22, 8],
			"rotation": {"angle": -22.5, "axis": "y", "origin": [5.5, 20.7, 8.3]},
			"faces": {
				"north": {"uv": [0, 12.5, 0.25, 13.75], "texture": "#1"},
				"east": {"uv": [0, 12.5, 0.25, 13.75], "texture": "#1"},
				"south": {"uv": [0, 14, 0.25, 15.25], "texture": "#1"},
				"west": {"uv": [0, 11.25, 0.25, 12.5], "texture": "#1"},
				"up": {"uv": [0, 11.25, 0.25, 11.5], "texture": "#1"},
				"down": {"uv": [0.25, 15.25, 0.5, 15.5], "texture": "#1"}
			}
		},
		{
			"from": [5.25, 19, 6.5],
			"to": [6.25, 22, 7.5],
			"rotation": {"angle": -22.5, "axis": "y", "origin": [5.5, 20.7, 8.3]},
			"faces": {
				"north": {"uv": [2.75, 10.25, 3, 11], "texture": "#1"},
				"east": {"uv": [2.75, 10, 3, 10.75], "texture": "#1"},
				"south": {"uv": [2.5, 10, 2.75, 10.75], "texture": "#1"},
				"west": {"uv": [2.5, 10.25, 2.75, 11], "texture": "#1"},
				"up": {"uv": [2.5, 10, 2.75, 10.25], "texture": "#1"},
				"down": {"uv": [3, 10.25, 3.25, 10.5], "texture": "#1"}
			}
		},
		{
			"from": [4.25, 19, 6.5],
			"to": [5.25, 21, 7.5],
			"rotation": {"angle": -22.5, "axis": "y", "origin": [5.5, 20.7, 8.3]},
			"faces": {
				"north": {"uv": [2.75, 10.25, 3, 11], "texture": "#1"},
				"east": {"uv": [2.75, 10, 3, 10.75], "texture": "#1"},
				"south": {"uv": [2.5, 10, 2.75, 10.75], "texture": "#1"},
				"west": {"uv": [2.5, 10.25, 2.75, 11], "texture": "#1"},
				"up": {"uv": [2.5, 10, 2.75, 10.25], "texture": "#1"},
				"down": {"uv": [3, 10.25, 3.25, 10.5], "texture": "#1"}
			}
		},
		{
			"from": [9.25, 19, 7],
			"to": [10.25, 24, 8],
			"rotation": {"angle": 22.5, "axis": "y", "origin": [10.5, 20.7, 8.3]},
			"faces": {
				"north": {"uv": [0, 12.5, 0.25, 13.75], "texture": "#1"},
				"east": {"uv": [0, 12.5, 0.25, 13.75], "texture": "#1"},
				"south": {"uv": [0, 13.25, 0.25, 14.5], "texture": "#1"},
				"west": {"uv": [0, 12.25, 0.25, 13.5], "texture": "#1"},
				"up": {"uv": [0, 11.25, 0.25, 11.5], "texture": "#1"},
				"down": {"uv": [0.25, 15.25, 0.5, 15.5], "texture": "#1"}
			}
		},
		{
			"from": [10.25, 19, 7],
			"to": [11.25, 23, 8],
			"rotation": {"angle": 22.5, "axis": "y", "origin": [10.5, 20.7, 8.3]},
			"faces": {
				"north": {"uv": [0, 12.5, 0.25, 13.75], "texture": "#1"},
				"east": {"uv": [0, 12.5, 0.25, 13.75], "texture": "#1"},
				"south": {"uv": [0.25, 13, 0.5, 14.25], "texture": "#1"},
				"west": {"uv": [0, 12.25, 0.25, 13.5], "texture": "#1"},
				"up": {"uv": [0, 11.25, 0.25, 11.5], "texture": "#1"},
				"down": {"uv": [0.25, 15.25, 0.5, 15.5], "texture": "#1"}
			}
		},
		{
			"from": [11.25, 19, 7],
			"to": [12.25, 22, 8],
			"rotation": {"angle": 22.5, "axis": "y", "origin": [10.5, 20.7, 8.3]},
			"faces": {
				"north": {"uv": [0, 12.5, 0.25, 13.75], "texture": "#1"},
				"east": {"uv": [0, 12.5, 0.25, 13.75], "texture": "#1"},
				"south": {"uv": [0, 14, 0.25, 15.25], "texture": "#1"},
				"west": {"uv": [0, 11.25, 0.25, 12.5], "texture": "#1"},
				"up": {"uv": [0, 11.25, 0.25, 11.5], "texture": "#1"},
				"down": {"uv": [0.25, 15.25, 0.5, 15.5], "texture": "#1"}
			}
		},
		{
			"from": [9.75, 19, 6.5],
			"to": [10.75, 22, 7.5],
			"rotation": {"angle": 22.5, "axis": "y", "origin": [10.5, 20.7, 8.3]},
			"faces": {
				"north": {"uv": [2.75, 10.25, 3, 11], "texture": "#1"},
				"east": {"uv": [2.75, 10, 3, 10.75], "texture": "#1"},
				"south": {"uv": [2.5, 10, 2.75, 10.75], "texture": "#1"},
				"west": {"uv": [2.5, 10.25, 2.75, 11], "texture": "#1"},
				"up": {"uv": [2.5, 10, 2.75, 10.25], "texture": "#1"},
				"down": {"uv": [3, 10.25, 3.25, 10.5], "texture": "#1"}
			}
		},
		{
			"from": [10.75, 19, 6.5],
			"to": [11.75, 21, 7.5],
			"rotation": {"angle": 22.5, "axis": "y", "origin": [10.5, 20.7, 8.3]},
			"faces": {
				"north": {"uv": [2.75, 10.25, 3, 11], "texture": "#1"},
				"east": {"uv": [2.75, 10, 3, 10.75], "texture": "#1"},
				"south": {"uv": [2.5, 10, 2.75, 10.75], "texture": "#1"},
				"west": {"uv": [2.5, 10.25, 2.75, 11], "texture": "#1"},
				"up": {"uv": [2.5, 10, 2.75, 10.25], "texture": "#1"},
				"down": {"uv": [3, 10.25, 3.25, 10.5], "texture": "#1"}
			}
		},
		{
			"from": [5, 1, 11],
			"to": [11, 11, 12],
			"rotation": {"angle": 0, "axis": "y", "origin": [0, 1, 0]},
			"faces": {
				"north": {"uv": [0.5, 12, 2, 16], "texture": "#1"},
				"east": {"uv": [0, 12, 0.25, 16], "texture": "#1"},
				"south": {"uv": [0, 12, 1.5, 16], "texture": "#1"},
				"west": {"uv": [0, 12, 0.25, 16], "texture": "#1"},
				"up": {"uv": [0, 11.25, 1.5, 11.5], "texture": "#1"},
				"down": {"uv": [0, 15.75, 1.5, 16], "texture": "#1"}
			}
		},
		{
			"from": [4, 3, 11],
			"to": [5, 11, 12],
			"rotation": {"angle": 0, "axis": "y", "origin": [0, 1, 0]},
			"faces": {
				"north": {"uv": [2.25, 11.75, 2.5, 15.25], "texture": "#1"},
				"east": {"uv": [2.5, 11.75, 2.75, 15.25], "texture": "#1"},
				"south": {"uv": [1.5, 11.75, 1.75, 15.25], "texture": "#1"},
				"west": {"uv": [1.5, 12.5, 1.75, 16], "texture": "#1"},
				"up": {"uv": [1.5, 12, 1.75, 12.25], "texture": "#1"},
				"down": {"uv": [1, 11.25, 1.25, 11.5], "texture": "#1"}
			}
		},
		{
			"from": [11, 3, 11],
			"to": [12, 11, 12],
			"rotation": {"angle": 0, "axis": "y", "origin": [0, 1, 0]},
			"faces": {
				"north": {"uv": [2.25, 11.75, 2.5, 15.25], "texture": "#1"},
				"east": {"uv": [2.5, 11.75, 2.75, 15.25], "texture": "#1"},
				"south": {"uv": [1.5, 11.75, 1.75, 15.25], "texture": "#1"},
				"west": {"uv": [1.5, 12.5, 1.75, 16], "texture": "#1"},
				"up": {"uv": [1.5, 12, 1.75, 12.25], "texture": "#1"},
				"down": {"uv": [1, 11.25, 1.25, 11.5], "texture": "#1"}
			}
		},
		{
			"from": [7.5, -8, 17.4],
			"to": [8.5, -6, 18.4],
			"rotation": {"angle": -45, "axis": "y", "origin": [8, -8.6, 8]},
			"faces": {
				"north": {"uv": [15.75, 0, 16, 0.5], "texture": "#1"},
				"east": {"uv": [15.75, 0, 16, 0.5], "texture": "#1"},
				"south": {"uv": [15.75, 0, 16, 0.5], "texture": "#1"},
				"west": {"uv": [15.75, 0, 16, 0.5], "texture": "#1"},
				"up": {"uv": [15.75, 0, 16, 0.25], "rotation": 90, "texture": "#1"},
				"down": {"uv": [15.75, 0, 16, 0.25], "rotation": 270, "texture": "#1"}
			}
		},
		{
			"from": [1.5, -6, 16.4],
			"to": [14.5, -5, 19.4],
			"rotation": {"angle": -45, "axis": "y", "origin": [8, -8.6, 8]},
			"faces": {
				"north": {"uv": [13.25, 0, 16, 0.5], "texture": "#1"},
				"east": {"uv": [15.75, 0, 16, 0.5], "texture": "#1"},
				"south": {"uv": [13.25, 0, 16, 0.5], "texture": "#1"},
				"west": {"uv": [15.75, 0, 16, 0.5], "texture": "#1"},
				"up": {"uv": [15.25, 0, 15.5, 2.75], "rotation": 90, "texture": "#1"},
				"down": {"uv": [15.25, 0, 15.5, 2.75], "rotation": 270, "texture": "#1"}
			}
		},
		{
			"from": [2.5, -9, 17.3],
			"to": [13.5, -8, 18.5],
			"rotation": {"angle": -45, "axis": "y", "origin": [8, -8.6, 8]},
			"faces": {
				"north": {"uv": [13.25, 0, 16, 0.5], "texture": "#1"},
				"east": {"uv": [15.75, 0, 16, 0.5], "texture": "#1"},
				"south": {"uv": [13.25, 0, 16, 0.5], "texture": "#1"},
				"west": {"uv": [15.75, 0, 16, 0.5], "texture": "#1"},
				"up": {"uv": [15.25, 0, 15.5, 2.75], "rotation": 90, "texture": "#1"},
				"down": {"uv": [15.25, 0, 15.5, 2.75], "rotation": 270, "texture": "#1"}
			}
		},
		{
			"from": [3.5, -16, 16.9],
			"to": [5.5, -6, 18.9],
			"rotation": {"angle": -45, "axis": "y", "origin": [8, -8.6, 8]},
			"faces": {
				"north": {"uv": [15.5, 0, 16, 2.5], "texture": "#1"},
				"east": {"uv": [15.5, 0, 16, 2.5], "texture": "#1"},
				"south": {"uv": [15.5, 0, 16, 2.5], "texture": "#1"},
				"west": {"uv": [15.5, 0, 16, 2.5], "texture": "#1"},
				"up": {"uv": [15.5, 0, 16, 0.5], "rotation": 90, "texture": "#1"},
				"down": {"uv": [15.5, 0, 16, 0.5], "rotation": 270, "texture": "#1"}
			}
		},
		{
			"from": [10.5, -16, 16.9],
			"to": [12.5, -6, 18.9],
			"rotation": {"angle": -45, "axis": "y", "origin": [8, -8.6, 8]},
			"faces": {
				"north": {"uv": [15.5, 0, 16, 2.5], "texture": "#1"},
				"east": {"uv": [15.5, 0, 16, 2.5], "texture": "#1"},
				"south": {"uv": [15.5, 0, 16, 2.5], "texture": "#1"},
				"west": {"uv": [15.5, 0, 16, 2.5], "texture": "#1"},
				"up": {"uv": [15.5, 0, 16, 0.5], "rotation": 90, "texture": "#1"},
				"down": {"uv": [15.5, 0, 16, 0.5], "rotation": 270, "texture": "#1"}
			}
		},
		{
			"from": [-2.4, -8, 7.5],
			"to": [-1.4, -6, 8.5],
			"rotation": {"angle": -45, "axis": "y", "origin": [8, -8.6, 8]},
			"faces": {
				"north": {"uv": [15.75, 0, 16, 0.5], "texture": "#1"},
				"east": {"uv": [15.75, 0, 16, 0.5], "texture": "#1"},
				"south": {"uv": [15.75, 0, 16, 0.5], "texture": "#1"},
				"west": {"uv": [15.75, 0, 16, 0.5], "texture": "#1"},
				"up": {"uv": [15.75, 0, 16, 0.25], "rotation": 180, "texture": "#1"},
				"down": {"uv": [15.75, 0, 16, 0.25], "rotation": 180, "texture": "#1"}
			}
		},
		{
			"from": [-2.4, -8, 7.5],
			"to": [-1.4, -6, 8.5],
			"rotation": {"angle": -45, "axis": "y", "origin": [8, -8.6, 8]},
			"faces": {
				"north": {"uv": [15.75, 0, 16, 0.5], "texture": "#1"},
				"east": {"uv": [15.75, 0, 16, 0.5], "texture": "#1"},
				"south": {"uv": [15.75, 0, 16, 0.5], "texture": "#1"},
				"west": {"uv": [15.75, 0, 16, 0.5], "texture": "#1"},
				"up": {"uv": [15.75, 0, 16, 0.25], "rotation": 180, "texture": "#1"},
				"down": {"uv": [15.75, 0, 16, 0.25], "rotation": 180, "texture": "#1"}
			}
		},
		{
			"from": [-3.4, -6, 1.5],
			"to": [-0.4, -5, 14.5],
			"rotation": {"angle": -45, "axis": "y", "origin": [8, -8.6, 8]},
			"faces": {
				"north": {"uv": [15.75, 0, 16, 0.5], "texture": "#1"},
				"east": {"uv": [13.25, 0, 16, 0.5], "texture": "#1"},
				"south": {"uv": [15.75, 0, 16, 0.5], "texture": "#1"},
				"west": {"uv": [13.25, 0, 16, 0.5], "texture": "#1"},
				"up": {"uv": [15.25, 0, 15.5, 2.75], "rotation": 180, "texture": "#1"},
				"down": {"uv": [15.25, 0, 15.5, 2.75], "rotation": 180, "texture": "#1"}
			}
		},
		{
			"from": [-2.5, -9, 2.5],
			"to": [-1.3, -8, 13.5],
			"rotation": {"angle": -45, "axis": "y", "origin": [8, -8.6, 8]},
			"faces": {
				"north": {"uv": [15.75, 0, 16, 0.5], "texture": "#1"},
				"east": {"uv": [13.25, 0, 16, 0.5], "texture": "#1"},
				"south": {"uv": [15.75, 0, 16, 0.5], "texture": "#1"},
				"west": {"uv": [13.25, 0, 16, 0.5], "texture": "#1"},
				"up": {"uv": [15.25, 0, 15.5, 2.75], "rotation": 180, "texture": "#1"},
				"down": {"uv": [15.25, 0, 15.5, 2.75], "rotation": 180, "texture": "#1"}
			}
		},
		{
			"from": [-2.9, -16, 3.5],
			"to": [-0.9, -6, 5.5],
			"rotation": {"angle": -45, "axis": "y", "origin": [8, -8.6, 8]},
			"faces": {
				"north": {"uv": [15.5, 0, 16, 2.5], "texture": "#1"},
				"east": {"uv": [15.5, 0, 16, 2.5], "texture": "#1"},
				"south": {"uv": [15.5, 0, 16, 2.5], "texture": "#1"},
				"west": {"uv": [15.5, 0, 16, 2.5], "texture": "#1"},
				"up": {"uv": [15.5, 0, 16, 0.5], "rotation": 180, "texture": "#1"},
				"down": {"uv": [15.5, 0, 16, 0.5], "rotation": 180, "texture": "#1"}
			}
		},
		{
			"from": [-2.9, -16, 10.5],
			"to": [-0.9, -6, 12.5],
			"rotation": {"angle": -45, "axis": "y", "origin": [8, -8.6, 8]},
			"faces": {
				"north": {"uv": [15.5, 0, 16, 2.5], "texture": "#1"},
				"east": {"uv": [15.5, 0, 16, 2.5], "texture": "#1"},
				"south": {"uv": [15.5, 0, 16, 2.5], "texture": "#1"},
				"west": {"uv": [15.5, 0, 16, 2.5], "texture": "#1"},
				"up": {"uv": [15.5, 0, 16, 0.5], "rotation": 180, "texture": "#1"},
				"down": {"uv": [15.5, 0, 16, 0.5], "rotation": 180, "texture": "#1"}
			}
		},
		{
			"from": [-3.4, -6, 1.5],
			"to": [-0.4, -5, 14.5],
			"rotation": {"angle": -45, "axis": "y", "origin": [8, -8.6, 8]},
			"faces": {
				"north": {"uv": [15.75, 0, 16, 0.5], "texture": "#1"},
				"east": {"uv": [13.25, 0, 16, 0.5], "texture": "#1"},
				"south": {"uv": [15.75, 0, 16, 0.5], "texture": "#1"},
				"west": {"uv": [13.25, 0, 16, 0.5], "texture": "#1"},
				"up": {"uv": [15.25, 0, 15.5, 2.75], "rotation": 180, "texture": "#1"},
				"down": {"uv": [15.25, 0, 15.5, 2.75], "rotation": 180, "texture": "#1"}
			}
		},
		{
			"from": [-2.5, -9, 2.5],
			"to": [-1.3, -8, 13.5],
			"rotation": {"angle": -45, "axis": "y", "origin": [8, -8.6, 8]},
			"faces": {
				"north": {"uv": [15.75, 0, 16, 0.5], "texture": "#1"},
				"east": {"uv": [13.25, 0, 16, 0.5], "texture": "#1"},
				"south": {"uv": [15.75, 0, 16, 0.5], "texture": "#1"},
				"west": {"uv": [13.25, 0, 16, 0.5], "texture": "#1"},
				"up": {"uv": [15.25, 0, 15.5, 2.75], "rotation": 180, "texture": "#1"},
				"down": {"uv": [15.25, 0, 15.5, 2.75], "rotation": 180, "texture": "#1"}
			}
		},
		{
			"from": [-2.9, -16, 3.5],
			"to": [-0.9, -6, 5.5],
			"rotation": {"angle": -45, "axis": "y", "origin": [8, -8.6, 8]},
			"faces": {
				"north": {"uv": [15.5, 0, 16, 2.5], "texture": "#1"},
				"east": {"uv": [15.5, 0, 16, 2.5], "texture": "#1"},
				"south": {"uv": [15.5, 0, 16, 2.5], "texture": "#1"},
				"west": {"uv": [15.5, 0, 16, 2.5], "texture": "#1"},
				"up": {"uv": [15.5, 0, 16, 0.5], "rotation": 180, "texture": "#1"},
				"down": {"uv": [15.5, 0, 16, 0.5], "rotation": 180, "texture": "#1"}
			}
		},
		{
			"from": [-2.9, -16, 10.5],
			"to": [-0.9, -6, 12.5],
			"rotation": {"angle": -45, "axis": "y", "origin": [8, -8.6, 8]},
			"faces": {
				"north": {"uv": [15.5, 0, 16, 2.5], "texture": "#1"},
				"east": {"uv": [15.5, 0, 16, 2.5], "texture": "#1"},
				"south": {"uv": [15.5, 0, 16, 2.5], "texture": "#1"},
				"west": {"uv": [15.5, 0, 16, 2.5], "texture": "#1"},
				"up": {"uv": [15.5, 0, 16, 0.5], "rotation": 180, "texture": "#1"},
				"down": {"uv": [15.5, 0, 16, 0.5], "rotation": 180, "texture": "#1"}
			}
		},
		{
			"from": [7.5, -8, 17.4],
			"to": [8.5, -6, 18.4],
			"rotation": {"angle": 45, "axis": "y", "origin": [8, -8.6, 8]},
			"faces": {
				"north": {"uv": [15.75, 0, 16, 0.5], "texture": "#1"},
				"east": {"uv": [15.75, 0, 16, 0.5], "texture": "#1"},
				"south": {"uv": [15.75, 0, 16, 0.5], "texture": "#1"},
				"west": {"uv": [15.75, 0, 16, 0.5], "texture": "#1"},
				"up": {"uv": [15.75, 0, 16, 0.25], "rotation": 90, "texture": "#1"},
				"down": {"uv": [15.75, 0, 16, 0.25], "rotation": 270, "texture": "#1"}
			}
		},
		{
			"from": [1.5, -6, 16.4],
			"to": [14.5, -5, 19.4],
			"rotation": {"angle": 45, "axis": "y", "origin": [8, -8.6, 8]},
			"faces": {
				"north": {"uv": [13.25, 0, 16, 0.5], "texture": "#1"},
				"east": {"uv": [15.75, 0, 16, 0.5], "texture": "#1"},
				"south": {"uv": [13.25, 0, 16, 0.5], "texture": "#1"},
				"west": {"uv": [15.75, 0, 16, 0.5], "texture": "#1"},
				"up": {"uv": [15.25, 0, 15.5, 2.75], "rotation": 90, "texture": "#1"},
				"down": {"uv": [15.25, 0, 15.5, 2.75], "rotation": 270, "texture": "#1"}
			}
		},
		{
			"from": [2.5, -9, 17.3],
			"to": [13.5, -8, 18.5],
			"rotation": {"angle": 45, "axis": "y", "origin": [8, -8.6, 8]},
			"faces": {
				"north": {"uv": [13.25, 0, 16, 0.5], "texture": "#1"},
				"east": {"uv": [15.75, 0, 16, 0.5], "texture": "#1"},
				"south": {"uv": [13.25, 0, 16, 0.5], "texture": "#1"},
				"west": {"uv": [15.75, 0, 16, 0.5], "texture": "#1"},
				"up": {"uv": [15.25, 0, 15.5, 2.75], "rotation": 90, "texture": "#1"},
				"down": {"uv": [15.25, 0, 15.5, 2.75], "rotation": 270, "texture": "#1"}
			}
		},
		{
			"from": [3.5, -16, 16.9],
			"to": [5.5, -6, 18.9],
			"rotation": {"angle": 45, "axis": "y", "origin": [8, -8.6, 8]},
			"faces": {
				"north": {"uv": [15.5, 0, 16, 2.5], "texture": "#1"},
				"east": {"uv": [15.5, 0, 16, 2.5], "texture": "#1"},
				"south": {"uv": [15.5, 0, 16, 2.5], "texture": "#1"},
				"west": {"uv": [15.5, 0, 16, 2.5], "texture": "#1"},
				"up": {"uv": [15.5, 0, 16, 0.5], "rotation": 90, "texture": "#1"},
				"down": {"uv": [15.5, 0, 16, 0.5], "rotation": 270, "texture": "#1"}
			}
		},
		{
			"from": [10.5, -16, 16.9],
			"to": [12.5, -6, 18.9],
			"rotation": {"angle": 45, "axis": "y", "origin": [8, -8.6, 8]},
			"faces": {
				"north": {"uv": [15.5, 0, 16, 2.5], "texture": "#1"},
				"east": {"uv": [15.5, 0, 16, 2.5], "texture": "#1"},
				"south": {"uv": [15.5, 0, 16, 2.5], "texture": "#1"},
				"west": {"uv": [15.5, 0, 16, 2.5], "texture": "#1"},
				"up": {"uv": [15.5, 0, 16, 0.5], "rotation": 90, "texture": "#1"},
				"down": {"uv": [15.5, 0, 16, 0.5], "rotation": 270, "texture": "#1"}
			}
		},
		{
			"from": [17.4, -8, 7.5],
			"to": [18.4, -6, 8.5],
			"rotation": {"angle": 45, "axis": "y", "origin": [8, -8.6, 8]},
			"faces": {
				"north": {"uv": [15.75, 0, 16, 0.5], "texture": "#1"},
				"east": {"uv": [15.75, 0, 16, 0.5], "texture": "#1"},
				"south": {"uv": [15.75, 0, 16, 0.5], "texture": "#1"},
				"west": {"uv": [15.75, 0, 16, 0.5], "texture": "#1"},
				"up": {"uv": [15.75, 0, 16, 0.25], "texture": "#1"},
				"down": {"uv": [15.75, 0, 16, 0.25], "texture": "#1"}
			}
		},
		{
			"from": [16.4, -6, 1.5],
			"to": [19.4, -5, 14.5],
			"rotation": {"angle": 45, "axis": "y", "origin": [8, -8.6, 8]},
			"faces": {
				"north": {"uv": [15.75, 0, 16, 0.5], "texture": "#1"},
				"east": {"uv": [13.25, 0, 16, 0.5], "texture": "#1"},
				"south": {"uv": [15.75, 0, 16, 0.5], "texture": "#1"},
				"west": {"uv": [13.25, 0, 16, 0.5], "texture": "#1"},
				"up": {"uv": [15.25, 0, 15.5, 2.75], "texture": "#1"},
				"down": {"uv": [15.25, 0, 15.5, 2.75], "texture": "#1"}
			}
		},
		{
			"from": [17.3, -9, 2.5],
			"to": [18.5, -8, 13.5],
			"rotation": {"angle": 45, "axis": "y", "origin": [8, -8.6, 8]},
			"faces": {
				"north": {"uv": [15.75, 0, 16, 0.5], "texture": "#1"},
				"east": {"uv": [13.25, 0, 16, 0.5], "texture": "#1"},
				"south": {"uv": [15.75, 0, 16, 0.5], "texture": "#1"},
				"west": {"uv": [13.25, 0, 16, 0.5], "texture": "#1"},
				"up": {"uv": [15.25, 0, 15.5, 2.75], "texture": "#1"},
				"down": {"uv": [15.25, 0, 15.5, 2.75], "texture": "#1"}
			}
		},
		{
			"from": [16.9, -16, 10.5],
			"to": [18.9, -6, 12.5],
			"rotation": {"angle": 45, "axis": "y", "origin": [8, -8.6, 8]},
			"faces": {
				"north": {"uv": [15.5, 0, 16, 2.5], "texture": "#1"},
				"east": {"uv": [15.5, 0, 16, 2.5], "texture": "#1"},
				"south": {"uv": [15.5, 0, 16, 2.5], "texture": "#1"},
				"west": {"uv": [15.5, 0, 16, 2.5], "texture": "#1"},
				"up": {"uv": [15.5, 0, 16, 0.5], "texture": "#1"},
				"down": {"uv": [15.5, 0, 16, 0.5], "texture": "#1"}
			}
		},
		{
			"from": [16.9, -16, 3.5],
			"to": [18.9, -6, 5.5],
			"rotation": {"angle": 45, "axis": "y", "origin": [8, -8.6, 8]},
			"faces": {
				"north": {"uv": [15.5, 0, 16, 2.5], "texture": "#1"},
				"east": {"uv": [15.5, 0, 16, 2.5], "texture": "#1"},
				"south": {"uv": [15.5, 0, 16, 2.5], "texture": "#1"},
				"west": {"uv": [15.5, 0, 16, 2.5], "texture": "#1"},
				"up": {"uv": [15.5, 0, 16, 0.5], "texture": "#1"},
				"down": {"uv": [15.5, 0, 16, 0.5], "texture": "#1"}
			}
		}
	],
	"display": {
		"thirdperson_righthand": {
			"rotation": [60, 0, 0],
			"translation": [0, 1.5, 2],
			"scale": [0.2, 0.2, 0.2]
		},
		"thirdperson_lefthand": {
			"rotation": [60, 0, 0],
			"translation": [0, 1.5, 2],
			"scale": [0.2, 0.2, 0.2]
		},
		"firstperson_righthand": {
			"rotation": [0, 135, 0],
			"translation": [0, 6.5, 0],
			"scale": [0.2, 0.2, 0.2]
		},
		"firstperson_lefthand": {
			"rotation": [0, 135, 0],
			"translation": [0, 6.5, 0],
			"scale": [0.2, 0.2, 0.2]
		},
		"ground": {
			"translation": [0, 20, 0]
		},
		"gui": {
			"rotation": [30, 135, 0],
			"translation": [0, 11.5, 0]
		},
		"head": {
			"translation": [0, -7.5, 0],
			"scale": [1.5, 1.5, 1.5]
		},
		"fixed": {
			"translation": [0, 4, -1.5],
			"scale": [0.5, 0.5, 0.5]
		}
	},
	"groups": [
		{
			"name": "plate",
			"origin": [0, 0, 0],
			"color": 0,
			"children": [0, 1]
		},
		{
			"name": "Charactor",
			"origin": [8, 8, 8],
			"color": 0,
			"children": [
				{
					"name": "C",
					"origin": [8, 8, 8],
					"color": 0,
					"children": [2, 3, 4, 5, 6, 7, 8]
				},
				{
					"name": "LL",
					"origin": [0, 0, 0],
					"color": 0,
					"children": [9, 10, 11, 12]
				},
				{
					"name": "RL",
					"origin": [0, 0, 0],
					"color": 0,
					"children": [13, 14, 15, 16]
				},
				{
					"name": "LA",
					"origin": [8, 8, 8],
					"color": 0,
					"children": [17, 18, 19]
				},
				{
					"name": "RA",
					"origin": [13.5, 4, 8],
					"color": 0,
					"children": [20, 21, 22, 23]
				},
				{
					"name": "B",
					"origin": [0, 0, 0],
					"color": 0,
					"children": [
						{
							"name": "T",
							"origin": [0, 0, 0],
							"color": 0,
							"children": [24, 25, 26, 27]
						},
						{
							"name": "T",
							"origin": [0, 0, 0],
							"color": 0,
							"children": [28, 29, 30, 31]
						},
						{
							"name": "T",
							"origin": [0, 0, 0],
							"color": 0,
							"children": [32, 33, 34, 35]
						}, 36, 37, 38, 39, 40, 41, 42, 43, 44, 45, 46, 47, 48, 49, 50, 51]
				},
				{
					"name": "H",
					"origin": [0, 0, 0],
					"color": 0,
					"children": [52, 53, 54,
						{
							"name": "group",
							"origin": [0, 0, 0],
							"color": 0,
							"children": [55, 56, 57, 58, 59]
						},
						{
							"name": "group",
							"origin": [0, 0, 0],
							"color": 0,
							"children": [60, 61, 62, 63, 64]
						},
						{
							"name": "group",
							"origin": [0, 0, 0],
							"color": 0,
							"children": [65, 66, 67]
						}
					]
				}
			]
		},
		{
			"name": "group",
			"origin": [0, 0, 0],
			"color": 0,
			"children": [68, 69, 70, 71, 72]
		},
		{
			"name": "group",
			"origin": [0, 0, 0],
			"color": 0,
			"children": [73,
				{
					"name": "group",
					"origin": [0, 0, 0],
					"color": 0,
					"children": [74, 75, 76, 77, 78]
				}, 79, 80, 81, 82]
		},
		{
			"name": "group",
			"origin": [0, 0, 0],
			"color": 0,
			"children": [83, 84, 85, 86, 87]
		},
		{
			"name": "group",
			"origin": [0, 0, 0],
			"color": 0,
			"children": [88, 89, 90, 91, 92]
		}
	]
}