{
	"credit": "Made with Blockbench",
	"texture_size": [64, 64],
	"textures": {
		"1": "item/foxgirl/foxgirl1",
		"particle": "item/foxgirl/foxgirl1"
	},
	"elements": [
		{
			"name": "H",
			"from": [4, 10, 4],
			"to": [12, 18, 12],
			"faces": {
				"north": {"uv": [2, 2, 4, 4], "texture": "#1"},
				"east": {"uv": [0, 2, 2, 4], "texture": "#1"},
				"south": {"uv": [6, 2, 8, 4], "texture": "#1"},
				"west": {"uv": [4, 2, 6, 4], "texture": "#1"},
				"up": {"uv": [2, 0, 4, 2], "texture": "#1"},
				"down": {"uv": [4, 0, 6, 2], "texture": "#1"}
			}
		},
		{
			"from": [3.5, 8, 3.9],
			"to": [12.5, 18, 5.9],
			"faces": {
				"north": {"uv": [9.75, 1.5, 12, 4], "texture": "#1"},
				"east": {"uv": [9.25, 1.25, 9.75, 3.75], "texture": "#1"},
				"south": {"uv": [0, 0.75, 2, 2], "texture": "#1"},
				"west": {"uv": [12, 1.5, 12.5, 4], "texture": "#1"},
				"up": {"uv": [0, 0.75, 2, 1.25], "texture": "#1"},
				"down": {"uv": [0, 0.75, 2, 1.25], "texture": "#1"}
			}
		},
		{
			"from": [5, 15, 2],
			"to": [5, 21, 8],
			"rotation": {"angle": 22.5, "axis": "y", "origin": [0, 0, 0]},
			"faces": {
				"north": {"uv": [0, 0, 0.25, 2], "texture": "#1"},
				"east": {"uv": [6, 0, 8, 2], "texture": "#1"},
				"south": {"uv": [0, 0, 0.25, 2], "texture": "#1"},
				"west": {"uv": [8, 0, 6, 2], "texture": "#1"},
				"up": {"uv": [0, 0, 0.25, 2], "texture": "#1"},
				"down": {"uv": [0, 0, 0.25, 2], "texture": "#1"}
			}
		},
		{
			"from": [5.75, 18, 7],
			"to": [6.75, 23, 8],
			"rotation": {"angle": -22.5, "axis": "y", "origin": [5.5, 19.7, 8.3]},
			"faces": {
				"north": {"uv": [0, 12.5, 0.25, 13.75], "texture": "#1"},
				"east": {"uv": [0, 12.5, 0.25, 13.75], "texture": "#1"},
				"south": {"uv": [0, 13.25, 0.25, 14.5], "texture": "#1"},
				"west": {"uv": [0, 12.25, 0.25, 13.5], "texture": "#1"},
				"up": {"uv": [0, 11.25, 0.25, 11.5], "texture": "#1"},
				"down": {"uv": [0.25, 15.25, 0.5, 15.5], "texture": "#1"}
			}
		},
		{
			"from": [4.75, 18, 7],
			"to": [5.75, 22, 8],
			"rotation": {"angle": -22.5, "axis": "y", "origin": [5.5, 19.7, 8.3]},
			"faces": {
				"north": {"uv": [0, 12.5, 0.25, 13.75], "texture": "#1"},
				"east": {"uv": [0, 12.5, 0.25, 13.75], "texture": "#1"},
				"south": {"uv": [0.25, 13, 0.5, 14.25], "texture": "#1"},
				"west": {"uv": [0, 12.25, 0.25, 13.5], "texture": "#1"},
				"up": {"uv": [0, 11.25, 0.25, 11.5], "texture": "#1"},
				"down": {"uv": [0.25, 15.25, 0.5, 15.5], "texture": "#1"}
			}
		},
		{
			"from": [3.75, 18, 7],
			"to": [4.75, 21, 8],
			"rotation": {"angle": -22.5, "axis": "y", "origin": [5.5, 19.7, 8.3]},
			"faces": {
				"north": {"uv": [0, 12.5, 0.25, 13.75], "texture": "#1"},
				"east": {"uv": [0, 12.5, 0.25, 13.75], "texture": "#1"},
				"south": {"uv": [0, 14, 0.25, 15.25], "texture": "#1"},
				"west": {"uv": [0, 11.25, 0.25, 12.5], "texture": "#1"},
				"up": {"uv": [0, 11.25, 0.25, 11.5], "texture": "#1"},
				"down": {"uv": [0.25, 15.25, 0.5, 15.5], "texture": "#1"}
			}
		},
		{
			"from": [5.25, 18, 6.5],
			"to": [6.25, 21, 7.5],
			"rotation": {"angle": -22.5, "axis": "y", "origin": [5.5, 19.7, 8.3]},
			"faces": {
				"north": {"uv": [2.75, 10.25, 3, 11], "texture": "#1"},
				"east": {"uv": [2.75, 10, 3, 10.75], "texture": "#1"},
				"south": {"uv": [2.5, 10, 2.75, 10.75], "texture": "#1"},
				"west": {"uv": [2.5, 10.25, 2.75, 11], "texture": "#1"},
				"up": {"uv": [2.5, 10, 2.75, 10.25], "texture": "#1"},
				"down": {"uv": [3, 10.25, 3.25, 10.5], "texture": "#1"}
			}
		},
		{
			"from": [4.25, 18, 6.5],
			"to": [5.25, 20, 7.5],
			"rotation": {"angle": -22.5, "axis": "y", "origin": [5.5, 19.7, 8.3]},
			"faces": {
				"north": {"uv": [2.75, 10.25, 3, 11], "texture": "#1"},
				"east": {"uv": [2.75, 10, 3, 10.75], "texture": "#1"},
				"south": {"uv": [2.5, 10, 2.75, 10.75], "texture": "#1"},
				"west": {"uv": [2.5, 10.25, 2.75, 11], "texture": "#1"},
				"up": {"uv": [2.5, 10, 2.75, 10.25], "texture": "#1"},
				"down": {"uv": [3, 10.25, 3.25, 10.5], "texture": "#1"}
			}
		},
		{
			"from": [9.25, 18, 7],
			"to": [10.25, 23, 8],
			"rotation": {"angle": 22.5, "axis": "y", "origin": [10.5, 19.7, 8.3]},
			"faces": {
				"north": {"uv": [0, 12.5, 0.25, 13.75], "texture": "#1"},
				"east": {"uv": [0, 12.5, 0.25, 13.75], "texture": "#1"},
				"south": {"uv": [0, 13.25, 0.25, 14.5], "texture": "#1"},
				"west": {"uv": [0, 12.25, 0.25, 13.5], "texture": "#1"},
				"up": {"uv": [0, 11.25, 0.25, 11.5], "texture": "#1"},
				"down": {"uv": [0.25, 15.25, 0.5, 15.5], "texture": "#1"}
			}
		},
		{
			"from": [10.25, 18, 7],
			"to": [11.25, 22, 8],
			"rotation": {"angle": 22.5, "axis": "y", "origin": [10.5, 19.7, 8.3]},
			"faces": {
				"north": {"uv": [0, 12.5, 0.25, 13.75], "texture": "#1"},
				"east": {"uv": [0, 12.5, 0.25, 13.75], "texture": "#1"},
				"south": {"uv": [0.25, 13, 0.5, 14.25], "texture": "#1"},
				"west": {"uv": [0, 12.25, 0.25, 13.5], "texture": "#1"},
				"up": {"uv": [0, 11.25, 0.25, 11.5], "texture": "#1"},
				"down": {"uv": [0.25, 15.25, 0.5, 15.5], "texture": "#1"}
			}
		},
		{
			"from": [11.25, 18, 7],
			"to": [12.25, 21, 8],
			"rotation": {"angle": 22.5, "axis": "y", "origin": [10.5, 19.7, 8.3]},
			"faces": {
				"north": {"uv": [0, 12.5, 0.25, 13.75], "texture": "#1"},
				"east": {"uv": [0, 12.5, 0.25, 13.75], "texture": "#1"},
				"south": {"uv": [0, 14, 0.25, 15.25], "texture": "#1"},
				"west": {"uv": [0, 11.25, 0.25, 12.5], "texture": "#1"},
				"up": {"uv": [0, 11.25, 0.25, 11.5], "texture": "#1"},
				"down": {"uv": [0.25, 15.25, 0.5, 15.5], "texture": "#1"}
			}
		},
		{
			"from": [9.75, 18, 6.5],
			"to": [10.75, 21, 7.5],
			"rotation": {"angle": 22.5, "axis": "y", "origin": [10.5, 19.7, 8.3]},
			"faces": {
				"north": {"uv": [2.75, 10.25, 3, 11], "texture": "#1"},
				"east": {"uv": [2.75, 10, 3, 10.75], "texture": "#1"},
				"south": {"uv": [2.5, 10, 2.75, 10.75], "texture": "#1"},
				"west": {"uv": [2.5, 10.25, 2.75, 11], "texture": "#1"},
				"up": {"uv": [2.5, 10, 2.75, 10.25], "texture": "#1"},
				"down": {"uv": [3, 10.25, 3.25, 10.5], "texture": "#1"}
			}
		},
		{
			"from": [10.75, 18, 6.5],
			"to": [11.75, 20, 7.5],
			"rotation": {"angle": 22.5, "axis": "y", "origin": [10.5, 19.7, 8.3]},
			"faces": {
				"north": {"uv": [2.75, 10.25, 3, 11], "texture": "#1"},
				"east": {"uv": [2.75, 10, 3, 10.75], "texture": "#1"},
				"south": {"uv": [2.5, 10, 2.75, 10.75], "texture": "#1"},
				"west": {"uv": [2.5, 10.25, 2.75, 11], "texture": "#1"},
				"up": {"uv": [2.5, 10, 2.75, 10.25], "texture": "#1"},
				"down": {"uv": [3, 10.25, 3.25, 10.5], "texture": "#1"}
			}
		},
		{
			"from": [5, 0, 11],
			"to": [11, 10, 12],
			"faces": {
				"north": {"uv": [0.5, 12, 2, 16], "texture": "#1"},
				"east": {"uv": [0, 12, 0.25, 16], "texture": "#1"},
				"south": {"uv": [0, 12, 1.5, 16], "texture": "#1"},
				"west": {"uv": [0, 12, 0.25, 16], "texture": "#1"},
				"up": {"uv": [0, 11.25, 1.5, 11.5], "texture": "#1"},
				"down": {"uv": [0, 15.75, 1.5, 16], "texture": "#1"}
			}
		},
		{
			"from": [4, 2, 11],
			"to": [5, 10, 12],
			"faces": {
				"north": {"uv": [2.25, 11.75, 2.5, 15.25], "texture": "#1"},
				"east": {"uv": [2.5, 11.75, 2.75, 15.25], "texture": "#1"},
				"south": {"uv": [1.5, 11.75, 1.75, 15.25], "texture": "#1"},
				"west": {"uv": [1.5, 12.5, 1.75, 16], "texture": "#1"},
				"up": {"uv": [1.5, 12, 1.75, 12.25], "texture": "#1"},
				"down": {"uv": [1, 11.25, 1.25, 11.5], "texture": "#1"}
			}
		},
		{
			"from": [11, 2, 11],
			"to": [12, 10, 12],
			"faces": {
				"north": {"uv": [2.25, 11.75, 2.5, 15.25], "texture": "#1"},
				"east": {"uv": [2.5, 11.75, 2.75, 15.25], "texture": "#1"},
				"south": {"uv": [1.5, 11.75, 1.75, 15.25], "texture": "#1"},
				"west": {"uv": [1.5, 12.5, 1.75, 16], "texture": "#1"},
				"up": {"uv": [1.5, 12, 1.75, 12.25], "texture": "#1"},
				"down": {"uv": [1, 11.25, 1.25, 11.5], "texture": "#1"}
			}
		}
	],
	"display": {
		"thirdperson_righthand": {
			"rotation": [60, 0, 0],
			"translation": [0, 1.5, 2],
			"scale": [0.2, 0.2, 0.2]
		},
		"thirdperson_lefthand": {
			"rotation": [60, 0, 0],
			"translation": [0, 1.5, 2],
			"scale": [0.2, 0.2, 0.2]
		},
		"firstperson_righthand": {
			"rotation": [0, 135, 0],
			"translation": [0, 6.5, 0],
			"scale": [0.2, 0.2, 0.2]
		},
		"firstperson_lefthand": {
			"rotation": [0, 135, 0],
			"translation": [0, 6.5, 0],
			"scale": [0.2, 0.2, 0.2]
		},
		"ground": {
			"translation": [0, 20, 0]
		},
		"gui": {
			"rotation": [30, 135, 0],
			"translation": [0, 11.5, 0]
		},
		"head": {
			"translation": [0, -7.5, 0],
			"scale": [1.5, 1.5, 1.5]
		},
		"fixed": {
			"translation": [0, 4, -1.5],
			"scale": [0.5, 0.5, 0.5]
		}
	},
	"groups": [
		{
			"name": "Charactor",
			"origin": [8, 8, 8],
			"color": 0,
			"children": [
				{
					"name": "H",
					"origin": [0, 0, 0],
					"color": 0,
					"children": [0, 1, 2,
						{
							"name": "group",
							"origin": [0, 0, 0],
							"color": 0,
							"children": [3, 4, 5, 6, 7]
						},
						{
							"name": "group",
							"origin": [0, 0, 0],
							"color": 0,
							"children": [8, 9, 10, 11, 12]
						},
						{
							"name": "group",
							"origin": [0, 0, 0],
							"color": 0,
							"children": [13, 14, 15]
						}
					]
				}
			]
		}
	]
}