{
	"credit": "Made with Blockbench",
	"texture_size": [64, 64],
	"textures": {
		"1": "item/foxgirl/foxgirl3",
		"particle": "item/foxgirl/foxgirl3"
	},
	"elements": [
		{
			"from": [11, -0.4, 9],
			"to": [15, 3.6, 13],
			"rotation": {"angle": 22.5, "axis": "y", "origin": [10, -1, 17.875]},
			"faces": {
				"north": {"uv": [11.5, 15, 12.5, 16], "texture": "#1"},
				"east": {"uv": [11.5, 15, 12.5, 16], "texture": "#1"},
				"south": {"uv": [12, 15, 13, 16], "texture": "#1"},
				"west": {"uv": [12.5, 15, 13.5, 16], "texture": "#1"},
				"up": {"uv": [11.5, 15, 12.5, 16], "texture": "#1"},
				"down": {"uv": [11.5, 15, 12.5, 16], "texture": "#1"}
			}
		},
		{
			"from": [10.5, -0.9, 12],
			"to": [15.5, 4.1, 20],
			"rotation": {"angle": 22.5, "axis": "y", "origin": [10, -1, 17.875]},
			"faces": {
				"north": {"uv": [11.5, 15, 12.5, 16], "texture": "#1"},
				"east": {"uv": [11.5, 14, 12.5, 16], "rotation": 270, "texture": "#1"},
				"south": {"uv": [12, 15, 13, 16], "texture": "#1"},
				"west": {"uv": [13.5, 14, 12.5, 16], "rotation": 90, "texture": "#1"},
				"up": {"uv": [11.5, 16, 12.5, 14], "texture": "#1"},
				"down": {"uv": [11.5, 14, 12.5, 16], "texture": "#1"}
			}
		},
		{
			"from": [11, -0.4, 19],
			"to": [15, 3.6, 23],
			"rotation": {"angle": 22.5, "axis": "y", "origin": [10, -1, 17.875]},
			"faces": {
				"north": {"uv": [11.5, 13, 12.5, 14], "texture": "#1"},
				"east": {"uv": [11.5, 13, 12.5, 14], "rotation": 270, "texture": "#1"},
				"south": {"uv": [12, 13, 13, 14], "texture": "#1"},
				"west": {"uv": [12.5, 13, 13.5, 14], "rotation": 90, "texture": "#1"},
				"up": {"uv": [11.75, 13, 12.75, 14], "rotation": 180, "texture": "#1"},
				"down": {"uv": [12, 13, 13, 14], "texture": "#1"}
			}
		},
		{
			"from": [12, 0.6, 22.5],
			"to": [14, 2.6, 24.5],
			"rotation": {"angle": 22.5, "axis": "y", "origin": [10, -1, 17.875]},
			"faces": {
				"north": {"uv": [11.5, 13, 12.5, 14], "texture": "#1"},
				"east": {"uv": [11.5, 13, 12.5, 14], "rotation": 270, "texture": "#1"},
				"south": {"uv": [12, 13, 13, 14], "texture": "#1"},
				"west": {"uv": [12.5, 13, 13.5, 14], "rotation": 90, "texture": "#1"},
				"up": {"uv": [11.75, 13, 12.75, 14], "rotation": 180, "texture": "#1"},
				"down": {"uv": [12, 13, 13, 14], "texture": "#1"}
			}
		},
		{
			"from": [2, -0.9, 10],
			"to": [6, 3.1, 14],
			"rotation": {"angle": -22.5, "axis": "y", "origin": [10, -1, 17.875]},
			"faces": {
				"north": {"uv": [11.5, 15, 12.5, 16], "texture": "#1"},
				"east": {"uv": [11.5, 15, 12.5, 16], "texture": "#1"},
				"south": {"uv": [12, 15, 13, 16], "texture": "#1"},
				"west": {"uv": [12.5, 15, 13.5, 16], "texture": "#1"},
				"up": {"uv": [11.5, 15, 12.5, 16], "texture": "#1"},
				"down": {"uv": [11.5, 15, 12.5, 16], "texture": "#1"}
			}
		},
		{
			"from": [1.5, -1.4, 13],
			"to": [6.5, 3.6, 21],
			"rotation": {"angle": -22.5, "axis": "y", "origin": [10, -1, 17.875]},
			"faces": {
				"north": {"uv": [11.5, 15, 12.5, 16], "texture": "#1"},
				"east": {"uv": [11.5, 14, 12.5, 16], "rotation": 270, "texture": "#1"},
				"south": {"uv": [12, 15, 13, 16], "texture": "#1"},
				"west": {"uv": [13.5, 14, 12.5, 16], "rotation": 90, "texture": "#1"},
				"up": {"uv": [11.5, 16, 12.5, 14], "texture": "#1"},
				"down": {"uv": [11.5, 14, 12.5, 16], "texture": "#1"}
			}
		},
		{
			"from": [2, -0.9, 20],
			"to": [6, 3.1, 24],
			"rotation": {"angle": -22.5, "axis": "y", "origin": [10, -1, 17.875]},
			"faces": {
				"north": {"uv": [11.5, 13, 12.5, 14], "texture": "#1"},
				"east": {"uv": [11.5, 13, 12.5, 14], "rotation": 270, "texture": "#1"},
				"south": {"uv": [12, 13, 13, 14], "texture": "#1"},
				"west": {"uv": [12.5, 13, 13.5, 14], "rotation": 90, "texture": "#1"},
				"up": {"uv": [11.75, 13, 12.75, 14], "rotation": 180, "texture": "#1"},
				"down": {"uv": [12, 13, 13, 14], "texture": "#1"}
			}
		},
		{
			"from": [3, 0.1, 23.5],
			"to": [5, 2.1, 25.5],
			"rotation": {"angle": -22.5, "axis": "y", "origin": [10, -1, 17.875]},
			"faces": {
				"north": {"uv": [11.5, 13, 12.5, 14], "texture": "#1"},
				"east": {"uv": [11.5, 13, 12.5, 14], "rotation": 270, "texture": "#1"},
				"south": {"uv": [12, 13, 13, 14], "texture": "#1"},
				"west": {"uv": [12.5, 13, 13.5, 14], "rotation": 90, "texture": "#1"},
				"up": {"uv": [11.75, 13, 12.75, 14], "rotation": 180, "texture": "#1"},
				"down": {"uv": [12, 13, 13, 14], "texture": "#1"}
			}
		},
		{
			"from": [6, 2.6, 12],
			"to": [10, 6.6, 16],
			"rotation": {"angle": -22.5, "axis": "x", "origin": [10, -1, 17.875]},
			"faces": {
				"north": {"uv": [11.5, 15, 12.5, 16], "texture": "#1"},
				"east": {"uv": [11.5, 15, 12.5, 16], "texture": "#1"},
				"south": {"uv": [12, 15, 13, 16], "texture": "#1"},
				"west": {"uv": [12.5, 15, 13.5, 16], "texture": "#1"},
				"up": {"uv": [11.5, 15, 12.5, 16], "texture": "#1"},
				"down": {"uv": [11.5, 15, 12.5, 16], "texture": "#1"}
			}
		},
		{
			"from": [5.5, 2.1, 15],
			"to": [10.5, 7.1, 23],
			"rotation": {"angle": -22.5, "axis": "x", "origin": [10, -1, 17.875]},
			"faces": {
				"north": {"uv": [11.5, 15, 12.5, 16], "texture": "#1"},
				"east": {"uv": [11.5, 14, 12.5, 16], "rotation": 270, "texture": "#1"},
				"south": {"uv": [12, 15, 13, 16], "texture": "#1"},
				"west": {"uv": [13.5, 14, 12.5, 16], "rotation": 90, "texture": "#1"},
				"up": {"uv": [11.5, 16, 12.5, 14], "texture": "#1"},
				"down": {"uv": [11.5, 14, 12.5, 16], "texture": "#1"}
			}
		},
		{
			"from": [6, 2.6, 22],
			"to": [10, 6.6, 26],
			"rotation": {"angle": -22.5, "axis": "x", "origin": [10, -1, 17.875]},
			"faces": {
				"north": {"uv": [11.5, 13, 12.5, 14], "texture": "#1"},
				"east": {"uv": [11.5, 13, 12.5, 14], "rotation": 270, "texture": "#1"},
				"south": {"uv": [12, 13, 13, 14], "texture": "#1"},
				"west": {"uv": [12.5, 13, 13.5, 14], "rotation": 90, "texture": "#1"},
				"up": {"uv": [11.75, 13, 12.75, 14], "rotation": 180, "texture": "#1"},
				"down": {"uv": [12, 13, 13, 14], "texture": "#1"}
			}
		},
		{
			"from": [7, 3.6, 25.5],
			"to": [9, 5.6, 27.5],
			"rotation": {"angle": -22.5, "axis": "x", "origin": [10, -1, 17.875]},
			"faces": {
				"north": {"uv": [11.5, 13, 12.5, 14], "texture": "#1"},
				"east": {"uv": [11.5, 13, 12.5, 14], "rotation": 270, "texture": "#1"},
				"south": {"uv": [12, 13, 13, 14], "texture": "#1"},
				"west": {"uv": [12.5, 13, 13.5, 14], "rotation": 90, "texture": "#1"},
				"up": {"uv": [11.75, 13, 12.75, 14], "rotation": 180, "texture": "#1"},
				"down": {"uv": [12, 13, 13, 14], "texture": "#1"}
			}
		},
		{
			"name": "B",
			"from": [4, -1, 6.2],
			"to": [12, 11, 9.8],
			"rotation": {"angle": 0, "axis": "y", "origin": [0, 1, 0]},
			"faces": {
				"north": {"uv": [5, 5, 7, 8], "texture": "#1"},
				"east": {"uv": [4, 5, 5, 8], "texture": "#1"},
				"south": {"uv": [8, 5, 10, 8], "texture": "#1"},
				"west": {"uv": [7, 5, 8, 8], "texture": "#1"},
				"up": {"uv": [5, 4, 7, 5], "texture": "#1"},
				"down": {"uv": [7, 4, 9, 5], "texture": "#1"}
			}
		},
		{
			"name": "B",
			"from": [3.8, 1, 6],
			"to": [12.2, 3, 10],
			"rotation": {"angle": 0, "axis": "y", "origin": [0, 1, 0]},
			"faces": {
				"north": {"uv": [5, 8, 7, 9], "texture": "#1"},
				"east": {"uv": [5, 8, 7, 9], "texture": "#1"},
				"south": {"uv": [5, 8, 7, 9], "texture": "#1"},
				"west": {"uv": [5, 8, 7, 9], "texture": "#1"},
				"up": {"uv": [5, 8, 7, 9], "texture": "#1"},
				"down": {"uv": [5, 8, 7, 9], "texture": "#1"}
			}
		},
		{
			"from": [3.9, 5.35, 4.15],
			"to": [12.1, 9.35, 8.15],
			"rotation": {"angle": 45, "axis": "x", "origin": [8, 7.5, 7.2]},
			"faces": {
				"north": {"uv": [5, 5.25, 7, 5.75], "texture": "#1"},
				"east": {"uv": [6.5, 5.25, 7, 5.75], "texture": "#1"},
				"south": {"uv": [5, 5.25, 7, 5.75], "texture": "#1"},
				"west": {"uv": [5, 5.25, 5.5, 5.75], "texture": "#1"},
				"up": {"uv": [5, 5, 7, 5.75], "texture": "#1"},
				"down": {"uv": [5, 6.25, 7, 7], "texture": "#1"}
			}
		},
		{
			"from": [3.8, 5.15, 3.95],
			"to": [7.6, 9.35, 8.15],
			"rotation": {"angle": 45, "axis": "x", "origin": [8, 7.5, 7.2]},
			"faces": {
				"north": {"uv": [6.25, 5.25, 7, 5.75], "texture": "#1"},
				"east": {"uv": [6.5, 5.25, 7, 5.75], "texture": "#1"},
				"south": {"uv": [5, 5.25, 7, 5.75], "texture": "#1"},
				"west": {"uv": [5, 5.25, 5.5, 5.75], "texture": "#1"},
				"up": {"uv": [6.25, 5.25, 7, 5.75], "texture": "#1"},
				"down": {"uv": [6.25, 6.25, 7, 7], "texture": "#1"}
			}
		},
		{
			"from": [8.5, 5.15, 3.95],
			"to": [12.3, 9.35, 8.15],
			"rotation": {"angle": 45, "axis": "x", "origin": [8, 7.5, 7.2]},
			"faces": {
				"north": {"uv": [6.25, 5.25, 7, 5.75], "texture": "#1"},
				"east": {"uv": [6.5, 5.25, 7, 5.75], "texture": "#1"},
				"south": {"uv": [5, 5.25, 7, 5.75], "texture": "#1"},
				"west": {"uv": [5, 5.25, 5.5, 5.75], "texture": "#1"},
				"up": {"uv": [6.25, 5.25, 7, 5.75], "texture": "#1"},
				"down": {"uv": [6.25, 6.25, 7, 7], "texture": "#1"}
			}
		},
		{
			"from": [8.3, 5.25, 4.05],
			"to": [9.1, 8.45, 8.25],
			"rotation": {"angle": 45, "axis": "x", "origin": [8, 7.5, 7.2]},
			"faces": {
				"north": {"uv": [6.25, 5.25, 7, 5.75], "texture": "#1"},
				"east": {"uv": [6.5, 5.25, 7, 5.75], "texture": "#1"},
				"south": {"uv": [5, 5.25, 7, 5.75], "texture": "#1"},
				"west": {"uv": [5, 5.25, 5.5, 5.75], "texture": "#1"},
				"up": {"uv": [5, 5, 7, 5.75], "texture": "#1"},
				"down": {"uv": [6.25, 6.25, 7, 7], "texture": "#1"}
			}
		},
		{
			"from": [7, 5.25, 4.05],
			"to": [7.8, 8.45, 8.25],
			"rotation": {"angle": 45, "axis": "x", "origin": [8, 7.5, 7.2]},
			"faces": {
				"north": {"uv": [6.25, 5.25, 7, 5.75], "texture": "#1"},
				"east": {"uv": [6.5, 5.25, 7, 5.75], "texture": "#1"},
				"south": {"uv": [5, 5.25, 7, 5.75], "texture": "#1"},
				"west": {"uv": [5, 5.25, 5.5, 5.75], "texture": "#1"},
				"up": {"uv": [5, 5, 7, 5.75], "texture": "#1"},
				"down": {"uv": [6.25, 6.25, 7, 7], "texture": "#1"}
			}
		},
		{
			"from": [4, -1, 6.3],
			"to": [12, 2, 7.3],
			"rotation": {"angle": 22.5, "axis": "x", "origin": [0, 1, 0]},
			"faces": {
				"north": {"uv": [0.25, 9.75, 2.25, 10.5], "texture": "#1"},
				"east": {"uv": [0.25, 9.75, 0.5, 10.5], "texture": "#1"},
				"south": {"uv": [0.25, 9.75, 2.25, 10.5], "texture": "#1"},
				"west": {"uv": [0.25, 9.75, 0.5, 10.5], "texture": "#1"},
				"up": {"uv": [0.25, 9.75, 2.25, 10], "texture": "#1"},
				"down": {"uv": [0.25, 9.75, 2.25, 10], "texture": "#1"}
			}
		},
		{
			"from": [4, -7.2, 7.5],
			"to": [12, -4.2, 8.5],
			"rotation": {"angle": -22.5, "axis": "x", "origin": [0, 1, 0]},
			"faces": {
				"north": {"uv": [0.25, 9.75, 2.25, 10.5], "texture": "#1"},
				"east": {"uv": [0.25, 9.75, 0.5, 10.5], "texture": "#1"},
				"south": {"uv": [0.25, 9.75, 2.25, 10.5], "texture": "#1"},
				"west": {"uv": [0.25, 9.75, 0.5, 10.5], "texture": "#1"},
				"up": {"uv": [0.25, 9.75, 2.25, 10], "texture": "#1"},
				"down": {"uv": [0.25, 9.75, 2.25, 10], "texture": "#1"}
			}
		},
		{
			"from": [4.3, -1.9, 6.2],
			"to": [5.3, 1.1, 9.8],
			"rotation": {"angle": -22.5, "axis": "z", "origin": [0, 1, 0]},
			"faces": {
				"north": {"uv": [0.25, 9.75, 0.5, 10.5], "texture": "#1"},
				"east": {"uv": [1.25, 9.75, 2.25, 10.5], "texture": "#1"},
				"south": {"uv": [0.25, 9.75, 0.5, 10.5], "texture": "#1"},
				"west": {"uv": [1.25, 9.75, 2.25, 10.5], "texture": "#1"},
				"up": {"uv": [1.25, 9.75, 2.25, 10], "rotation": 270, "texture": "#1"},
				"down": {"uv": [1.25, 9.75, 2.25, 10], "rotation": 90, "texture": "#1"}
			}
		},
		{
			"from": [9.5, -8, 6.2],
			"to": [10.5, -5, 9.8],
			"rotation": {"angle": 22.5, "axis": "z", "origin": [0, 1, 0]},
			"faces": {
				"north": {"uv": [0.25, 9.75, 0.5, 10.5], "texture": "#1"},
				"east": {"uv": [1.25, 9.75, 2.25, 10.5], "texture": "#1"},
				"south": {"uv": [0.25, 9.75, 0.5, 10.5], "texture": "#1"},
				"west": {"uv": [1.25, 9.75, 2.25, 10.5], "texture": "#1"},
				"up": {"uv": [1.25, 9.75, 2.25, 10], "rotation": 270, "texture": "#1"},
				"down": {"uv": [1.25, 9.75, 2.25, 10], "rotation": 90, "texture": "#1"}
			}
		},
		{
			"from": [7.6, -2, 5.4],
			"to": [10.6, 0, 6.4],
			"rotation": {"angle": 22.5, "axis": "z", "origin": [0, 1, 0]},
			"faces": {
				"north": {"uv": [0, 0, 1, 1], "texture": "#1"},
				"east": {"uv": [0, 0, 0.25, 1], "texture": "#1"},
				"south": {"uv": [0, 0, 1, 1], "texture": "#1"},
				"west": {"uv": [0, 0, 0.25, 1], "texture": "#1"},
				"up": {"uv": [0, 0, 1, 0.25], "texture": "#1"},
				"down": {"uv": [0, 0, 1, 0.25], "texture": "#1"}
			}
		},
		{
			"from": [4.3, 4, 5.6],
			"to": [7.3, 6, 6.6],
			"rotation": {"angle": -22.5, "axis": "z", "origin": [0, 1, 0]},
			"faces": {
				"north": {"uv": [0, 0, 1, 1], "rotation": 180, "texture": "#1"},
				"east": {"uv": [0, 0, 0.25, 1], "rotation": 180, "texture": "#1"},
				"south": {"uv": [0, 0, 1, 1], "rotation": 180, "texture": "#1"},
				"west": {"uv": [0, 0, 0.25, 1], "rotation": 180, "texture": "#1"},
				"up": {"uv": [0, 0, 1, 0.25], "rotation": 180, "texture": "#1"},
				"down": {"uv": [0, 0, 1, 0.25], "rotation": 180, "texture": "#1"}
			}
		},
		{
			"from": [7, -6.5, 5.8],
			"to": [9, -1.5, 5.8],
			"rotation": {"angle": 22.5, "axis": "z", "origin": [0, 1, 0]},
			"faces": {
				"north": {"uv": [4, 8, 5, 10.5], "texture": "#1"},
				"east": {"uv": [0, 0, 0, 0.75], "texture": "#1"},
				"south": {"uv": [4, 8, 5, 10.5], "texture": "#1"},
				"west": {"uv": [0, 0, 0, 0.75], "texture": "#1"},
				"up": {"uv": [0, 0, 0.5, 0], "texture": "#1"},
				"down": {"uv": [0, 0, 0.5, 0], "texture": "#1"}
			}
		},
		{
			"from": [6, 0.5, 5.7],
			"to": [8, 5.5, 5.7],
			"rotation": {"angle": -22.5, "axis": "z", "origin": [0, 1, 0]},
			"faces": {
				"north": {"uv": [4, 8, 5, 10.5], "texture": "#1"},
				"east": {"uv": [0, 0, 0, 0.75], "texture": "#1"},
				"south": {"uv": [4, 8, 5, 10.5], "texture": "#1"},
				"west": {"uv": [0, 0, 0, 0.75], "texture": "#1"},
				"up": {"uv": [0, 0, 0.5, 0], "texture": "#1"},
				"down": {"uv": [0, 0, 0.5, 0], "texture": "#1"}
			}
		},
		{
			"from": [5.2, -5.2, 5],
			"to": [7.6, -2.8, 6],
			"rotation": {"angle": 45, "axis": "z", "origin": [0, 1, 0]},
			"faces": {
				"north": {"uv": [0.25, 1, 0.85, 1.6], "texture": "#1"},
				"east": {"uv": [0, 1, 0.25, 1.6], "texture": "#1"},
				"south": {"uv": [0.25, 1, 0.85, 1.6], "texture": "#1"},
				"west": {"uv": [0, 1, 0.25, 1.6], "texture": "#1"},
				"up": {"uv": [0, 1.5, 0.6, 1.75], "texture": "#1"},
				"down": {"uv": [0, 1.5, 0.6, 1.75], "texture": "#1"}
			}
		}
	],
	"display": {
		"thirdperson_righthand": {
			"rotation": [60, 0, 0],
			"translation": [0, 1.5, 2],
			"scale": [0.2, 0.2, 0.2]
		},
		"thirdperson_lefthand": {
			"rotation": [60, 0, 0],
			"translation": [0, 1.5, 2],
			"scale": [0.2, 0.2, 0.2]
		},
		"firstperson_righthand": {
			"rotation": [0, 135, 0],
			"translation": [0, 6.5, 0],
			"scale": [0.2, 0.2, 0.2]
		},
		"firstperson_lefthand": {
			"rotation": [0, 135, 0],
			"translation": [0, 6.5, 0],
			"scale": [0.2, 0.2, 0.2]
		},
		"ground": {
			"translation": [0, 20, 0]
		},
		"gui": {
			"rotation": [30, 135, 0],
			"translation": [0, 11.5, 0]
		},
		"head": {
			"translation": [0, -9.25, 0],
			"scale": [1.5, 1.5, 1.5]
		},
		"fixed": {
			"translation": [0, 4, -1.5],
			"scale": [0.5, 0.5, 0.5]
		}
	},
	"groups": [
		{
			"name": "Charactor",
			"origin": [8, 8, 8],
			"color": 0,
			"children": [
				{
					"name": "B",
					"origin": [0, 0, 0],
					"color": 0,
					"children": [
						{
							"name": "T",
							"origin": [0, 0, 0],
							"color": 0,
							"children": [0, 1, 2, 3]
						},
						{
							"name": "T",
							"origin": [0, 0, 0],
							"color": 0,
							"children": [4, 5, 6, 7]
						},
						{
							"name": "T",
							"origin": [0, 0, 0],
							"color": 0,
							"children": [8, 9, 10, 11]
						}, 12, 13, 14, 15, 16, 17, 18, 19, 20, 21, 22, 23, 24, 25, 26, 27]
				}
			]
		}
	]
}