{
	"credit": "Made with Blockbench",
	"texture_size": [64, 64],
	"textures": {
		"0": "item/enemy/moonllager",
		"particle": "item/enemy/moonllager"
	},
	"elements": [
		{
			"from": [4, 0, 5.5],
			"to": [12, 12, 10.5],
			"faces": {
				"north": {"uv": [5.5, 6.5, 7.5, 9.5], "texture": "#0"},
				"east": {"uv": [4.25, 6.5, 5.5, 9.5], "texture": "#0"},
				"south": {"uv": [8.75, 6.5, 10.75, 9.5], "texture": "#0"},
				"west": {"uv": [7.5, 6.5, 8.75, 9.5], "texture": "#0"},
				"up": {"uv": [7.5, 6.5, 5.5, 5.25], "texture": "#0"},
				"down": {"uv": [9.5, 5.25, 7.5, 6.5], "texture": "#0"}
			}
		},
		{
			"from": [3.5, 4, 5],
			"to": [12.5, 12, 11],
			"faces": {
				"north": {"uv": [5.5, 6.5, 7.5, 8.5], "texture": "#0"},
				"east": {"uv": [4.25, 6.5, 5.5, 8.5], "texture": "#0"},
				"south": {"uv": [8.75, 6.5, 10.75, 8.5], "texture": "#0"},
				"west": {"uv": [7.5, 6.5, 8.75, 8.5], "texture": "#0"},
				"up": {"uv": [7.5, 6.5, 5.5, 5.25], "texture": "#0"},
				"down": {"uv": [9.5, 5.25, 7.5, 6.5], "texture": "#0"}
			}
		}
	],
	"display": {
		"head": {
			"translation": [0, -12.75, 0],
			"scale": [1.6, 1.6, 1.6]
		}
	},
	"groups": [
		{
			"name": "B",
			"origin": [0, 0, 0],
			"color": 0,
			"children": [0, 1]
		}
	]
}