{
	"credit": "Made with Blockbench",
	"texture_size": [64, 64],
	"textures": {
		"0": "item/enemy/moonllager",
		"particle": "item/enemy/moonllager"
	},
	"elements": [
		{
			"from": [4, -12, 6],
			"to": [8, 0, 10],
			"shade": false,
			"faces": {
				"north": {"uv": [2, 6.5, 1, 9.5], "texture": "#0"},
				"east": {"uv": [3, 6.5, 2, 9.5], "texture": "#0"},
				"south": {"uv": [4, 6.5, 3, 9.5], "texture": "#0"},
				"west": {"uv": [1, 6.5, 0, 9.5], "texture": "#0"},
				"up": {"uv": [1, 6.5, 2, 5.5], "texture": "#0"},
				"down": {"uv": [2, 5.5, 3, 6.5], "texture": "#0"}
			}
		}
	],
	"display": {
		"head": {
			"translation": [0, 6.5, 0],
			"scale": [1.6, 1.6, 1.6]
		}
	},
	"groups": [
		{
			"name": "LL",
			"origin": [8, 8, 8],
			"color": 0,
			"children": [0]
		}
	]
}