{
	"credit": "Made with Blockbench",
	"texture_size": [64, 64],
	"textures": {
		"1": "item/dwarf/dwarf1"
	},
	"elements": [
		{
			"name": "RA",
			"from": [6.5, 4, 0],
			"to": [9.5, 7, 8],
			"rotation": {"angle": 0, "axis": "y", "origin": [12, 2, 8]},
			"faces": {
				"north": {"uv": [11.75, 4.25, 12.5, 5], "rotation": 180, "texture": "#1"},
				"east": {"uv": [10.25, 5, 11, 7], "rotation": 270, "texture": "#1"},
				"south": {"uv": [11, 4.25, 11.75, 5], "texture": "#1"},
				"west": {"uv": [11.75, 5, 12.5, 7], "rotation": 90, "texture": "#1"},
				"up": {"uv": [11, 5, 11.75, 7], "rotation": 180, "texture": "#1"},
				"down": {"uv": [12.5, 5, 13.25, 7], "texture": "#1"}
			}
		},
		{
			"name": "RA",
			"from": [6, 3.5, 2],
			"to": [10, 7.5, 3],
			"rotation": {"angle": 0, "axis": "y", "origin": [12, 2, 8]},
			"faces": {
				"north": {"uv": [11.75, 6.25, 12.5, 7], "rotation": 180, "texture": "#1"},
				"east": {"uv": [10.25, 6.25, 11, 6.5], "rotation": 270, "texture": "#1"},
				"south": {"uv": [11, 6.25, 11.75, 7], "texture": "#1"},
				"west": {"uv": [11.75, 6.25, 12.5, 6.5], "rotation": 90, "texture": "#1"},
				"up": {"uv": [11, 6.25, 11.75, 6.5], "rotation": 180, "texture": "#1"},
				"down": {"uv": [12.5, 6.25, 13.25, 6.5], "texture": "#1"}
			}
		},
		{
			"from": [7, 10, -2],
			"to": [9, 11, 0],
			"faces": {
				"north": {"uv": [13.5, 5, 15.5, 7], "texture": "#1"},
				"east": {"uv": [13.5, 5, 15.5, 7], "texture": "#1"},
				"south": {"uv": [13.5, 5, 15.5, 7], "texture": "#1"},
				"west": {"uv": [13.5, 5, 15.5, 7], "texture": "#1"},
				"up": {"uv": [13.5, 5, 15.5, 7], "texture": "#1"},
				"down": {"uv": [13.5, 5, 15.5, 7], "texture": "#1"}
			}
		},
		{
			"from": [7.5, 11, -1.5],
			"to": [8.5, 12, -0.5],
			"faces": {
				"north": {"uv": [13.5, 7, 14, 7.5], "texture": "#1"},
				"east": {"uv": [13.5, 7, 14, 7.5], "texture": "#1"},
				"south": {"uv": [13.5, 7, 14, 7.5], "texture": "#1"},
				"west": {"uv": [13.5, 7, 14, 7.5], "texture": "#1"},
				"up": {"uv": [14, 7, 14.5, 7.5], "texture": "#1"},
				"down": {"uv": [14, 7, 14.5, 7.5], "texture": "#1"}
			}
		},
		{
			"from": [6, 6, -3],
			"to": [10, 10, 1],
			"faces": {
				"north": {"uv": [13.5, 5, 15.5, 7], "texture": "#1"},
				"east": {"uv": [13.5, 5, 15.5, 7], "texture": "#1"},
				"south": {"uv": [13.5, 5, 15.5, 7], "texture": "#1"},
				"west": {"uv": [13.5, 5, 15.5, 7], "texture": "#1"},
				"up": {"uv": [13.5, 5, 15.5, 7], "texture": "#1"},
				"down": {"uv": [13.5, 5, 15.5, 7], "texture": "#1"}
			}
		}
	],
	"display": {
		"thirdperson_righthand": {
			"rotation": [60, 0, 0],
			"translation": [0, 1.5, 2],
			"scale": [0.2, 0.2, 0.2]
		},
		"thirdperson_lefthand": {
			"rotation": [60, 0, 0],
			"translation": [0, 1.5, 2],
			"scale": [0.2, 0.2, 0.2]
		},
		"firstperson_righthand": {
			"rotation": [0, 135, 0],
			"translation": [0, 6.5, 0],
			"scale": [0.2, 0.2, 0.2]
		},
		"firstperson_lefthand": {
			"rotation": [0, 135, 0],
			"translation": [0, 6.5, 0],
			"scale": [0.2, 0.2, 0.2]
		},
		"ground": {
			"translation": [0, 20, 0]
		},
		"gui": {
			"rotation": [30, 135, 0],
			"translation": [0, 11.5, 0]
		},
		"head": {
			"translation": [0, -1, 1.5],
			"scale": [1.5, 1.5, 1.5]
		},
		"fixed": {
			"translation": [0, 4, -1.5],
			"scale": [0.5, 0.5, 0.5]
		}
	},
	"groups": [
		{
			"name": "Character",
			"origin": [8, 8, 8],
			"color": 0,
			"children": [
				{
					"name": "RA",
					"origin": [12, 2, 8],
					"color": 0,
					"children": [0, 1]
				}
			]
		},
		{
			"name": "Bomb",
			"origin": [0, 0, 0],
			"color": 0,
			"children": [2, 3, 4]
		}
	]
}