{
	"credit": "Made with Blockbench",
	"texture_size": [64, 64],
	"textures": {
		"1_1": "item/dwarf/dwarf2"
	},
	"elements": [
		{
			"from": [7, 10, 7],
			"to": [9, 11, 9],
			"faces": {
				"north": {"uv": [13.5, 5, 15.5, 7], "texture": "#1_1"},
				"east": {"uv": [13.5, 5, 15.5, 7], "texture": "#1_1"},
				"south": {"uv": [13.5, 5, 15.5, 7], "texture": "#1_1"},
				"west": {"uv": [13.5, 5, 15.5, 7], "texture": "#1_1"},
				"up": {"uv": [13.5, 5, 15.5, 7], "texture": "#1_1"},
				"down": {"uv": [13.5, 5, 15.5, 7], "texture": "#1_1"}
			}
		},
		{
			"from": [7.5, 11, 7.5],
			"to": [8.5, 12, 8.5],
			"faces": {
				"north": {"uv": [13.5, 7, 14, 7.5], "texture": "#1_1"},
				"east": {"uv": [13.5, 7, 14, 7.5], "texture": "#1_1"},
				"south": {"uv": [13.5, 7, 14, 7.5], "texture": "#1_1"},
				"west": {"uv": [13.5, 7, 14, 7.5], "texture": "#1_1"},
				"up": {"uv": [14, 7, 14.5, 7.5], "texture": "#1_1"},
				"down": {"uv": [14, 7, 14.5, 7.5], "texture": "#1_1"}
			}
		},
		{
			"from": [6, 6, 6],
			"to": [10, 10, 10],
			"faces": {
				"north": {"uv": [13.5, 5, 15.5, 7], "texture": "#1_1"},
				"east": {"uv": [13.5, 5, 15.5, 7], "texture": "#1_1"},
				"south": {"uv": [13.5, 5, 15.5, 7], "texture": "#1_1"},
				"west": {"uv": [13.5, 5, 15.5, 7], "texture": "#1_1"},
				"up": {"uv": [13.5, 5, 15.5, 7], "texture": "#1_1"},
				"down": {"uv": [13.5, 5, 15.5, 7], "texture": "#1_1"}
			}
		},
		{
			"from": [6.5, 8, 5.5],
			"to": [7.5, 9, 6.5],
			"faces": {
				"north": {"uv": [8.75, 0.75, 10, 2], "texture": "#1_1"},
				"east": {"uv": [8.75, 1.75, 10, 2], "texture": "#1_1"},
				"south": {"uv": [8.75, 1.75, 10, 2], "texture": "#1_1"},
				"west": {"uv": [8.75, 1.75, 10, 2], "texture": "#1_1"},
				"up": {"uv": [8.75, 1.75, 10, 2], "texture": "#1_1"},
				"down": {"uv": [8.75, 1.75, 10, 2], "texture": "#1_1"}
			}
		},
		{
			"from": [8.5, 8, 5.5],
			"to": [9.5, 9, 6.5],
			"faces": {
				"north": {"uv": [8.75, 0.75, 10, 2], "texture": "#1_1"},
				"east": {"uv": [8.75, 1.75, 10, 2], "texture": "#1_1"},
				"south": {"uv": [8.75, 1.75, 10, 2], "texture": "#1_1"},
				"west": {"uv": [8.75, 1.75, 10, 2], "texture": "#1_1"},
				"up": {"uv": [8.75, 1.75, 10, 2], "texture": "#1_1"},
				"down": {"uv": [8.75, 1.75, 10, 2], "texture": "#1_1"}
			}
		}
	],
	"display": {
		"thirdperson_righthand": {
			"rotation": [60, 0, 0],
			"translation": [0, 1.5, 2],
			"scale": [0.2, 0.2, 0.2]
		},
		"thirdperson_lefthand": {
			"rotation": [60, 0, 0],
			"translation": [0, 1.5, 2],
			"scale": [0.2, 0.2, 0.2]
		},
		"firstperson_righthand": {
			"rotation": [0, 135, 0],
			"translation": [0, 6.5, 0],
			"scale": [0.2, 0.2, 0.2]
		},
		"firstperson_lefthand": {
			"rotation": [0, 135, 0],
			"translation": [0, 6.5, 0],
			"scale": [0.2, 0.2, 0.2]
		},
		"ground": {
			"translation": [0, 20, 0]
		},
		"gui": {
			"rotation": [30, 135, 0],
			"translation": [0, 11.5, 0]
		},
		"head": {
			"translation": [0, -7.5, 0],
			"scale": [1.5, 1.5, 1.5]
		},
		"fixed": {
			"translation": [0, 4, -1.5],
			"scale": [0.5, 0.5, 0.5]
		}
	},
	"groups": [
		{
			"name": "dwarf2_modelinhand",
			"origin": [8, 8, 8],
			"color": 0,
			"children": [
				{
					"name": "Bomb",
					"origin": [0, 0, 0],
					"color": 0,
					"children": [0, 1, 2, 3, 4]
				}
			]
		}
	]
}