{
	"credit": "Made with Blockbench",
	"texture_size": [64, 64],
	"textures": {
		"1": "item/dwarf/dwarf3"
	},
	"elements": [
		{
			"from": [7, 5, 7],
			"to": [9, 6, 9],
			"rotation": {"angle": 0, "axis": "y", "origin": [5, -10.57143, 14.42857]},
			"faces": {
				"north": {"uv": [13.5, 5, 15.5, 7], "texture": "#1"},
				"east": {"uv": [13.5, 5, 15.5, 7], "texture": "#1"},
				"south": {"uv": [13.5, 5, 15.5, 7], "texture": "#1"},
				"west": {"uv": [13.5, 5, 15.5, 7], "texture": "#1"},
				"up": {"uv": [13.5, 5, 15.5, 7], "texture": "#1"},
				"down": {"uv": [13.5, 5, 15.5, 7], "texture": "#1"}
			}
		},
		{
			"from": [7.5, 6, 7.5],
			"to": [8.5, 7, 8.5],
			"rotation": {"angle": 0, "axis": "y", "origin": [5, -10.57143, 14.42857]},
			"faces": {
				"north": {"uv": [13.5, 7, 14, 7.5], "texture": "#1"},
				"east": {"uv": [13.5, 7, 14, 7.5], "texture": "#1"},
				"south": {"uv": [13.5, 7, 14, 7.5], "texture": "#1"},
				"west": {"uv": [13.5, 7, 14, 7.5], "texture": "#1"},
				"up": {"uv": [14, 7, 14.5, 7.5], "texture": "#1"},
				"down": {"uv": [14, 7, 14.5, 7.5], "texture": "#1"}
			}
		},
		{
			"from": [6, 1, 6],
			"to": [10, 5, 10],
			"rotation": {"angle": 0, "axis": "y", "origin": [5, -10.57143, 14.42857]},
			"faces": {
				"north": {"uv": [13.5, 5, 15.5, 7], "texture": "#1"},
				"east": {"uv": [13.5, 5, 15.5, 7], "texture": "#1"},
				"south": {"uv": [13.5, 5, 15.5, 7], "texture": "#1"},
				"west": {"uv": [13.5, 5, 15.5, 7], "texture": "#1"},
				"up": {"uv": [13.5, 5, 15.5, 7], "texture": "#1"},
				"down": {"uv": [13.5, 5, 15.5, 7], "texture": "#1"}
			}
		},
		{
			"from": [6.5, 3, 5.5],
			"to": [7.5, 4, 6.5],
			"rotation": {"angle": 0, "axis": "y", "origin": [5, -10.57143, 14.42857]},
			"faces": {
				"north": {"uv": [8.75, 0.75, 10, 2], "texture": "#1"},
				"east": {"uv": [8.75, 1.75, 10, 2], "texture": "#1"},
				"south": {"uv": [8.75, 1.75, 10, 2], "texture": "#1"},
				"west": {"uv": [8.75, 1.75, 10, 2], "texture": "#1"},
				"up": {"uv": [8.75, 1.75, 10, 2], "texture": "#1"},
				"down": {"uv": [8.75, 1.75, 10, 2], "texture": "#1"}
			}
		},
		{
			"from": [8.5, 3, 5.5],
			"to": [9.5, 4, 6.5],
			"rotation": {"angle": 0, "axis": "y", "origin": [5, -10.57143, 14.42857]},
			"faces": {
				"north": {"uv": [8.75, 0.75, 10, 2], "texture": "#1"},
				"east": {"uv": [8.75, 1.75, 10, 2], "texture": "#1"},
				"south": {"uv": [8.75, 1.75, 10, 2], "texture": "#1"},
				"west": {"uv": [8.75, 1.75, 10, 2], "texture": "#1"},
				"up": {"uv": [8.75, 1.75, 10, 2], "texture": "#1"},
				"down": {"uv": [8.75, 1.75, 10, 2], "texture": "#1"}
			}
		},
		{
			"from": [5, 0, 5],
			"to": [6, 2, 11],
			"rotation": {"angle": 0, "axis": "y", "origin": [5, -10.57143, 14.42857]},
			"faces": {
				"north": {"uv": [13.5, 7.5, 13.75, 8.25], "texture": "#1"},
				"east": {"uv": [13.5, 7.5, 16, 8.25], "texture": "#1"},
				"south": {"uv": [15.75, 7.5, 16, 8.25], "texture": "#1"},
				"west": {"uv": [13.5, 7.5, 16, 8.25], "texture": "#1"},
				"up": {"uv": [13.5, 7.5, 16, 7.75], "rotation": 90, "texture": "#1"},
				"down": {"uv": [13.5, 7.5, 16, 7.75], "rotation": 270, "texture": "#1"}
			}
		},
		{
			"from": [10, 0, 5],
			"to": [11, 2, 11],
			"rotation": {"angle": 0, "axis": "y", "origin": [5, -10.57143, 14.42857]},
			"faces": {
				"north": {"uv": [13.5, 7.5, 13.75, 8.25], "texture": "#1"},
				"east": {"uv": [13.5, 7.5, 16, 8.25], "texture": "#1"},
				"south": {"uv": [15.75, 7.5, 16, 8.25], "texture": "#1"},
				"west": {"uv": [13.5, 7.5, 16, 8.25], "texture": "#1"},
				"up": {"uv": [13.5, 7.5, 16, 7.75], "rotation": 90, "texture": "#1"},
				"down": {"uv": [13.5, 7.5, 16, 7.75], "rotation": 270, "texture": "#1"}
			}
		}
	],
	"display": {
		"thirdperson_righthand": {
			"rotation": [60, 0, 0],
			"translation": [0, 1.5, 2],
			"scale": [0.2, 0.2, 0.2]
		},
		"thirdperson_lefthand": {
			"rotation": [60, 0, 0],
			"translation": [0, 1.5, 2],
			"scale": [0.2, 0.2, 0.2]
		},
		"firstperson_righthand": {
			"rotation": [0, 135, 0],
			"translation": [0, 6.5, 0],
			"scale": [0.2, 0.2, 0.2]
		},
		"firstperson_lefthand": {
			"rotation": [0, 135, 0],
			"translation": [0, 6.5, 0],
			"scale": [0.2, 0.2, 0.2]
		},
		"ground": {
			"translation": [0, 20, 0]
		},
		"gui": {
			"rotation": [30, 135, 0],
			"translation": [0, 11.5, 0]
		},
		"head": {
			"translation": [0, 1.75, 0],
			"scale": [4, 4, 4]
		},
		"fixed": {
			"translation": [0, 4, -1.5],
			"scale": [0.5, 0.5, 0.5]
		}
	},
	"groups": [
		{
			"name": "Bomb",
			"origin": [0, 0, 0],
			"color": 0,
			"children": [0, 1, 2, 3, 4, 5, 6]
		}
	]
}