{
	"credit": "Made with Blockbench",
	"texture_size": [64, 64],
	"textures": {
		"1": "item/dwarf/dwarf1"
	},
	"elements": [
		{
			"name": "B",
			"from": [4.5, -7, 5],
			"to": [11.5, 1, 8],
			"rotation": {"angle": 0, "axis": "y", "origin": [6, -9, 8]},
			"faces": {
				"north": {"uv": [5, 5, 7, 7], "texture": "#1"},
				"east": {"uv": [4, 5, 5, 7], "texture": "#1"},
				"south": {"uv": [8, 5, 10, 7], "texture": "#1"},
				"west": {"uv": [7, 5, 8, 7], "texture": "#1"},
				"up": {"uv": [5, 4, 7, 5], "texture": "#1"},
				"down": {"uv": [7, 4, 9, 5], "texture": "#1"}
			}
		},
		{
			"name": "B",
			"from": [4.6, -2.5, 4.3],
			"to": [11.4, -0.5, 7.3],
			"rotation": {"angle": 22.5, "axis": "x", "origin": [8, -2, 6]},
			"faces": {
				"north": {"uv": [5, 5.25, 7, 5.75], "texture": "#1"},
				"east": {"uv": [4, 5.5, 5, 6], "texture": "#1"},
				"south": {"uv": [8, 5.5, 10, 6], "texture": "#1"},
				"west": {"uv": [7, 5.5, 8, 6], "texture": "#1"},
				"up": {"uv": [5, 4, 7, 5], "texture": "#1"},
				"down": {"uv": [5, 5.5, 7, 6], "texture": "#1"}
			}
		},
		{
			"name": "LA",
			"from": [1.5, -7, 5],
			"to": [4.5, 1, 8],
			"rotation": {"angle": 22.5, "axis": "y", "origin": [5, 2, 8]},
			"faces": {
				"north": {"uv": [9, 13, 9.75, 15], "texture": "#1"},
				"east": {"uv": [8.25, 13, 9, 15], "texture": "#1"},
				"south": {"uv": [10.5, 13, 11.25, 15], "texture": "#1"},
				"west": {"uv": [9.75, 13, 10.5, 15], "texture": "#1"},
				"up": {"uv": [9, 12.25, 9.75, 13], "texture": "#1"},
				"down": {"uv": [9.75, 12.25, 10.5, 13], "texture": "#1"}
			}
		},
		{
			"name": "LA",
			"from": [1, -5, 4.5],
			"to": [5, -4, 8.5],
			"rotation": {"angle": 22.5, "axis": "y", "origin": [5, 2, 8]},
			"faces": {
				"north": {"uv": [9, 14.25, 9.75, 14.5], "texture": "#1"},
				"east": {"uv": [8.25, 14.25, 9, 14.5], "texture": "#1"},
				"south": {"uv": [10.5, 14.25, 11.25, 14.5], "texture": "#1"},
				"west": {"uv": [9.75, 14.25, 10.5, 14.5], "texture": "#1"},
				"up": {"uv": [9, 14.25, 9.75, 15], "texture": "#1"},
				"down": {"uv": [9.75, 14.25, 10.5, 15], "texture": "#1"}
			}
		},
		{
			"name": "LA",
			"from": [1, -1, 4.5],
			"to": [5, 0, 8.5],
			"rotation": {"angle": 22.5, "axis": "y", "origin": [5, 2, 8]},
			"faces": {
				"north": {"uv": [9, 14.25, 9.75, 14.5], "texture": "#1"},
				"east": {"uv": [8.25, 14.25, 9, 14.5], "texture": "#1"},
				"south": {"uv": [10.5, 14.25, 11.25, 14.5], "texture": "#1"},
				"west": {"uv": [9.75, 14.25, 10.5, 14.5], "texture": "#1"},
				"up": {"uv": [9, 14.25, 9.75, 15], "texture": "#1"},
				"down": {"uv": [9.75, 14.25, 10.5, 15], "texture": "#1"}
			}
		},
		{
			"name": "RA",
			"from": [11.5, -7, 5],
			"to": [14.5, 1, 8],
			"rotation": {"angle": -22.5, "axis": "y", "origin": [12, 2, 8]},
			"faces": {
				"north": {"uv": [11, 5, 11.75, 7], "texture": "#1"},
				"east": {"uv": [10.25, 5, 11, 7], "texture": "#1"},
				"south": {"uv": [12.5, 5, 13.25, 7], "texture": "#1"},
				"west": {"uv": [11.75, 5, 12.5, 7], "texture": "#1"},
				"up": {"uv": [11, 4.25, 11.75, 5], "texture": "#1"},
				"down": {"uv": [11.75, 4.25, 12.5, 5], "texture": "#1"}
			}
		},
		{
			"name": "RA",
			"from": [11, -5, 4.5],
			"to": [15, -4, 8.5],
			"rotation": {"angle": -22.5, "axis": "y", "origin": [12, 2, 8]},
			"faces": {
				"north": {"uv": [11, 6.25, 11.75, 6.5], "texture": "#1"},
				"east": {"uv": [10.25, 6.25, 11, 6.5], "texture": "#1"},
				"south": {"uv": [12.5, 6.25, 13.25, 6.5], "texture": "#1"},
				"west": {"uv": [11.75, 6.25, 12.5, 6.5], "texture": "#1"},
				"up": {"uv": [11, 6.25, 11.75, 7], "texture": "#1"},
				"down": {"uv": [11.75, 6.25, 12.5, 7], "texture": "#1"}
			}
		},
		{
			"name": "LL",
			"from": [4.4, -13, 2],
			"to": [7.4, -5, 5],
			"rotation": {"angle": 0, "axis": "y", "origin": [8, -6, 8]},
			"faces": {
				"north": {"uv": [5.25, 13, 6, 15], "texture": "#1"},
				"east": {"uv": [4.25, 13, 5, 15], "texture": "#1"},
				"south": {"uv": [7, 13, 7.75, 15], "texture": "#1"},
				"west": {"uv": [6, 13, 6.75, 15], "texture": "#1"},
				"up": {"uv": [5.25, 12.25, 6, 13], "texture": "#1"},
				"down": {"uv": [6, 12.25, 6.75, 13], "texture": "#1"}
			}
		},
		{
			"name": "LL",
			"from": [4.3, -13.1, 1.9],
			"to": [7.5, -10, 5.1],
			"rotation": {"angle": 0, "axis": "y", "origin": [8, -6, 8]},
			"faces": {
				"north": {"uv": [5.25, 14.25, 6, 15], "texture": "#1"},
				"east": {"uv": [4.25, 14.25, 5, 15], "texture": "#1"},
				"south": {"uv": [7, 14.25, 7.75, 15], "texture": "#1"},
				"west": {"uv": [6, 14.25, 6.75, 15], "texture": "#1"},
				"up": {"uv": [5.25, 12.25, 6, 13], "texture": "#1"},
				"down": {"uv": [6, 12.25, 6.75, 13], "texture": "#1"}
			}
		},
		{
			"name": "RL",
			"from": [8.6, -13, 2],
			"to": [11.6, -5, 5],
			"rotation": {"angle": 0, "axis": "y", "origin": [8, -6, 8]},
			"faces": {
				"north": {"uv": [1, 5, 1.75, 7], "texture": "#1"},
				"east": {"uv": [0.25, 5, 1, 7], "texture": "#1"},
				"south": {"uv": [3, 5, 3.75, 7], "texture": "#1"},
				"west": {"uv": [2.25, 5, 3, 7], "texture": "#1"},
				"up": {"uv": [1.25, 4.25, 2, 5], "texture": "#1"},
				"down": {"uv": [2, 4.25, 2.75, 5], "texture": "#1"}
			}
		},
		{
			"name": "RL",
			"from": [8.5, -13.1, 1.9],
			"to": [11.7, -10, 5.1],
			"rotation": {"angle": 0, "axis": "y", "origin": [8, -6, 8]},
			"faces": {
				"north": {"uv": [1, 6.25, 1.75, 7], "texture": "#1"},
				"east": {"uv": [0.25, 6.25, 1, 7], "texture": "#1"},
				"south": {"uv": [3, 6.25, 3.75, 7], "texture": "#1"},
				"west": {"uv": [2.25, 6.25, 3, 7], "texture": "#1"},
				"up": {"uv": [1.25, 4.25, 2, 5], "texture": "#1"},
				"down": {"uv": [2, 4.25, 2.75, 5], "texture": "#1"}
			}
		},
		{
			"from": [16, -3, 8],
			"to": [18, -2, 10],
			"faces": {
				"north": {"uv": [13.5, 5, 15.5, 7], "texture": "#1"},
				"east": {"uv": [13.5, 5, 15.5, 7], "texture": "#1"},
				"south": {"uv": [13.5, 5, 15.5, 7], "texture": "#1"},
				"west": {"uv": [13.5, 5, 15.5, 7], "texture": "#1"},
				"up": {"uv": [13.5, 5, 15.5, 7], "texture": "#1"},
				"down": {"uv": [13.5, 5, 15.5, 7], "texture": "#1"}
			}
		},
		{
			"from": [16.5, -2, 8.5],
			"to": [17.5, -1, 9.5],
			"faces": {
				"north": {"uv": [13.5, 7, 14, 7.5], "texture": "#1"},
				"east": {"uv": [13.5, 7, 14, 7.5], "texture": "#1"},
				"south": {"uv": [13.5, 7, 14, 7.5], "texture": "#1"},
				"west": {"uv": [13.5, 7, 14, 7.5], "texture": "#1"},
				"up": {"uv": [14, 7, 14.5, 7.5], "texture": "#1"},
				"down": {"uv": [14, 7, 14.5, 7.5], "texture": "#1"}
			}
		},
		{
			"from": [15, -7, 7],
			"to": [19, -3, 11],
			"faces": {
				"north": {"uv": [13.5, 5, 15.5, 7], "texture": "#1"},
				"east": {"uv": [13.5, 5, 15.5, 7], "texture": "#1"},
				"south": {"uv": [13.5, 5, 15.5, 7], "texture": "#1"},
				"west": {"uv": [13.5, 5, 15.5, 7], "texture": "#1"},
				"up": {"uv": [13.5, 5, 15.5, 7], "texture": "#1"},
				"down": {"uv": [13.5, 5, 15.5, 7], "texture": "#1"}
			}
		},
		{
			"from": [-3, -3, 12],
			"to": [-1, -2, 14],
			"rotation": {"angle": 22.5, "axis": "y", "origin": [0, 0, 0]},
			"faces": {
				"north": {"uv": [13.5, 5, 15.5, 7], "texture": "#1"},
				"east": {"uv": [13.5, 5, 15.5, 7], "texture": "#1"},
				"south": {"uv": [13.5, 5, 15.5, 7], "texture": "#1"},
				"west": {"uv": [13.5, 5, 15.5, 7], "texture": "#1"},
				"up": {"uv": [13.5, 5, 15.5, 7], "texture": "#1"},
				"down": {"uv": [13.5, 5, 15.5, 7], "texture": "#1"}
			}
		},
		{
			"from": [-2.5, -2, 12.5],
			"to": [-1.5, -1, 13.5],
			"rotation": {"angle": 22.5, "axis": "y", "origin": [0, 0, 0]},
			"faces": {
				"north": {"uv": [13.5, 7, 14, 7.5], "texture": "#1"},
				"east": {"uv": [13.5, 7, 14, 7.5], "texture": "#1"},
				"south": {"uv": [13.5, 7, 14, 7.5], "texture": "#1"},
				"west": {"uv": [13.5, 7, 14, 7.5], "texture": "#1"},
				"up": {"uv": [14, 7, 14.5, 7.5], "texture": "#1"},
				"down": {"uv": [14, 7, 14.5, 7.5], "texture": "#1"}
			}
		},
		{
			"from": [-4, -7, 11],
			"to": [0, -3, 15],
			"rotation": {"angle": 22.5, "axis": "y", "origin": [0, 0, 0]},
			"faces": {
				"north": {"uv": [13.5, 5, 15.5, 7], "texture": "#1"},
				"east": {"uv": [13.5, 5, 15.5, 7], "texture": "#1"},
				"south": {"uv": [13.5, 5, 15.5, 7], "texture": "#1"},
				"west": {"uv": [13.5, 5, 15.5, 7], "texture": "#1"},
				"up": {"uv": [13.5, 5, 15.5, 7], "texture": "#1"},
				"down": {"uv": [13.5, 5, 15.5, 7], "texture": "#1"}
			}
		}
	],
	"display": {
		"thirdperson_righthand": {
			"rotation": [60, 0, 0],
			"translation": [0, 1.5, 2],
			"scale": [0.2, 0.2, 0.2]
		},
		"thirdperson_lefthand": {
			"rotation": [60, 0, 0],
			"translation": [0, 1.5, 2],
			"scale": [0.2, 0.2, 0.2]
		},
		"firstperson_righthand": {
			"rotation": [0, 135, 0],
			"translation": [0, 6.5, 0],
			"scale": [0.2, 0.2, 0.2]
		},
		"firstperson_lefthand": {
			"rotation": [0, 135, 0],
			"translation": [0, 6.5, 0],
			"scale": [0.2, 0.2, 0.2]
		},
		"ground": {
			"translation": [0, 20, 0]
		},
		"gui": {
			"rotation": [30, 135, 0],
			"translation": [0, 11.5, 0]
		},
		"head": {
			"translation": [0, -20, 0],
			"scale": [1.5, 1.5, 1.5]
		},
		"fixed": {
			"translation": [0, 4, -1.5],
			"scale": [0.5, 0.5, 0.5]
		}
	},
	"groups": [
		{
			"name": "Character",
			"origin": [8, 8, 8],
			"children": [
				{
					"name": "B",
					"origin": [6, -9, 8],
					"children": [0, 1]
				},
				{
					"name": "LA",
					"origin": [5, 2, 8],
					"children": [2, 3, 4]
				},
				{
					"name": "RA",
					"origin": [12, 2, 8],
					"children": [5, 6]
				},
				{
					"name": "LL",
					"origin": [8, -6, 8],
					"children": [7, 8]
				},
				{
					"name": "RL",
					"origin": [8, -6, 8],
					"children": [9, 10]
				}
			]
		},
		{
			"name": "Bomb",
			"origin": [0, 0, 0],
			"children": [11, 12, 13]
		},
		{
			"name": "Bomb",
			"origin": [0, 0, 0],
			"children": [14, 15, 16]
		}
	]
}