{
	"credit": "Made with Blockbench",
	"texture_size": [64, 64],
	"textures": {
		"1": "item/dwarf/dwarf1"
	},
	"elements": [
		{
			"name": "B",
			"from": [4.5, -7, 5],
			"to": [11.5, 1, 8],
			"rotation": {"angle": 0, "axis": "y", "origin": [6, -9, 8]},
			"faces": {
				"north": {"uv": [5, 5, 7, 7], "texture": "#1"},
				"east": {"uv": [4, 5, 5, 7], "texture": "#1"},
				"south": {"uv": [8, 5, 10, 7], "texture": "#1"},
				"west": {"uv": [7, 5, 8, 7], "texture": "#1"},
				"up": {"uv": [5, 4, 7, 5], "texture": "#1"},
				"down": {"uv": [7, 4, 9, 5], "texture": "#1"}
			}
		},
		{
			"name": "B",
			"from": [4.6, -2.5, 4.3],
			"to": [11.4, -0.5, 7.3],
			"rotation": {"angle": 22.5, "axis": "x", "origin": [8, -2, 6]},
			"faces": {
				"north": {"uv": [5, 5.25, 7, 5.75], "texture": "#1"},
				"east": {"uv": [4, 5.5, 5, 6], "texture": "#1"},
				"south": {"uv": [8, 5.5, 10, 6], "texture": "#1"},
				"west": {"uv": [7, 5.5, 8, 6], "texture": "#1"},
				"up": {"uv": [5, 4, 7, 5], "texture": "#1"},
				"down": {"uv": [5, 5.5, 7, 6], "texture": "#1"}
			}
		}
	],
	"display": {
		"thirdperson_righthand": {
			"rotation": [60, 0, 0],
			"translation": [0, 1.5, 2],
			"scale": [0.2, 0.2, 0.2]
		},
		"thirdperson_lefthand": {
			"rotation": [60, 0, 0],
			"translation": [0, 1.5, 2],
			"scale": [0.2, 0.2, 0.2]
		},
		"firstperson_righthand": {
			"rotation": [0, 135, 0],
			"translation": [0, 6.5, 0],
			"scale": [0.2, 0.2, 0.2]
		},
		"firstperson_lefthand": {
			"rotation": [0, 135, 0],
			"translation": [0, 6.5, 0],
			"scale": [0.2, 0.2, 0.2]
		},
		"ground": {
			"translation": [0, 20, 0]
		},
		"gui": {
			"rotation": [30, 135, 0],
			"translation": [0, 11.5, 0]
		},
		"head": {
			"translation": [0, 5.75, 0],
			"scale": [1.5, 1.5, 1.5]
		},
		"fixed": {
			"translation": [0, 4, -1.5],
			"scale": [0.5, 0.5, 0.5]
		}
	},
	"groups": [
		{
			"name": "Character",
			"origin": [8, 8, 8],
			"color": 0,
			"children": [
				{
					"name": "B",
					"origin": [6, -9, 8],
					"color": 0,
					"children": [0, 1]
				}
			]
		}
	]
}