{
	"credit": "Made with Blockbench",
	"texture_size": [64, 64],
	"textures": {
		"1": "item/dwarf/dwarf3"
	},
	"elements": [
		{
			"from": [5, 15, 4],
			"to": [11, 21, 10],
			"faces": {
				"north": {"uv": [13.5, 5, 15.5, 7], "texture": "#1"},
				"east": {"uv": [13.5, 5, 15.5, 7], "texture": "#1"},
				"south": {"uv": [13.5, 5, 15.5, 7], "texture": "#1"},
				"west": {"uv": [13.5, 5, 15.5, 7], "texture": "#1"},
				"up": {"uv": [13.5, 5, 15.5, 7], "texture": "#1"},
				"down": {"uv": [13.5, 5, 15.5, 7], "texture": "#1"}
			}
		},
		{
			"from": [6.5, 20, 5.5],
			"to": [9.5, 23, 8.5],
			"faces": {
				"north": {"uv": [13.5, 7, 14, 7.5], "texture": "#1"},
				"east": {"uv": [13.5, 7, 14, 7.5], "texture": "#1"},
				"south": {"uv": [13.5, 7, 14, 7.5], "texture": "#1"},
				"west": {"uv": [13.5, 7, 14, 7.5], "texture": "#1"},
				"up": {"uv": [14, 7, 14.5, 7.5], "texture": "#1"},
				"down": {"uv": [14, 7, 14.5, 7.5], "texture": "#1"}
			}
		},
		{
			"from": [2, 6, 1],
			"to": [14, 19, 13],
			"faces": {
				"north": {"uv": [13.5, 5, 15.5, 7], "texture": "#1"},
				"east": {"uv": [13.5, 5, 15.5, 7], "texture": "#1"},
				"south": {"uv": [13.5, 5, 15.5, 7], "texture": "#1"},
				"west": {"uv": [13.5, 5, 15.5, 7], "texture": "#1"},
				"up": {"uv": [13.5, 5, 15.5, 7], "texture": "#1"},
				"down": {"uv": [13.5, 5, 15.5, 7], "texture": "#1"}
			}
		},
		{
			"from": [3.5, 12, 0.5],
			"to": [6.5, 15, 3.5],
			"faces": {
				"north": {"uv": [8.75, 0.75, 10, 2], "texture": "#1"},
				"east": {"uv": [8.75, 1.75, 10, 2], "texture": "#1"},
				"south": {"uv": [8.75, 1.75, 10, 2], "texture": "#1"},
				"west": {"uv": [8.75, 1.75, 10, 2], "texture": "#1"},
				"up": {"uv": [8.75, 1.75, 10, 2], "texture": "#1"},
				"down": {"uv": [8.75, 1.75, 10, 2], "texture": "#1"}
			}
		},
		{
			"from": [9.5, 12, 0.5],
			"to": [12.5, 15, 3.5],
			"faces": {
				"north": {"uv": [8.75, 0.75, 10, 2], "texture": "#1"},
				"east": {"uv": [8.75, 1.75, 10, 2], "texture": "#1"},
				"south": {"uv": [8.75, 1.75, 10, 2], "texture": "#1"},
				"west": {"uv": [8.75, 1.75, 10, 2], "texture": "#1"},
				"up": {"uv": [8.75, 1.75, 10, 2], "texture": "#1"},
				"down": {"uv": [8.75, 1.75, 10, 2], "texture": "#1"}
			}
		}
	],
	"display": {
		"thirdperson_righthand": {
			"rotation": [60, 0, 0],
			"translation": [0, 1.5, 2],
			"scale": [0.2, 0.2, 0.2]
		},
		"thirdperson_lefthand": {
			"rotation": [60, 0, 0],
			"translation": [0, 1.5, 2],
			"scale": [0.2, 0.2, 0.2]
		},
		"firstperson_righthand": {
			"rotation": [0, 135, 0],
			"translation": [0, 6.5, 0],
			"scale": [0.2, 0.2, 0.2]
		},
		"firstperson_lefthand": {
			"rotation": [0, 135, 0],
			"translation": [0, 6.5, 0],
			"scale": [0.2, 0.2, 0.2]
		},
		"ground": {
			"translation": [0, 20, 0]
		},
		"gui": {
			"rotation": [30, 135, 0],
			"translation": [0, 11.5, 0]
		},
		"head": {
			"translation": [0, -11.5, 0],
			"scale": [1.5, 1.5, 1.5]
		},
		"fixed": {
			"translation": [0, 4, -1.5],
			"scale": [0.5, 0.5, 0.5]
		}
	},
	"groups": [
		{
			"name": "dwarf3_modelinhand",
			"origin": [8, 8, 8],
			"color": 0,
			"children": [
				{
					"name": "BigBomb",
					"origin": [0, 0, 0],
					"color": 0,
					"children": [0, 1, 2, 3, 4]
				}
			]
		}
	]
}