{
	"credit": "Made with Blockbench",
	"texture_size": [64, 64],
	"textures": {
		"1": "item/dwarf/dwarf3",
		"3": "item/model_plate/model_plate_dwarf_2"
	},
	"elements": [
		{
			"from": [1, -15, 1],
			"to": [15, -14, 15],
			"rotation": {"angle": 0, "axis": "y", "origin": [0, -14, 0]},
			"faces": {
				"north": {"uv": [1, 1, 15, 2], "texture": "#3"},
				"east": {"uv": [1, 1, 15, 2], "texture": "#3"},
				"south": {"uv": [1, 1, 15, 2], "texture": "#3"},
				"west": {"uv": [1, 1, 15, 2], "texture": "#3"},
				"up": {"uv": [1, 1, 15, 15], "texture": "#3"},
				"down": {"uv": [0, 0, 3.5, 3.5], "texture": "#3"}
			}
		},
		{
			"from": [0, -16, 0],
			"to": [16, -15, 16],
			"rotation": {"angle": 0, "axis": "y", "origin": [0, -14, 0]},
			"faces": {
				"north": {"uv": [0, 0, 16, 0.75], "texture": "#3"},
				"east": {"uv": [0, 0, 16, 0.5], "texture": "#3"},
				"south": {"uv": [0, 0, 16, 0.75], "texture": "#3"},
				"west": {"uv": [0, 0, 16, 0.5], "texture": "#3"},
				"up": {"uv": [0, 0, 16, 16], "texture": "#3"},
				"down": {"uv": [0, 0, 16, 16], "texture": "#3"}
			}
		},
		{
			"name": "H",
			"from": [4, 1, 3],
			"to": [12, 9, 11],
			"rotation": {"angle": 0, "axis": "y", "origin": [6, -9, 8]},
			"faces": {
				"north": {"uv": [2, 2, 4, 4], "texture": "#1"},
				"east": {"uv": [0, 2, 2, 4], "texture": "#1"},
				"south": {"uv": [6, 2, 8, 4], "texture": "#1"},
				"west": {"uv": [4, 2, 6, 4], "texture": "#1"},
				"up": {"uv": [2, 0, 4, 2], "texture": "#1"},
				"down": {"uv": [4, 0, 6, 2], "texture": "#1"}
			}
		},
		{
			"name": "H",
			"from": [3.5, 2.8, 2.5],
			"to": [12.5, 3.8, 11.5],
			"rotation": {"angle": 0, "axis": "y", "origin": [6, -9, 8]},
			"faces": {
				"north": {"uv": [8, 3.75, 10, 4], "texture": "#1"},
				"east": {"uv": [8, 3.75, 10, 4], "texture": "#1"},
				"south": {"uv": [8, 3.75, 10, 4], "texture": "#1"},
				"west": {"uv": [8, 3.75, 10, 4], "texture": "#1"},
				"up": {"uv": [8, 2, 10, 4], "texture": "#1"},
				"down": {"uv": [8, 2, 10, 4], "texture": "#1"}
			}
		},
		{
			"name": "H",
			"from": [4.7, 2, 2],
			"to": [7.3, 4.6, 4],
			"rotation": {"angle": 0, "axis": "y", "origin": [6, -9, 8]},
			"faces": {
				"north": {"uv": [8.75, 0.75, 10, 2], "texture": "#1"},
				"east": {"uv": [8, 1.25, 8.5, 2], "texture": "#1"},
				"south": {"uv": [8, 1.25, 8.75, 2], "texture": "#1"},
				"west": {"uv": [8, 1.25, 8.5, 2], "texture": "#1"},
				"up": {"uv": [8, 1.25, 8.75, 1.75], "texture": "#1"},
				"down": {"uv": [8, 1.5, 8.75, 2], "texture": "#1"}
			}
		},
		{
			"name": "H",
			"from": [8.7, 2, 2],
			"to": [11.3, 4.6, 4],
			"rotation": {"angle": 0, "axis": "y", "origin": [6, -9, 8]},
			"faces": {
				"north": {"uv": [8.75, 0.75, 10, 2], "texture": "#1"},
				"east": {"uv": [8, 1.25, 8.5, 2], "texture": "#1"},
				"south": {"uv": [8, 1.25, 8.75, 2], "texture": "#1"},
				"west": {"uv": [8, 1.25, 8.5, 2], "texture": "#1"},
				"up": {"uv": [8, 1.25, 8.75, 1.75], "texture": "#1"},
				"down": {"uv": [8, 1.5, 8.75, 2], "texture": "#1"}
			}
		},
		{
			"name": "H",
			"from": [2, 0, 9],
			"to": [6, 8, 13],
			"rotation": {"angle": -22.5, "axis": "x", "origin": [4, 4, 11]},
			"faces": {
				"north": {"uv": [2, 0, 4, 2], "texture": "#1"},
				"east": {"uv": [2, 0, 4, 2], "texture": "#1"},
				"south": {"uv": [2, 0, 4, 2], "texture": "#1"},
				"west": {"uv": [2, 0, 4, 2], "texture": "#1"},
				"up": {"uv": [2, 0, 4, 2], "texture": "#1"},
				"down": {"uv": [2, 0, 4, 2], "texture": "#1"}
			}
		},
		{
			"name": "H",
			"from": [2, -1, 9],
			"to": [3, 0, 10],
			"rotation": {"angle": -22.5, "axis": "x", "origin": [4, 4, 11]},
			"faces": {
				"north": {"uv": [3.5, 1.5, 4, 2], "texture": "#1"},
				"east": {"uv": [3.5, 1.5, 4, 2], "texture": "#1"},
				"south": {"uv": [3.5, 1.5, 4, 2], "texture": "#1"},
				"west": {"uv": [3.5, 1.5, 4, 2], "texture": "#1"},
				"up": {"uv": [3.5, 1.5, 4, 2], "texture": "#1"},
				"down": {"uv": [3.75, 1.5, 4, 2], "texture": "#1"}
			}
		},
		{
			"name": "H",
			"from": [4, -1, 10],
			"to": [5, 0, 11],
			"rotation": {"angle": -22.5, "axis": "x", "origin": [4, 4, 11]},
			"faces": {
				"north": {"uv": [3.5, 1.5, 4, 2], "texture": "#1"},
				"east": {"uv": [3.5, 1.5, 4, 2], "texture": "#1"},
				"south": {"uv": [3.5, 1.5, 4, 2], "texture": "#1"},
				"west": {"uv": [3.5, 1.5, 4, 2], "texture": "#1"},
				"up": {"uv": [3.5, 1.5, 4, 2], "texture": "#1"},
				"down": {"uv": [3.75, 1.5, 4, 2], "texture": "#1"}
			}
		},
		{
			"name": "H",
			"from": [4, 1, 13],
			"to": [5, 2, 14],
			"rotation": {"angle": -22.5, "axis": "x", "origin": [4, 4, 11]},
			"faces": {
				"north": {"uv": [3.5, 1.5, 4, 2], "texture": "#1"},
				"east": {"uv": [3.5, 1.5, 4, 2], "texture": "#1"},
				"south": {"uv": [3.5, 1.5, 4, 2], "texture": "#1"},
				"west": {"uv": [3.5, 1.5, 4, 2], "texture": "#1"},
				"up": {"uv": [3.5, 1.5, 4, 2], "texture": "#1"},
				"down": {"uv": [3.75, 1.5, 4, 2], "texture": "#1"}
			}
		},
		{
			"name": "H",
			"from": [13, -1, 10],
			"to": [14, 0, 11],
			"rotation": {"angle": -22.5, "axis": "x", "origin": [4, 4, 11]},
			"faces": {
				"north": {"uv": [3.5, 1.5, 4, 2], "texture": "#1"},
				"east": {"uv": [3.5, 1.5, 4, 2], "texture": "#1"},
				"south": {"uv": [3.5, 1.5, 4, 2], "texture": "#1"},
				"west": {"uv": [3.5, 1.5, 4, 2], "texture": "#1"},
				"up": {"uv": [3.5, 1.5, 4, 2], "texture": "#1"},
				"down": {"uv": [2, 0, 4, 2], "texture": "#1"}
			}
		},
		{
			"name": "H",
			"from": [11, -1, 12],
			"to": [12, 0, 13],
			"rotation": {"angle": -22.5, "axis": "x", "origin": [4, 4, 11]},
			"faces": {
				"north": {"uv": [3.5, 1.5, 4, 2], "texture": "#1"},
				"east": {"uv": [3.5, 1.5, 4, 2], "texture": "#1"},
				"south": {"uv": [3.5, 1.5, 4, 2], "texture": "#1"},
				"west": {"uv": [3.5, 1.5, 4, 2], "texture": "#1"},
				"up": {"uv": [3.5, 1.5, 4, 2], "texture": "#1"},
				"down": {"uv": [2, 0, 4, 2], "texture": "#1"}
			}
		},
		{
			"name": "H",
			"from": [11, 2, 13],
			"to": [12, 3, 14],
			"rotation": {"angle": -22.5, "axis": "x", "origin": [4, 4, 11]},
			"faces": {
				"north": {"uv": [3.5, 1.5, 4, 2], "texture": "#1"},
				"east": {"uv": [3.5, 1.5, 4, 2], "texture": "#1"},
				"south": {"uv": [3.5, 1.5, 4, 2], "texture": "#1"},
				"west": {"uv": [3.5, 1.5, 4, 2], "texture": "#1"},
				"up": {"uv": [3.5, 1.5, 4, 2], "texture": "#1"},
				"down": {"uv": [2, 0, 4, 2], "texture": "#1"}
			}
		},
		{
			"name": "H",
			"from": [14, 2, 11],
			"to": [15, 3, 12],
			"rotation": {"angle": -22.5, "axis": "x", "origin": [4, 4, 11]},
			"faces": {
				"north": {"uv": [3.5, 1.5, 4, 2], "texture": "#1"},
				"east": {"uv": [3.5, 1.5, 4, 2], "texture": "#1"},
				"south": {"uv": [3.5, 1.5, 4, 2], "texture": "#1"},
				"west": {"uv": [3.5, 1.5, 4, 2], "texture": "#1"},
				"up": {"uv": [3.5, 1.5, 4, 2], "texture": "#1"},
				"down": {"uv": [2, 0, 4, 2], "texture": "#1"}
			}
		},
		{
			"name": "H",
			"from": [2, -1, 11],
			"to": [3, 0, 12],
			"rotation": {"angle": -22.5, "axis": "x", "origin": [4, 4, 11]},
			"faces": {
				"north": {"uv": [3.5, 1.5, 4, 2], "texture": "#1"},
				"east": {"uv": [3.5, 1.5, 4, 2], "texture": "#1"},
				"south": {"uv": [3.5, 1.5, 4, 2], "texture": "#1"},
				"west": {"uv": [3.5, 1.5, 4, 2], "texture": "#1"},
				"up": {"uv": [3.5, 1.5, 4, 2], "texture": "#1"},
				"down": {"uv": [2, 0, 4, 2], "texture": "#1"}
			}
		},
		{
			"name": "H",
			"from": [1, 2, 11],
			"to": [2, 3, 12],
			"rotation": {"angle": -22.5, "axis": "x", "origin": [4, 4, 11]},
			"faces": {
				"north": {"uv": [3.5, 1.5, 4, 2], "texture": "#1"},
				"east": {"uv": [3.5, 1.5, 4, 2], "texture": "#1"},
				"south": {"uv": [3.5, 1.5, 4, 2], "texture": "#1"},
				"west": {"uv": [3.5, 1.5, 4, 2], "texture": "#1"},
				"up": {"uv": [3.5, 1.5, 4, 2], "texture": "#1"},
				"down": {"uv": [2, 0, 4, 2], "texture": "#1"}
			}
		},
		{
			"name": "H",
			"from": [10, 0, 9],
			"to": [14, 8, 13],
			"rotation": {"angle": -22.5, "axis": "x", "origin": [12, 4, 11]},
			"faces": {
				"north": {"uv": [2, 0, 4, 2], "texture": "#1"},
				"east": {"uv": [2, 0, 4, 2], "texture": "#1"},
				"south": {"uv": [2, 0, 4, 2], "texture": "#1"},
				"west": {"uv": [2, 0, 4, 2], "texture": "#1"},
				"up": {"uv": [2, 0, 4, 2], "texture": "#1"},
				"down": {"uv": [2, 0, 4, 2], "texture": "#1"}
			}
		},
		{
			"name": "B",
			"from": [4.5, -7, 5],
			"to": [11.5, 1, 8],
			"rotation": {"angle": 0, "axis": "y", "origin": [6, -9, 8]},
			"faces": {
				"north": {"uv": [5, 5, 7, 7], "texture": "#1"},
				"east": {"uv": [4, 5, 5, 7], "texture": "#1"},
				"south": {"uv": [8, 5, 10, 7], "texture": "#1"},
				"west": {"uv": [7, 5, 8, 7], "texture": "#1"},
				"up": {"uv": [5, 4, 7, 5], "texture": "#1"},
				"down": {"uv": [7, 4, 9, 5], "texture": "#1"}
			}
		},
		{
			"name": "B",
			"from": [4.6, -2.5, 4.3],
			"to": [11.4, -0.5, 7.3],
			"rotation": {"angle": 22.5, "axis": "x", "origin": [8, -2, 6]},
			"faces": {
				"north": {"uv": [5, 5.25, 7, 5.75], "texture": "#1"},
				"east": {"uv": [4, 5.5, 5, 6], "texture": "#1"},
				"south": {"uv": [8, 5.5, 10, 6], "texture": "#1"},
				"west": {"uv": [7, 5.5, 8, 6], "texture": "#1"},
				"up": {"uv": [5, 4, 7, 5], "texture": "#1"},
				"down": {"uv": [5, 5.5, 7, 6], "texture": "#1"}
			}
		},
		{
			"name": "LA",
			"from": [11.5, -7.5, 5],
			"to": [12.5, -4.5, 8],
			"rotation": {"angle": 0, "axis": "y", "origin": [5, 2, 8]},
			"faces": {
				"north": {"uv": [13.75, 14.25, 14, 15], "texture": "#1"},
				"east": {"uv": [12.75, 14.25, 13.5, 15], "texture": "#1"},
				"south": {"uv": [12.5, 14.25, 12.75, 15], "texture": "#1"},
				"west": {"uv": [11.75, 14.25, 12.5, 15], "texture": "#1"},
				"up": {"uv": [14.5, 14.25, 14.75, 15], "rotation": 180, "texture": "#1"},
				"down": {"uv": [14.25, 14.25, 14.5, 15], "rotation": 180, "texture": "#1"}
			}
		},
		{
			"name": "LA",
			"from": [3.5, -7.5, 5],
			"to": [4.5, -4.5, 8],
			"rotation": {"angle": 0, "axis": "y", "origin": [5, 2, 8]},
			"faces": {
				"north": {"uv": [12.5, 14.25, 12.75, 15], "texture": "#1"},
				"east": {"uv": [11.75, 14.25, 12.5, 15], "texture": "#1"},
				"south": {"uv": [13.75, 14.25, 14, 15], "texture": "#1"},
				"west": {"uv": [12.75, 14.25, 13.5, 15], "texture": "#1"},
				"up": {"uv": [14.5, 14.25, 14.75, 15], "texture": "#1"},
				"down": {"uv": [14.25, 14.25, 14.5, 15], "texture": "#1"}
			}
		},
		{
			"name": "B",
			"from": [4.5, -7, 8],
			"to": [11.5, 1, 15],
			"rotation": {"angle": 0, "axis": "y", "origin": [6, -9, 8]},
			"faces": {
				"north": {"uv": [0, 8, 1.75, 10], "texture": "#1"},
				"east": {"uv": [5.25, 8, 7, 10], "texture": "#1"},
				"south": {"uv": [3.5, 8, 5.25, 10], "texture": "#1"},
				"west": {"uv": [1.75, 8, 3.5, 10], "texture": "#1"},
				"up": {"uv": [0, 10, 1.75, 11.75], "texture": "#1"},
				"down": {"uv": [1.75, 10, 3.5, 11.75], "texture": "#1"}
			}
		},
		{
			"from": [6.5, 2, 10.5],
			"to": [7.5, 3, 11.5],
			"faces": {
				"north": {"uv": [13.5, 7, 14, 7.5], "texture": "#1"},
				"east": {"uv": [13.5, 7, 14, 7.5], "texture": "#1"},
				"south": {"uv": [13.5, 7, 14, 7.5], "texture": "#1"},
				"west": {"uv": [13.5, 7, 14, 7.5], "texture": "#1"},
				"up": {"uv": [14, 7, 14.5, 7.5], "texture": "#1"},
				"down": {"uv": [14, 7, 14.5, 7.5], "texture": "#1"}
			}
		},
		{
			"from": [7, 1, 12],
			"to": [9, 2, 14],
			"faces": {
				"north": {"uv": [13.5, 5, 15.5, 7], "texture": "#1"},
				"east": {"uv": [13.5, 5, 15.5, 7], "texture": "#1"},
				"south": {"uv": [13.5, 5, 15.5, 7], "texture": "#1"},
				"west": {"uv": [13.5, 5, 15.5, 7], "texture": "#1"},
				"up": {"uv": [13.5, 5, 15.5, 7], "texture": "#1"},
				"down": {"uv": [13.5, 5, 15.5, 7], "texture": "#1"}
			}
		},
		{
			"from": [7.5, 2, 12.5],
			"to": [8.5, 3, 13.5],
			"faces": {
				"north": {"uv": [13.5, 7, 14, 7.5], "texture": "#1"},
				"east": {"uv": [13.5, 7, 14, 7.5], "texture": "#1"},
				"south": {"uv": [13.5, 7, 14, 7.5], "texture": "#1"},
				"west": {"uv": [13.5, 7, 14, 7.5], "texture": "#1"},
				"up": {"uv": [14, 7, 14.5, 7.5], "texture": "#1"},
				"down": {"uv": [14, 7, 14.5, 7.5], "texture": "#1"}
			}
		},
		{
			"from": [8, 1, 10],
			"to": [10, 2, 12],
			"faces": {
				"north": {"uv": [13.5, 5, 15.5, 7], "texture": "#1"},
				"east": {"uv": [13.5, 5, 15.5, 7], "texture": "#1"},
				"south": {"uv": [13.5, 5, 15.5, 7], "texture": "#1"},
				"west": {"uv": [13.5, 5, 15.5, 7], "texture": "#1"},
				"up": {"uv": [13.5, 5, 15.5, 7], "texture": "#1"},
				"down": {"uv": [13.5, 5, 15.5, 7], "texture": "#1"}
			}
		},
		{
			"from": [8.5, 2, 10.5],
			"to": [9.5, 3, 11.5],
			"faces": {
				"north": {"uv": [13.5, 7, 14, 7.5], "texture": "#1"},
				"east": {"uv": [13.5, 7, 14, 7.5], "texture": "#1"},
				"south": {"uv": [13.5, 7, 14, 7.5], "texture": "#1"},
				"west": {"uv": [13.5, 7, 14, 7.5], "texture": "#1"},
				"up": {"uv": [14, 7, 14.5, 7.5], "texture": "#1"},
				"down": {"uv": [14, 7, 14.5, 7.5], "texture": "#1"}
			}
		},
		{
			"from": [6, 1, 10],
			"to": [8, 2, 12],
			"faces": {
				"north": {"uv": [13.5, 5, 15.5, 7], "texture": "#1"},
				"east": {"uv": [13.5, 5, 15.5, 7], "texture": "#1"},
				"south": {"uv": [13.5, 5, 15.5, 7], "texture": "#1"},
				"west": {"uv": [13.5, 5, 15.5, 7], "texture": "#1"},
				"up": {"uv": [13.5, 5, 15.5, 7], "texture": "#1"},
				"down": {"uv": [13.5, 5, 15.5, 7], "texture": "#1"}
			}
		},
		{
			"name": "LA",
			"from": [1.5, 1, 5],
			"to": [4.5, 9, 8],
			"rotation": {"angle": 0, "axis": "y", "origin": [5, 2, 8]},
			"faces": {
				"north": {"uv": [10.5, 13, 11.25, 15], "rotation": 180, "texture": "#1"},
				"east": {"uv": [8.25, 13, 9, 15], "rotation": 180, "texture": "#1"},
				"south": {"uv": [9, 13, 9.75, 15], "rotation": 180, "texture": "#1"},
				"west": {"uv": [9.75, 13, 10.5, 15], "rotation": 180, "texture": "#1"},
				"up": {"uv": [9.75, 12.25, 10.5, 13], "texture": "#1"},
				"down": {"uv": [9, 12.25, 9.75, 13], "texture": "#1"}
			}
		},
		{
			"name": "LA",
			"from": [1, 6, 4.5],
			"to": [5, 7, 8.5],
			"rotation": {"angle": 0, "axis": "y", "origin": [5, 2, 8]},
			"faces": {
				"north": {"uv": [10.5, 14.25, 11.25, 14.5], "rotation": 180, "texture": "#1"},
				"east": {"uv": [8.25, 14.25, 9, 14.5], "rotation": 180, "texture": "#1"},
				"south": {"uv": [9, 14.25, 9.75, 14.5], "rotation": 180, "texture": "#1"},
				"west": {"uv": [9.75, 14.25, 10.5, 14.5], "rotation": 180, "texture": "#1"},
				"up": {"uv": [9.75, 14.25, 10.5, 15], "texture": "#1"},
				"down": {"uv": [9, 14.25, 9.75, 15], "texture": "#1"}
			}
		},
		{
			"name": "LA",
			"from": [1, 2, 4.5],
			"to": [5, 3, 8.5],
			"rotation": {"angle": 0, "axis": "y", "origin": [5, 2, 8]},
			"faces": {
				"north": {"uv": [10.5, 14.25, 11.25, 14.5], "rotation": 180, "texture": "#1"},
				"east": {"uv": [8.25, 14.25, 9, 14.5], "rotation": 180, "texture": "#1"},
				"south": {"uv": [9, 14.25, 9.75, 14.5], "rotation": 180, "texture": "#1"},
				"west": {"uv": [9.75, 14.25, 10.5, 14.5], "rotation": 180, "texture": "#1"},
				"up": {"uv": [9.75, 14.25, 10.5, 15], "texture": "#1"},
				"down": {"uv": [9, 14.25, 9.75, 15], "texture": "#1"}
			}
		},
		{
			"name": "LA",
			"from": [0.5, 1.5, 5],
			"to": [1.5, 4.5, 8],
			"rotation": {"angle": 0, "axis": "y", "origin": [5, 2, 8]},
			"faces": {
				"north": {"uv": [13.75, 14.25, 14, 15], "rotation": 180, "texture": "#1"},
				"east": {"uv": [11.75, 14.25, 12.5, 15], "rotation": 180, "texture": "#1"},
				"south": {"uv": [12.5, 14.25, 12.75, 15], "rotation": 180, "texture": "#1"},
				"west": {"uv": [12.75, 14.25, 13.5, 15], "rotation": 180, "texture": "#1"},
				"up": {"uv": [14.25, 14.25, 14.5, 15], "texture": "#1"},
				"down": {"uv": [14.5, 14.25, 14.75, 15], "texture": "#1"}
			}
		},
		{
			"name": "RA",
			"from": [11.5, 1, 5],
			"to": [14.5, 9, 8],
			"rotation": {"angle": 0, "axis": "y", "origin": [12, 2, 8]},
			"faces": {
				"north": {"uv": [12.5, 5, 13.25, 7], "rotation": 180, "texture": "#1"},
				"east": {"uv": [10.25, 5, 11, 7], "rotation": 180, "texture": "#1"},
				"south": {"uv": [11, 5, 11.75, 7], "rotation": 180, "texture": "#1"},
				"west": {"uv": [11.75, 5, 12.5, 7], "rotation": 180, "texture": "#1"},
				"up": {"uv": [11.75, 4.25, 12.5, 5], "texture": "#1"},
				"down": {"uv": [11, 4.25, 11.75, 5], "texture": "#1"}
			}
		},
		{
			"name": "RA",
			"from": [11, 6, 4.5],
			"to": [15, 7, 8.5],
			"rotation": {"angle": 0, "axis": "y", "origin": [12, 2, 8]},
			"faces": {
				"north": {"uv": [12.5, 6.25, 13.25, 6.5], "rotation": 180, "texture": "#1"},
				"east": {"uv": [10.25, 6.25, 11, 6.5], "rotation": 180, "texture": "#1"},
				"south": {"uv": [11, 6.25, 11.75, 6.5], "rotation": 180, "texture": "#1"},
				"west": {"uv": [11.75, 6.25, 12.5, 6.5], "rotation": 180, "texture": "#1"},
				"up": {"uv": [11.75, 6.25, 12.5, 7], "texture": "#1"},
				"down": {"uv": [11, 6.25, 11.75, 7], "texture": "#1"}
			}
		},
		{
			"name": "LL",
			"from": [4.4, -15, 5],
			"to": [7.4, -7, 8],
			"rotation": {"angle": 22.5, "axis": "x", "origin": [8, -6, 8]},
			"faces": {
				"north": {"uv": [5.25, 13, 6, 15], "texture": "#1"},
				"east": {"uv": [4.25, 13, 5, 15], "texture": "#1"},
				"south": {"uv": [7, 13, 7.75, 15], "texture": "#1"},
				"west": {"uv": [6, 13, 6.75, 15], "texture": "#1"},
				"up": {"uv": [5.25, 12.25, 6, 13], "texture": "#1"},
				"down": {"uv": [6, 12.25, 6.75, 13], "texture": "#1"}
			}
		},
		{
			"name": "LL",
			"from": [3.9, -12, 4.5],
			"to": [7.9, -11, 8.5],
			"rotation": {"angle": 22.5, "axis": "x", "origin": [8, -6, 8]},
			"faces": {
				"north": {"uv": [5.25, 14, 6, 14.25], "texture": "#1"},
				"east": {"uv": [4.25, 14, 5, 14.25], "texture": "#1"},
				"south": {"uv": [7, 14, 7.75, 14.25], "texture": "#1"},
				"west": {"uv": [6, 14, 6.75, 14.25], "texture": "#1"},
				"up": {"uv": [5.25, 14, 6, 14.25], "texture": "#1"},
				"down": {"uv": [6, 14, 6.75, 14.25], "texture": "#1"}
			}
		},
		{
			"name": "LL",
			"from": [4.3, -15.1, 4.9],
			"to": [7.5, -12, 8.1],
			"rotation": {"angle": 22.5, "axis": "x", "origin": [8, -6, 8]},
			"faces": {
				"north": {"uv": [5.25, 14.25, 6, 15], "texture": "#1"},
				"east": {"uv": [4.25, 14.25, 5, 15], "texture": "#1"},
				"south": {"uv": [7, 14.25, 7.75, 15], "texture": "#1"},
				"west": {"uv": [6, 14.25, 6.75, 15], "texture": "#1"},
				"up": {"uv": [5.25, 12.25, 6, 13], "texture": "#1"},
				"down": {"uv": [6, 12.25, 6.75, 13], "texture": "#1"}
			}
		},
		{
			"name": "RL",
			"from": [8.6, -14, 6],
			"to": [11.6, -6, 9],
			"rotation": {"angle": -22.5, "axis": "x", "origin": [8, -6, 8]},
			"faces": {
				"north": {"uv": [1, 5, 1.75, 7], "texture": "#1"},
				"east": {"uv": [0.25, 5, 1, 7], "texture": "#1"},
				"south": {"uv": [3, 5, 3.75, 7], "texture": "#1"},
				"west": {"uv": [2.25, 5, 3, 7], "texture": "#1"},
				"up": {"uv": [1.25, 4.25, 2, 5], "texture": "#1"},
				"down": {"uv": [2, 4.25, 2.75, 5], "texture": "#1"}
			}
		},
		{
			"name": "RL",
			"from": [8.5, -14.1, 5.9],
			"to": [11.7, -11, 9.1],
			"rotation": {"angle": -22.5, "axis": "x", "origin": [8, -6, 8]},
			"faces": {
				"north": {"uv": [1, 6.25, 1.75, 7], "texture": "#1"},
				"east": {"uv": [0.25, 6.25, 1, 7], "texture": "#1"},
				"south": {"uv": [3, 6.25, 3.75, 7], "texture": "#1"},
				"west": {"uv": [2.25, 6.25, 3, 7], "texture": "#1"},
				"up": {"uv": [1.25, 4.25, 2, 5], "texture": "#1"},
				"down": {"uv": [2, 4.25, 2.75, 5], "texture": "#1"}
			}
		},
		{
			"from": [5, 18, 4],
			"to": [11, 24, 10],
			"faces": {
				"north": {"uv": [13.5, 5, 15.5, 7], "texture": "#1"},
				"east": {"uv": [13.5, 5, 15.5, 7], "texture": "#1"},
				"south": {"uv": [13.5, 5, 15.5, 7], "texture": "#1"},
				"west": {"uv": [13.5, 5, 15.5, 7], "texture": "#1"},
				"up": {"uv": [13.5, 5, 15.5, 7], "texture": "#1"},
				"down": {"uv": [13.5, 5, 15.5, 7], "texture": "#1"}
			}
		},
		{
			"from": [6.5, 23, 5.5],
			"to": [9.5, 26, 8.5],
			"faces": {
				"north": {"uv": [13.5, 7, 14, 7.5], "texture": "#1"},
				"east": {"uv": [13.5, 7, 14, 7.5], "texture": "#1"},
				"south": {"uv": [13.5, 7, 14, 7.5], "texture": "#1"},
				"west": {"uv": [13.5, 7, 14, 7.5], "texture": "#1"},
				"up": {"uv": [14, 7, 14.5, 7.5], "texture": "#1"},
				"down": {"uv": [14, 7, 14.5, 7.5], "texture": "#1"}
			}
		},
		{
			"from": [2, 9, 1],
			"to": [14, 22, 13],
			"faces": {
				"north": {"uv": [13.5, 5, 15.5, 7], "texture": "#1"},
				"east": {"uv": [13.5, 5, 15.5, 7], "texture": "#1"},
				"south": {"uv": [13.5, 5, 15.5, 7], "texture": "#1"},
				"west": {"uv": [13.5, 5, 15.5, 7], "texture": "#1"},
				"up": {"uv": [13.5, 5, 15.5, 7], "texture": "#1"},
				"down": {"uv": [13.5, 5, 15.5, 7], "texture": "#1"}
			}
		},
		{
			"from": [3.5, 15, 0.5],
			"to": [6.5, 18, 3.5],
			"faces": {
				"north": {"uv": [8.75, 0.75, 10, 2], "texture": "#1"},
				"east": {"uv": [8.75, 1.75, 10, 2], "texture": "#1"},
				"south": {"uv": [8.75, 1.75, 10, 2], "texture": "#1"},
				"west": {"uv": [8.75, 1.75, 10, 2], "texture": "#1"},
				"up": {"uv": [8.75, 1.75, 10, 2], "texture": "#1"},
				"down": {"uv": [8.75, 1.75, 10, 2], "texture": "#1"}
			}
		},
		{
			"from": [9.5, 15, 0.5],
			"to": [12.5, 18, 3.5],
			"faces": {
				"north": {"uv": [8.75, 0.75, 10, 2], "texture": "#1"},
				"east": {"uv": [8.75, 1.75, 10, 2], "texture": "#1"},
				"south": {"uv": [8.75, 1.75, 10, 2], "texture": "#1"},
				"west": {"uv": [8.75, 1.75, 10, 2], "texture": "#1"},
				"up": {"uv": [8.75, 1.75, 10, 2], "texture": "#1"},
				"down": {"uv": [8.75, 1.75, 10, 2], "texture": "#1"}
			}
		},
		{
			"from": [5, -9, 11.85714],
			"to": [7, -8, 13.85714],
			"rotation": {"angle": 22.5, "axis": "y", "origin": [13, -5.57143, -2.57143]},
			"faces": {
				"north": {"uv": [13.5, 5, 15.5, 7], "texture": "#1"},
				"east": {"uv": [13.5, 5, 15.5, 7], "texture": "#1"},
				"south": {"uv": [13.5, 5, 15.5, 7], "texture": "#1"},
				"west": {"uv": [13.5, 5, 15.5, 7], "texture": "#1"},
				"up": {"uv": [13.5, 5, 15.5, 7], "rotation": 180, "texture": "#1"},
				"down": {"uv": [13.5, 5, 15.5, 7], "rotation": 180, "texture": "#1"}
			}
		},
		{
			"from": [5.5, -8, 12.35714],
			"to": [6.5, -7, 13.35714],
			"rotation": {"angle": 22.5, "axis": "y", "origin": [13, -5.57143, -2.57143]},
			"faces": {
				"north": {"uv": [13.5, 7, 14, 7.5], "texture": "#1"},
				"east": {"uv": [13.5, 7, 14, 7.5], "texture": "#1"},
				"south": {"uv": [13.5, 7, 14, 7.5], "texture": "#1"},
				"west": {"uv": [13.5, 7, 14, 7.5], "texture": "#1"},
				"up": {"uv": [14, 7, 14.5, 7.5], "rotation": 180, "texture": "#1"},
				"down": {"uv": [14, 7, 14.5, 7.5], "rotation": 180, "texture": "#1"}
			}
		},
		{
			"from": [4, -13, 10.85714],
			"to": [8, -9, 14.85714],
			"rotation": {"angle": 22.5, "axis": "y", "origin": [13, -5.57143, -2.57143]},
			"faces": {
				"north": {"uv": [13.5, 5, 15.5, 7], "texture": "#1"},
				"east": {"uv": [13.5, 5, 15.5, 7], "texture": "#1"},
				"south": {"uv": [13.5, 5, 15.5, 7], "texture": "#1"},
				"west": {"uv": [13.5, 5, 15.5, 7], "texture": "#1"},
				"up": {"uv": [13.5, 5, 15.5, 7], "rotation": 180, "texture": "#1"},
				"down": {"uv": [13.5, 5, 15.5, 7], "rotation": 180, "texture": "#1"}
			}
		},
		{
			"from": [6.5, -11, 14.35714],
			"to": [7.5, -10, 15.35714],
			"rotation": {"angle": 22.5, "axis": "y", "origin": [13, -5.57143, -2.57143]},
			"faces": {
				"north": {"uv": [8.75, 1.75, 10, 2], "texture": "#1"},
				"east": {"uv": [8.75, 1.75, 10, 2], "texture": "#1"},
				"south": {"uv": [8.75, 0.75, 10, 2], "texture": "#1"},
				"west": {"uv": [8.75, 1.75, 10, 2], "texture": "#1"},
				"up": {"uv": [8.75, 1.75, 10, 2], "rotation": 180, "texture": "#1"},
				"down": {"uv": [8.75, 1.75, 10, 2], "rotation": 180, "texture": "#1"}
			}
		},
		{
			"from": [4.5, -11, 14.35714],
			"to": [5.5, -10, 15.35714],
			"rotation": {"angle": 22.5, "axis": "y", "origin": [13, -5.57143, -2.57143]},
			"faces": {
				"north": {"uv": [8.75, 1.75, 10, 2], "texture": "#1"},
				"east": {"uv": [8.75, 1.75, 10, 2], "texture": "#1"},
				"south": {"uv": [8.75, 0.75, 10, 2], "texture": "#1"},
				"west": {"uv": [8.75, 1.75, 10, 2], "texture": "#1"},
				"up": {"uv": [8.75, 1.75, 10, 2], "rotation": 180, "texture": "#1"},
				"down": {"uv": [8.75, 1.75, 10, 2], "rotation": 180, "texture": "#1"}
			}
		},
		{
			"from": [8, -14, 9.85714],
			"to": [9, -12, 15.85714],
			"rotation": {"angle": 22.5, "axis": "y", "origin": [13, -5.57143, -2.57143]},
			"faces": {
				"north": {"uv": [15.75, 7.5, 16, 8.25], "texture": "#1"},
				"east": {"uv": [13.5, 7.5, 16, 8.25], "texture": "#1"},
				"south": {"uv": [13.5, 7.5, 13.75, 8.25], "texture": "#1"},
				"west": {"uv": [13.5, 7.5, 16, 8.25], "texture": "#1"},
				"up": {"uv": [13.5, 7.5, 16, 7.75], "rotation": 270, "texture": "#1"},
				"down": {"uv": [13.5, 7.5, 16, 7.75], "rotation": 90, "texture": "#1"}
			}
		},
		{
			"from": [3, -14, 9.85714],
			"to": [4, -12, 15.85714],
			"rotation": {"angle": 22.5, "axis": "y", "origin": [13, -5.57143, -2.57143]},
			"faces": {
				"north": {"uv": [15.75, 7.5, 16, 8.25], "texture": "#1"},
				"east": {"uv": [13.5, 7.5, 16, 8.25], "texture": "#1"},
				"south": {"uv": [13.5, 7.5, 13.75, 8.25], "texture": "#1"},
				"west": {"uv": [13.5, 7.5, 16, 8.25], "texture": "#1"},
				"up": {"uv": [13.5, 7.5, 16, 7.75], "rotation": 270, "texture": "#1"},
				"down": {"uv": [13.5, 7.5, 16, 7.75], "rotation": 90, "texture": "#1"}
			}
		},
		{
			"from": [10, -9, 1],
			"to": [12, -8, 3],
			"rotation": {"angle": 45, "axis": "y", "origin": [13, -5.57143, -2.57143]},
			"faces": {
				"north": {"uv": [13.5, 5, 15.5, 7], "texture": "#1"},
				"east": {"uv": [13.5, 5, 15.5, 7], "texture": "#1"},
				"south": {"uv": [13.5, 5, 15.5, 7], "texture": "#1"},
				"west": {"uv": [13.5, 5, 15.5, 7], "texture": "#1"},
				"up": {"uv": [13.5, 5, 15.5, 7], "texture": "#1"},
				"down": {"uv": [13.5, 5, 15.5, 7], "texture": "#1"}
			}
		},
		{
			"from": [10.5, -8, 1.5],
			"to": [11.5, -7, 2.5],
			"rotation": {"angle": 45, "axis": "y", "origin": [13, -5.57143, -2.57143]},
			"faces": {
				"north": {"uv": [13.5, 7, 14, 7.5], "texture": "#1"},
				"east": {"uv": [13.5, 7, 14, 7.5], "texture": "#1"},
				"south": {"uv": [13.5, 7, 14, 7.5], "texture": "#1"},
				"west": {"uv": [13.5, 7, 14, 7.5], "texture": "#1"},
				"up": {"uv": [14, 7, 14.5, 7.5], "texture": "#1"},
				"down": {"uv": [14, 7, 14.5, 7.5], "texture": "#1"}
			}
		},
		{
			"from": [9, -13, 0],
			"to": [13, -9, 4],
			"rotation": {"angle": 45, "axis": "y", "origin": [13, -5.57143, -2.57143]},
			"faces": {
				"north": {"uv": [13.5, 5, 15.5, 7], "texture": "#1"},
				"east": {"uv": [13.5, 5, 15.5, 7], "texture": "#1"},
				"south": {"uv": [13.5, 5, 15.5, 7], "texture": "#1"},
				"west": {"uv": [13.5, 5, 15.5, 7], "texture": "#1"},
				"up": {"uv": [13.5, 5, 15.5, 7], "texture": "#1"},
				"down": {"uv": [13.5, 5, 15.5, 7], "texture": "#1"}
			}
		},
		{
			"from": [9.5, -11, -0.5],
			"to": [10.5, -10, 0.5],
			"rotation": {"angle": 45, "axis": "y", "origin": [13, -5.57143, -2.57143]},
			"faces": {
				"north": {"uv": [8.75, 0.75, 10, 2], "texture": "#1"},
				"east": {"uv": [8.75, 1.75, 10, 2], "texture": "#1"},
				"south": {"uv": [8.75, 1.75, 10, 2], "texture": "#1"},
				"west": {"uv": [8.75, 1.75, 10, 2], "texture": "#1"},
				"up": {"uv": [8.75, 1.75, 10, 2], "texture": "#1"},
				"down": {"uv": [8.75, 1.75, 10, 2], "texture": "#1"}
			}
		},
		{
			"from": [11.5, -11, -0.5],
			"to": [12.5, -10, 0.5],
			"rotation": {"angle": 45, "axis": "y", "origin": [13, -5.57143, -2.57143]},
			"faces": {
				"north": {"uv": [8.75, 0.75, 10, 2], "texture": "#1"},
				"east": {"uv": [8.75, 1.75, 10, 2], "texture": "#1"},
				"south": {"uv": [8.75, 1.75, 10, 2], "texture": "#1"},
				"west": {"uv": [8.75, 1.75, 10, 2], "texture": "#1"},
				"up": {"uv": [8.75, 1.75, 10, 2], "texture": "#1"},
				"down": {"uv": [8.75, 1.75, 10, 2], "texture": "#1"}
			}
		},
		{
			"from": [8, -14, -1],
			"to": [9, -12, 5],
			"rotation": {"angle": 45, "axis": "y", "origin": [13, -5.57143, -2.57143]},
			"faces": {
				"north": {"uv": [13.5, 7.5, 13.75, 8.25], "texture": "#1"},
				"east": {"uv": [13.5, 7.5, 16, 8.25], "texture": "#1"},
				"south": {"uv": [15.75, 7.5, 16, 8.25], "texture": "#1"},
				"west": {"uv": [13.5, 7.5, 16, 8.25], "texture": "#1"},
				"up": {"uv": [13.5, 7.5, 16, 7.75], "rotation": 90, "texture": "#1"},
				"down": {"uv": [13.5, 7.5, 16, 7.75], "rotation": 270, "texture": "#1"}
			}
		},
		{
			"from": [13, -14, -1],
			"to": [14, -12, 5],
			"rotation": {"angle": 45, "axis": "y", "origin": [13, -5.57143, -2.57143]},
			"faces": {
				"north": {"uv": [13.5, 7.5, 13.75, 8.25], "texture": "#1"},
				"east": {"uv": [13.5, 7.5, 16, 8.25], "texture": "#1"},
				"south": {"uv": [15.75, 7.5, 16, 8.25], "texture": "#1"},
				"west": {"uv": [13.5, 7.5, 16, 8.25], "texture": "#1"},
				"up": {"uv": [13.5, 7.5, 16, 7.75], "rotation": 90, "texture": "#1"},
				"down": {"uv": [13.5, 7.5, 16, 7.75], "rotation": 270, "texture": "#1"}
			}
		},
		{
			"from": [12, -9, 14],
			"to": [14, -8, 16],
			"rotation": {"angle": -45, "axis": "y", "origin": [13, -5.57143, -2.57143]},
			"faces": {
				"north": {"uv": [13.5, 5, 15.5, 7], "texture": "#1"},
				"east": {"uv": [13.5, 5, 15.5, 7], "texture": "#1"},
				"south": {"uv": [13.5, 5, 15.5, 7], "texture": "#1"},
				"west": {"uv": [13.5, 5, 15.5, 7], "texture": "#1"},
				"up": {"uv": [13.5, 5, 15.5, 7], "texture": "#1"},
				"down": {"uv": [13.5, 5, 15.5, 7], "texture": "#1"}
			}
		},
		{
			"from": [12.5, -8, 14.5],
			"to": [13.5, -7, 15.5],
			"rotation": {"angle": -45, "axis": "y", "origin": [13, -5.57143, -2.57143]},
			"faces": {
				"north": {"uv": [13.5, 7, 14, 7.5], "texture": "#1"},
				"east": {"uv": [13.5, 7, 14, 7.5], "texture": "#1"},
				"south": {"uv": [13.5, 7, 14, 7.5], "texture": "#1"},
				"west": {"uv": [13.5, 7, 14, 7.5], "texture": "#1"},
				"up": {"uv": [14, 7, 14.5, 7.5], "texture": "#1"},
				"down": {"uv": [14, 7, 14.5, 7.5], "texture": "#1"}
			}
		},
		{
			"from": [11, -13, 13],
			"to": [15, -9, 17],
			"rotation": {"angle": -45, "axis": "y", "origin": [13, -5.57143, -2.57143]},
			"faces": {
				"north": {"uv": [13.5, 5, 15.5, 7], "texture": "#1"},
				"east": {"uv": [13.5, 5, 15.5, 7], "texture": "#1"},
				"south": {"uv": [13.5, 5, 15.5, 7], "texture": "#1"},
				"west": {"uv": [13.5, 5, 15.5, 7], "texture": "#1"},
				"up": {"uv": [13.5, 5, 15.5, 7], "texture": "#1"},
				"down": {"uv": [13.5, 5, 15.5, 7], "texture": "#1"}
			}
		},
		{
			"from": [11.5, -11, 12.5],
			"to": [12.5, -10, 13.5],
			"rotation": {"angle": -45, "axis": "y", "origin": [13, -5.57143, -2.57143]},
			"faces": {
				"north": {"uv": [8.75, 0.75, 10, 2], "texture": "#1"},
				"east": {"uv": [8.75, 1.75, 10, 2], "texture": "#1"},
				"south": {"uv": [8.75, 1.75, 10, 2], "texture": "#1"},
				"west": {"uv": [8.75, 1.75, 10, 2], "texture": "#1"},
				"up": {"uv": [8.75, 1.75, 10, 2], "texture": "#1"},
				"down": {"uv": [8.75, 1.75, 10, 2], "texture": "#1"}
			}
		},
		{
			"from": [13.5, -11, 12.5],
			"to": [14.5, -10, 13.5],
			"rotation": {"angle": -45, "axis": "y", "origin": [13, -5.57143, -2.57143]},
			"faces": {
				"north": {"uv": [8.75, 0.75, 10, 2], "texture": "#1"},
				"east": {"uv": [8.75, 1.75, 10, 2], "texture": "#1"},
				"south": {"uv": [8.75, 1.75, 10, 2], "texture": "#1"},
				"west": {"uv": [8.75, 1.75, 10, 2], "texture": "#1"},
				"up": {"uv": [8.75, 1.75, 10, 2], "texture": "#1"},
				"down": {"uv": [8.75, 1.75, 10, 2], "texture": "#1"}
			}
		},
		{
			"from": [10, -14, 12],
			"to": [11, -12, 18],
			"rotation": {"angle": -45, "axis": "y", "origin": [13, -5.57143, -2.57143]},
			"faces": {
				"north": {"uv": [13.5, 7.5, 13.75, 8.25], "texture": "#1"},
				"east": {"uv": [13.5, 7.5, 16, 8.25], "texture": "#1"},
				"south": {"uv": [15.75, 7.5, 16, 8.25], "texture": "#1"},
				"west": {"uv": [13.5, 7.5, 16, 8.25], "texture": "#1"},
				"up": {"uv": [13.5, 7.5, 16, 7.75], "rotation": 90, "texture": "#1"},
				"down": {"uv": [13.5, 7.5, 16, 7.75], "rotation": 270, "texture": "#1"}
			}
		},
		{
			"from": [15, -14, 12],
			"to": [16, -12, 18],
			"rotation": {"angle": -45, "axis": "y", "origin": [13, -5.57143, -2.57143]},
			"faces": {
				"north": {"uv": [13.5, 7.5, 13.75, 8.25], "texture": "#1"},
				"east": {"uv": [13.5, 7.5, 16, 8.25], "texture": "#1"},
				"south": {"uv": [15.75, 7.5, 16, 8.25], "texture": "#1"},
				"west": {"uv": [13.5, 7.5, 16, 8.25], "texture": "#1"},
				"up": {"uv": [13.5, 7.5, 16, 7.75], "rotation": 90, "texture": "#1"},
				"down": {"uv": [13.5, 7.5, 16, 7.75], "rotation": 270, "texture": "#1"}
			}
		},
		{
			"from": [0, -14, 2],
			"to": [7, -13, 3],
			"rotation": {"angle": 22.5, "axis": "y", "origin": [0, 0, 0]},
			"faces": {
				"north": {"uv": [0, 0, 1.75, 0.25], "texture": "#1"},
				"east": {"uv": [0, 0, 0.25, 0.25], "texture": "#1"},
				"south": {"uv": [0, 0, 1.75, 0.25], "texture": "#1"},
				"west": {"uv": [0, 0, 0.25, 0.25], "texture": "#1"},
				"up": {"uv": [0, 0, 1.75, 0.25], "texture": "#1"},
				"down": {"uv": [0, 0, 1.75, 0.25], "texture": "#1"}
			}
		},
		{
			"from": [6, -14, 3],
			"to": [8, -13, 4],
			"rotation": {"angle": 22.5, "axis": "y", "origin": [0, 0, 0]},
			"faces": {
				"north": {"uv": [0, 0, 0.5, 0.25], "texture": "#1"},
				"east": {"uv": [0, 0, 0.25, 0.25], "texture": "#1"},
				"south": {"uv": [0, 0, 0.5, 0.25], "texture": "#1"},
				"west": {"uv": [0, 0, 0.25, 0.25], "texture": "#1"},
				"up": {"uv": [0, 0, 0.5, 0.25], "texture": "#1"},
				"down": {"uv": [0, 0, 0.5, 0.25], "texture": "#1"}
			}
		},
		{
			"from": [6, -14, 1],
			"to": [8, -13, 2],
			"rotation": {"angle": 22.5, "axis": "y", "origin": [0, 0, 0]},
			"faces": {
				"north": {"uv": [0, 0, 0.5, 0.25], "texture": "#1"},
				"east": {"uv": [0, 0, 0.25, 0.25], "texture": "#1"},
				"south": {"uv": [0, 0, 0.5, 0.25], "texture": "#1"},
				"west": {"uv": [0, 0, 0.25, 0.25], "texture": "#1"},
				"up": {"uv": [0, 0, 0.5, 0.25], "texture": "#1"},
				"down": {"uv": [0, 0, 0.5, 0.25], "texture": "#1"}
			}
		}
	],
	"display": {
		"thirdperson_righthand": {
			"rotation": [60, 0, 0],
			"translation": [0, 1.5, 2],
			"scale": [0.2, 0.2, 0.2]
		},
		"thirdperson_lefthand": {
			"rotation": [60, 0, 0],
			"translation": [0, 1.5, 2],
			"scale": [0.2, 0.2, 0.2]
		},
		"firstperson_righthand": {
			"rotation": [0, 135, 0],
			"translation": [0, 6.5, 0],
			"scale": [0.2, 0.2, 0.2]
		},
		"firstperson_lefthand": {
			"rotation": [0, 135, 0],
			"translation": [0, 6.5, 0],
			"scale": [0.2, 0.2, 0.2]
		},
		"ground": {
			"translation": [0, 20, 0]
		},
		"gui": {
			"rotation": [30, 135, 0],
			"translation": [0, 11.5, 0]
		},
		"head": {
			"translation": [0, -7.5, 0],
			"scale": [1.5, 1.5, 1.5]
		},
		"fixed": {
			"translation": [0, 4, -1.5],
			"scale": [0.5, 0.5, 0.5]
		}
	},
	"groups": [
		{
			"name": "plate",
			"origin": [0, 0, 0],
			"color": 0,
			"children": [0, 1]
		},
		{
			"name": "Character",
			"origin": [8, 8, 8],
			"color": 0,
			"children": [
				{
					"name": "H",
					"origin": [6, -9, 8],
					"color": 0,
					"children": [
						2,
						{
							"name": "HeadSet",
							"origin": [6, -9, 8],
							"color": 0,
							"children": [3, 4, 5]
						},
						6,
						7,
						8,
						9,
						10,
						11,
						12,
						13,
						14,
						15,
						16
					]
				},
				{
					"name": "B",
					"origin": [6, -9, 8],
					"color": 0,
					"children": [
						17,
						18,
						19,
						20,
						{
							"name": "Pack",
							"origin": [6, -9, 8],
							"color": 0,
							"children": [21, 22, 23, 24, 25, 26, 27]
						}
					]
				},
				{
					"name": "LA",
					"origin": [5, 2, 8],
					"color": 0,
					"children": [28, 29, 30, 31]
				},
				{
					"name": "RA",
					"origin": [12, 2, 8],
					"color": 0,
					"children": [32, 33]
				},
				{
					"name": "LL",
					"origin": [8, -6, 8],
					"color": 0,
					"children": [34, 35, 36]
				},
				{
					"name": "RL",
					"origin": [8, -6, 8],
					"color": 0,
					"children": [37, 38]
				}
			]
		},
		{
			"name": "BigBomb",
			"origin": [0, 0, 0],
			"color": 0,
			"children": [39, 40, 41, 42, 43]
		},
		{
			"name": "Bomb",
			"origin": [0, 0, 0],
			"color": 0,
			"children": [44, 45, 46, 47, 48, 49, 50]
		},
		{
			"name": "Bomb",
			"origin": [0, 0, 0],
			"color": 0,
			"children": [51, 52, 53, 54, 55, 56, 57]
		},
		{
			"name": "Bomb",
			"origin": [0, 0, 0],
			"color": 0,
			"children": [58, 59, 60, 61, 62, 63, 64]
		},
		{
			"name": "Wrench",
			"origin": [0, 0, 0],
			"color": 0,
			"children": [65, 66, 67]
		}
	]
}