{
	"credit": "Made with Blockbench",
	"texture_size": [64, 64],
	"textures": {
		"1": "item/dwarf/dwarf3",
		"3": "item/model_plate/model_plate_dwarf_2"
	},
	"elements": [
		{
			"from": [1, -15, 1],
			"to": [15, -14, 15],
			"rotation": {"angle": 0, "axis": "y", "origin": [0, -14, 0]},
			"faces": {
				"north": {"uv": [1, 1, 15, 2], "texture": "#3"},
				"east": {"uv": [1, 1, 15, 2], "texture": "#3"},
				"south": {"uv": [1, 1, 15, 2], "texture": "#3"},
				"west": {"uv": [1, 1, 15, 2], "texture": "#3"},
				"up": {"uv": [1, 1, 15, 15], "texture": "#3"},
				"down": {"uv": [0, 0, 3.5, 3.5], "texture": "#3"}
			}
		},
		{
			"from": [0, -16, 0],
			"to": [16, -15, 16],
			"rotation": {"angle": 0, "axis": "y", "origin": [0, -14, 0]},
			"faces": {
				"north": {"uv": [0, 0, 16, 0.75], "texture": "#3"},
				"east": {"uv": [0, 0, 16, 0.5], "texture": "#3"},
				"south": {"uv": [0, 0, 16, 0.75], "texture": "#3"},
				"west": {"uv": [0, 0, 16, 0.5], "texture": "#3"},
				"up": {"uv": [0, 0, 16, 16], "texture": "#3"},
				"down": {"uv": [0, 0, 16, 16], "texture": "#3"}
			}
		},
		{
			"from": [5, -9, 11.85714],
			"to": [7, -8, 13.85714],
			"rotation": {"angle": 22.5, "axis": "y", "origin": [13, -5.57143, -2.57143]},
			"faces": {
				"north": {"uv": [13.5, 5, 15.5, 7], "texture": "#1"},
				"east": {"uv": [13.5, 5, 15.5, 7], "texture": "#1"},
				"south": {"uv": [13.5, 5, 15.5, 7], "texture": "#1"},
				"west": {"uv": [13.5, 5, 15.5, 7], "texture": "#1"},
				"up": {"uv": [13.5, 5, 15.5, 7], "rotation": 180, "texture": "#1"},
				"down": {"uv": [13.5, 5, 15.5, 7], "rotation": 180, "texture": "#1"}
			}
		},
		{
			"from": [5.5, -8, 12.35714],
			"to": [6.5, -7, 13.35714],
			"rotation": {"angle": 22.5, "axis": "y", "origin": [13, -5.57143, -2.57143]},
			"faces": {
				"north": {"uv": [13.5, 7, 14, 7.5], "texture": "#1"},
				"east": {"uv": [13.5, 7, 14, 7.5], "texture": "#1"},
				"south": {"uv": [13.5, 7, 14, 7.5], "texture": "#1"},
				"west": {"uv": [13.5, 7, 14, 7.5], "texture": "#1"},
				"up": {"uv": [14, 7, 14.5, 7.5], "rotation": 180, "texture": "#1"},
				"down": {"uv": [14, 7, 14.5, 7.5], "rotation": 180, "texture": "#1"}
			}
		},
		{
			"from": [4, -13, 10.85714],
			"to": [8, -9, 14.85714],
			"rotation": {"angle": 22.5, "axis": "y", "origin": [13, -5.57143, -2.57143]},
			"faces": {
				"north": {"uv": [13.5, 5, 15.5, 7], "texture": "#1"},
				"east": {"uv": [13.5, 5, 15.5, 7], "texture": "#1"},
				"south": {"uv": [13.5, 5, 15.5, 7], "texture": "#1"},
				"west": {"uv": [13.5, 5, 15.5, 7], "texture": "#1"},
				"up": {"uv": [13.5, 5, 15.5, 7], "rotation": 180, "texture": "#1"},
				"down": {"uv": [13.5, 5, 15.5, 7], "rotation": 180, "texture": "#1"}
			}
		},
		{
			"from": [6.5, -11, 14.35714],
			"to": [7.5, -10, 15.35714],
			"rotation": {"angle": 22.5, "axis": "y", "origin": [13, -5.57143, -2.57143]},
			"faces": {
				"north": {"uv": [8.75, 1.75, 10, 2], "texture": "#1"},
				"east": {"uv": [8.75, 1.75, 10, 2], "texture": "#1"},
				"south": {"uv": [8.75, 0.75, 10, 2], "texture": "#1"},
				"west": {"uv": [8.75, 1.75, 10, 2], "texture": "#1"},
				"up": {"uv": [8.75, 1.75, 10, 2], "rotation": 180, "texture": "#1"},
				"down": {"uv": [8.75, 1.75, 10, 2], "rotation": 180, "texture": "#1"}
			}
		},
		{
			"from": [4.5, -11, 14.35714],
			"to": [5.5, -10, 15.35714],
			"rotation": {"angle": 22.5, "axis": "y", "origin": [13, -5.57143, -2.57143]},
			"faces": {
				"north": {"uv": [8.75, 1.75, 10, 2], "texture": "#1"},
				"east": {"uv": [8.75, 1.75, 10, 2], "texture": "#1"},
				"south": {"uv": [8.75, 0.75, 10, 2], "texture": "#1"},
				"west": {"uv": [8.75, 1.75, 10, 2], "texture": "#1"},
				"up": {"uv": [8.75, 1.75, 10, 2], "rotation": 180, "texture": "#1"},
				"down": {"uv": [8.75, 1.75, 10, 2], "rotation": 180, "texture": "#1"}
			}
		},
		{
			"from": [8, -14, 9.85714],
			"to": [9, -12, 15.85714],
			"rotation": {"angle": 22.5, "axis": "y", "origin": [13, -5.57143, -2.57143]},
			"faces": {
				"north": {"uv": [15.75, 7.5, 16, 8.25], "texture": "#1"},
				"east": {"uv": [13.5, 7.5, 16, 8.25], "texture": "#1"},
				"south": {"uv": [13.5, 7.5, 13.75, 8.25], "texture": "#1"},
				"west": {"uv": [13.5, 7.5, 16, 8.25], "texture": "#1"},
				"up": {"uv": [13.5, 7.5, 16, 7.75], "rotation": 270, "texture": "#1"},
				"down": {"uv": [13.5, 7.5, 16, 7.75], "rotation": 90, "texture": "#1"}
			}
		},
		{
			"from": [3, -14, 9.85714],
			"to": [4, -12, 15.85714],
			"rotation": {"angle": 22.5, "axis": "y", "origin": [13, -5.57143, -2.57143]},
			"faces": {
				"north": {"uv": [15.75, 7.5, 16, 8.25], "texture": "#1"},
				"east": {"uv": [13.5, 7.5, 16, 8.25], "texture": "#1"},
				"south": {"uv": [13.5, 7.5, 13.75, 8.25], "texture": "#1"},
				"west": {"uv": [13.5, 7.5, 16, 8.25], "texture": "#1"},
				"up": {"uv": [13.5, 7.5, 16, 7.75], "rotation": 270, "texture": "#1"},
				"down": {"uv": [13.5, 7.5, 16, 7.75], "rotation": 90, "texture": "#1"}
			}
		},
		{
			"from": [10, -9, 1],
			"to": [12, -8, 3],
			"rotation": {"angle": 45, "axis": "y", "origin": [13, -5.57143, -2.57143]},
			"faces": {
				"north": {"uv": [13.5, 5, 15.5, 7], "texture": "#1"},
				"east": {"uv": [13.5, 5, 15.5, 7], "texture": "#1"},
				"south": {"uv": [13.5, 5, 15.5, 7], "texture": "#1"},
				"west": {"uv": [13.5, 5, 15.5, 7], "texture": "#1"},
				"up": {"uv": [13.5, 5, 15.5, 7], "texture": "#1"},
				"down": {"uv": [13.5, 5, 15.5, 7], "texture": "#1"}
			}
		},
		{
			"from": [10.5, -8, 1.5],
			"to": [11.5, -7, 2.5],
			"rotation": {"angle": 45, "axis": "y", "origin": [13, -5.57143, -2.57143]},
			"faces": {
				"north": {"uv": [13.5, 7, 14, 7.5], "texture": "#1"},
				"east": {"uv": [13.5, 7, 14, 7.5], "texture": "#1"},
				"south": {"uv": [13.5, 7, 14, 7.5], "texture": "#1"},
				"west": {"uv": [13.5, 7, 14, 7.5], "texture": "#1"},
				"up": {"uv": [14, 7, 14.5, 7.5], "texture": "#1"},
				"down": {"uv": [14, 7, 14.5, 7.5], "texture": "#1"}
			}
		},
		{
			"from": [9, -13, 0],
			"to": [13, -9, 4],
			"rotation": {"angle": 45, "axis": "y", "origin": [13, -5.57143, -2.57143]},
			"faces": {
				"north": {"uv": [13.5, 5, 15.5, 7], "texture": "#1"},
				"east": {"uv": [13.5, 5, 15.5, 7], "texture": "#1"},
				"south": {"uv": [13.5, 5, 15.5, 7], "texture": "#1"},
				"west": {"uv": [13.5, 5, 15.5, 7], "texture": "#1"},
				"up": {"uv": [13.5, 5, 15.5, 7], "texture": "#1"},
				"down": {"uv": [13.5, 5, 15.5, 7], "texture": "#1"}
			}
		},
		{
			"from": [9.5, -11, -0.5],
			"to": [10.5, -10, 0.5],
			"rotation": {"angle": 45, "axis": "y", "origin": [13, -5.57143, -2.57143]},
			"faces": {
				"north": {"uv": [8.75, 0.75, 10, 2], "texture": "#1"},
				"east": {"uv": [8.75, 1.75, 10, 2], "texture": "#1"},
				"south": {"uv": [8.75, 1.75, 10, 2], "texture": "#1"},
				"west": {"uv": [8.75, 1.75, 10, 2], "texture": "#1"},
				"up": {"uv": [8.75, 1.75, 10, 2], "texture": "#1"},
				"down": {"uv": [8.75, 1.75, 10, 2], "texture": "#1"}
			}
		},
		{
			"from": [11.5, -11, -0.5],
			"to": [12.5, -10, 0.5],
			"rotation": {"angle": 45, "axis": "y", "origin": [13, -5.57143, -2.57143]},
			"faces": {
				"north": {"uv": [8.75, 0.75, 10, 2], "texture": "#1"},
				"east": {"uv": [8.75, 1.75, 10, 2], "texture": "#1"},
				"south": {"uv": [8.75, 1.75, 10, 2], "texture": "#1"},
				"west": {"uv": [8.75, 1.75, 10, 2], "texture": "#1"},
				"up": {"uv": [8.75, 1.75, 10, 2], "texture": "#1"},
				"down": {"uv": [8.75, 1.75, 10, 2], "texture": "#1"}
			}
		},
		{
			"from": [8, -14, -1],
			"to": [9, -12, 5],
			"rotation": {"angle": 45, "axis": "y", "origin": [13, -5.57143, -2.57143]},
			"faces": {
				"north": {"uv": [13.5, 7.5, 13.75, 8.25], "texture": "#1"},
				"east": {"uv": [13.5, 7.5, 16, 8.25], "texture": "#1"},
				"south": {"uv": [15.75, 7.5, 16, 8.25], "texture": "#1"},
				"west": {"uv": [13.5, 7.5, 16, 8.25], "texture": "#1"},
				"up": {"uv": [13.5, 7.5, 16, 7.75], "rotation": 90, "texture": "#1"},
				"down": {"uv": [13.5, 7.5, 16, 7.75], "rotation": 270, "texture": "#1"}
			}
		},
		{
			"from": [13, -14, -1],
			"to": [14, -12, 5],
			"rotation": {"angle": 45, "axis": "y", "origin": [13, -5.57143, -2.57143]},
			"faces": {
				"north": {"uv": [13.5, 7.5, 13.75, 8.25], "texture": "#1"},
				"east": {"uv": [13.5, 7.5, 16, 8.25], "texture": "#1"},
				"south": {"uv": [15.75, 7.5, 16, 8.25], "texture": "#1"},
				"west": {"uv": [13.5, 7.5, 16, 8.25], "texture": "#1"},
				"up": {"uv": [13.5, 7.5, 16, 7.75], "rotation": 90, "texture": "#1"},
				"down": {"uv": [13.5, 7.5, 16, 7.75], "rotation": 270, "texture": "#1"}
			}
		},
		{
			"from": [12, -9, 14],
			"to": [14, -8, 16],
			"rotation": {"angle": -45, "axis": "y", "origin": [13, -5.57143, -2.57143]},
			"faces": {
				"north": {"uv": [13.5, 5, 15.5, 7], "texture": "#1"},
				"east": {"uv": [13.5, 5, 15.5, 7], "texture": "#1"},
				"south": {"uv": [13.5, 5, 15.5, 7], "texture": "#1"},
				"west": {"uv": [13.5, 5, 15.5, 7], "texture": "#1"},
				"up": {"uv": [13.5, 5, 15.5, 7], "texture": "#1"},
				"down": {"uv": [13.5, 5, 15.5, 7], "texture": "#1"}
			}
		},
		{
			"from": [12.5, -8, 14.5],
			"to": [13.5, -7, 15.5],
			"rotation": {"angle": -45, "axis": "y", "origin": [13, -5.57143, -2.57143]},
			"faces": {
				"north": {"uv": [13.5, 7, 14, 7.5], "texture": "#1"},
				"east": {"uv": [13.5, 7, 14, 7.5], "texture": "#1"},
				"south": {"uv": [13.5, 7, 14, 7.5], "texture": "#1"},
				"west": {"uv": [13.5, 7, 14, 7.5], "texture": "#1"},
				"up": {"uv": [14, 7, 14.5, 7.5], "texture": "#1"},
				"down": {"uv": [14, 7, 14.5, 7.5], "texture": "#1"}
			}
		},
		{
			"from": [11, -13, 13],
			"to": [15, -9, 17],
			"rotation": {"angle": -45, "axis": "y", "origin": [13, -5.57143, -2.57143]},
			"faces": {
				"north": {"uv": [13.5, 5, 15.5, 7], "texture": "#1"},
				"east": {"uv": [13.5, 5, 15.5, 7], "texture": "#1"},
				"south": {"uv": [13.5, 5, 15.5, 7], "texture": "#1"},
				"west": {"uv": [13.5, 5, 15.5, 7], "texture": "#1"},
				"up": {"uv": [13.5, 5, 15.5, 7], "texture": "#1"},
				"down": {"uv": [13.5, 5, 15.5, 7], "texture": "#1"}
			}
		},
		{
			"from": [11.5, -11, 12.5],
			"to": [12.5, -10, 13.5],
			"rotation": {"angle": -45, "axis": "y", "origin": [13, -5.57143, -2.57143]},
			"faces": {
				"north": {"uv": [8.75, 0.75, 10, 2], "texture": "#1"},
				"east": {"uv": [8.75, 1.75, 10, 2], "texture": "#1"},
				"south": {"uv": [8.75, 1.75, 10, 2], "texture": "#1"},
				"west": {"uv": [8.75, 1.75, 10, 2], "texture": "#1"},
				"up": {"uv": [8.75, 1.75, 10, 2], "texture": "#1"},
				"down": {"uv": [8.75, 1.75, 10, 2], "texture": "#1"}
			}
		},
		{
			"from": [13.5, -11, 12.5],
			"to": [14.5, -10, 13.5],
			"rotation": {"angle": -45, "axis": "y", "origin": [13, -5.57143, -2.57143]},
			"faces": {
				"north": {"uv": [8.75, 0.75, 10, 2], "texture": "#1"},
				"east": {"uv": [8.75, 1.75, 10, 2], "texture": "#1"},
				"south": {"uv": [8.75, 1.75, 10, 2], "texture": "#1"},
				"west": {"uv": [8.75, 1.75, 10, 2], "texture": "#1"},
				"up": {"uv": [8.75, 1.75, 10, 2], "texture": "#1"},
				"down": {"uv": [8.75, 1.75, 10, 2], "texture": "#1"}
			}
		},
		{
			"from": [10, -14, 12],
			"to": [11, -12, 18],
			"rotation": {"angle": -45, "axis": "y", "origin": [13, -5.57143, -2.57143]},
			"faces": {
				"north": {"uv": [13.5, 7.5, 13.75, 8.25], "texture": "#1"},
				"east": {"uv": [13.5, 7.5, 16, 8.25], "texture": "#1"},
				"south": {"uv": [15.75, 7.5, 16, 8.25], "texture": "#1"},
				"west": {"uv": [13.5, 7.5, 16, 8.25], "texture": "#1"},
				"up": {"uv": [13.5, 7.5, 16, 7.75], "rotation": 90, "texture": "#1"},
				"down": {"uv": [13.5, 7.5, 16, 7.75], "rotation": 270, "texture": "#1"}
			}
		},
		{
			"from": [15, -14, 12],
			"to": [16, -12, 18],
			"rotation": {"angle": -45, "axis": "y", "origin": [13, -5.57143, -2.57143]},
			"faces": {
				"north": {"uv": [13.5, 7.5, 13.75, 8.25], "texture": "#1"},
				"east": {"uv": [13.5, 7.5, 16, 8.25], "texture": "#1"},
				"south": {"uv": [15.75, 7.5, 16, 8.25], "texture": "#1"},
				"west": {"uv": [13.5, 7.5, 16, 8.25], "texture": "#1"},
				"up": {"uv": [13.5, 7.5, 16, 7.75], "rotation": 90, "texture": "#1"},
				"down": {"uv": [13.5, 7.5, 16, 7.75], "rotation": 270, "texture": "#1"}
			}
		},
		{
			"from": [0, -14, 2],
			"to": [7, -13, 3],
			"rotation": {"angle": 22.5, "axis": "y", "origin": [0, 0, 0]},
			"faces": {
				"north": {"uv": [0, 0, 1.75, 0.25], "texture": "#1"},
				"east": {"uv": [0, 0, 0.25, 0.25], "texture": "#1"},
				"south": {"uv": [0, 0, 1.75, 0.25], "texture": "#1"},
				"west": {"uv": [0, 0, 0.25, 0.25], "texture": "#1"},
				"up": {"uv": [0, 0, 1.75, 0.25], "texture": "#1"},
				"down": {"uv": [0, 0, 1.75, 0.25], "texture": "#1"}
			}
		},
		{
			"from": [6, -14, 3],
			"to": [8, -13, 4],
			"rotation": {"angle": 22.5, "axis": "y", "origin": [0, 0, 0]},
			"faces": {
				"north": {"uv": [0, 0, 0.5, 0.25], "texture": "#1"},
				"east": {"uv": [0, 0, 0.25, 0.25], "texture": "#1"},
				"south": {"uv": [0, 0, 0.5, 0.25], "texture": "#1"},
				"west": {"uv": [0, 0, 0.25, 0.25], "texture": "#1"},
				"up": {"uv": [0, 0, 0.5, 0.25], "texture": "#1"},
				"down": {"uv": [0, 0, 0.5, 0.25], "texture": "#1"}
			}
		},
		{
			"from": [6, -14, 1],
			"to": [8, -13, 2],
			"rotation": {"angle": 22.5, "axis": "y", "origin": [0, 0, 0]},
			"faces": {
				"north": {"uv": [0, 0, 0.5, 0.25], "texture": "#1"},
				"east": {"uv": [0, 0, 0.25, 0.25], "texture": "#1"},
				"south": {"uv": [0, 0, 0.5, 0.25], "texture": "#1"},
				"west": {"uv": [0, 0, 0.25, 0.25], "texture": "#1"},
				"up": {"uv": [0, 0, 0.5, 0.25], "texture": "#1"},
				"down": {"uv": [0, 0, 0.5, 0.25], "texture": "#1"}
			}
		}
	],
	"display": {
		"thirdperson_righthand": {
			"rotation": [60, 0, 0],
			"translation": [0, 1.5, 2],
			"scale": [0.2, 0.2, 0.2]
		},
		"thirdperson_lefthand": {
			"rotation": [60, 0, 0],
			"translation": [0, 1.5, 2],
			"scale": [0.2, 0.2, 0.2]
		},
		"firstperson_righthand": {
			"rotation": [0, 135, 0],
			"translation": [0, 6.5, 0],
			"scale": [0.2, 0.2, 0.2]
		},
		"firstperson_lefthand": {
			"rotation": [0, 135, 0],
			"translation": [0, 6.5, 0],
			"scale": [0.2, 0.2, 0.2]
		},
		"ground": {
			"translation": [0, 20, 0]
		},
		"gui": {
			"rotation": [30, 135, 0],
			"translation": [0, 11.5, 0]
		},
		"head": {
			"translation": [0, -7.5, 0],
			"scale": [1.5, 1.5, 1.5]
		},
		"fixed": {
			"translation": [0, 4, -1.5],
			"scale": [0.5, 0.5, 0.5]
		}
	},
	"groups": [
		{
			"name": "plate",
			"origin": [0, 0, 0],
			"color": 0,
			"children": [0, 1]
		},
		{
			"name": "Bomb",
			"origin": [0, 0, 0],
			"color": 0,
			"children": [2, 3, 4, 5, 6, 7, 8]
		},
		{
			"name": "Bomb",
			"origin": [0, 0, 0],
			"color": 0,
			"children": [9, 10, 11, 12, 13, 14, 15]
		},
		{
			"name": "Bomb",
			"origin": [0, 0, 0],
			"color": 0,
			"children": [16, 17, 18, 19, 20, 21, 22]
		},
		{
			"name": "Wrench",
			"origin": [0, 0, 0],
			"color": 0,
			"children": [23, 24, 25]
		}
	]
}