{
	"credit": "Made with Blockbench",
	"texture_size": [64, 64],
	"textures": {
		"1": "item/dwarf/dwarf1"
	},
	"elements": [
		{
			"name": "LL",
			"from": [4.4, -15, 5],
			"to": [7.4, -7, 8],
			"rotation": {"angle": 22.5, "axis": "x", "origin": [8, -6, 8]},
			"faces": {
				"north": {"uv": [5.25, 13, 6, 15], "texture": "#1"},
				"east": {"uv": [4.25, 13, 5, 15], "texture": "#1"},
				"south": {"uv": [7, 13, 7.75, 15], "texture": "#1"},
				"west": {"uv": [6, 13, 6.75, 15], "texture": "#1"},
				"up": {"uv": [5.25, 12.25, 6, 13], "texture": "#1"},
				"down": {"uv": [6, 12.25, 6.75, 13], "texture": "#1"}
			}
		},
		{
			"name": "LL",
			"from": [4.3, -15.1, 4.9],
			"to": [7.5, -12, 8.1],
			"rotation": {"angle": 22.5, "axis": "x", "origin": [8, -6, 8]},
			"faces": {
				"north": {"uv": [5.25, 14.25, 6, 15], "texture": "#1"},
				"east": {"uv": [4.25, 14.25, 5, 15], "texture": "#1"},
				"south": {"uv": [7, 14.25, 7.75, 15], "texture": "#1"},
				"west": {"uv": [6, 14.25, 6.75, 15], "texture": "#1"},
				"up": {"uv": [5.25, 12.25, 6, 13], "texture": "#1"},
				"down": {"uv": [6, 12.25, 6.75, 13], "texture": "#1"}
			}
		},
		{
			"name": "RL",
			"from": [8.6, -14, 6],
			"to": [11.6, -6, 9],
			"rotation": {"angle": -22.5, "axis": "x", "origin": [8, -6, 8]},
			"faces": {
				"north": {"uv": [1, 5, 1.75, 7], "texture": "#1"},
				"east": {"uv": [0.25, 5, 1, 7], "texture": "#1"},
				"south": {"uv": [3, 5, 3.75, 7], "texture": "#1"},
				"west": {"uv": [2.25, 5, 3, 7], "texture": "#1"},
				"up": {"uv": [1.25, 4.25, 2, 5], "texture": "#1"},
				"down": {"uv": [2, 4.25, 2.75, 5], "texture": "#1"}
			}
		},
		{
			"name": "RL",
			"from": [8.5, -14.1, 5.9],
			"to": [11.7, -11, 9.1],
			"rotation": {"angle": -22.5, "axis": "x", "origin": [8, -6, 8]},
			"faces": {
				"north": {"uv": [1, 6.25, 1.75, 7], "texture": "#1"},
				"east": {"uv": [0.25, 6.25, 1, 7], "texture": "#1"},
				"south": {"uv": [3, 6.25, 3.75, 7], "texture": "#1"},
				"west": {"uv": [2.25, 6.25, 3, 7], "texture": "#1"},
				"up": {"uv": [1.25, 4.25, 2, 5], "texture": "#1"},
				"down": {"uv": [2, 4.25, 2.75, 5], "texture": "#1"}
			}
		}
	],
	"display": {
		"thirdperson_righthand": {
			"rotation": [60, 0, 0],
			"translation": [0, 1.5, 2],
			"scale": [0.2, 0.2, 0.2]
		},
		"thirdperson_lefthand": {
			"rotation": [60, 0, 0],
			"translation": [0, 1.5, 2],
			"scale": [0.2, 0.2, 0.2]
		},
		"firstperson_righthand": {
			"rotation": [0, 135, 0],
			"translation": [0, 6.5, 0],
			"scale": [0.2, 0.2, 0.2]
		},
		"firstperson_lefthand": {
			"rotation": [0, 135, 0],
			"translation": [0, 6.5, 0],
			"scale": [0.2, 0.2, 0.2]
		},
		"ground": {
			"translation": [0, 20, 0]
		},
		"gui": {
			"rotation": [30, 135, 0],
			"translation": [0, 11.5, 0]
		},
		"head": {
			"translation": [0, 16.25, 0],
			"scale": [1.5, 1.5, 1.5]
		},
		"fixed": {
			"translation": [0, 4, -1.5],
			"scale": [0.5, 0.5, 0.5]
		}
	},
	"groups": [
		{
			"name": "Character",
			"origin": [8, 8, 8],
			"color": 0,
			"children": [
				{
					"name": "LL",
					"origin": [8, -6, 8],
					"color": 0,
					"children": [0, 1]
				},
				{
					"name": "RL",
					"origin": [8, -6, 8],
					"color": 0,
					"children": [2, 3]
				}
			]
		}
	]
}