{
	"credit": "Made with Blockbench",
	"texture_size": [64, 64],
	"textures": {
		"1": "item/dwarf/dwarf1"
	},
	"elements": [
		{
			"name": "H",
			"from": [4, 1, 3],
			"to": [12, 9, 11],
			"rotation": {"angle": 0, "axis": "y", "origin": [6, -9, 8]},
			"faces": {
				"north": {"uv": [2, 2, 4, 4], "texture": "#1"},
				"east": {"uv": [0, 2, 2, 4], "texture": "#1"},
				"south": {"uv": [6, 2, 8, 4], "texture": "#1"},
				"west": {"uv": [4, 2, 6, 4], "texture": "#1"},
				"up": {"uv": [2, 0, 4, 2], "texture": "#1"},
				"down": {"uv": [4, 0, 6, 2], "texture": "#1"}
			}
		},
		{
			"name": "H",
			"from": [3.5, 6, 2.5],
			"to": [12.5, 7, 11.5],
			"rotation": {"angle": 0, "axis": "y", "origin": [6, -9, 8]},
			"faces": {
				"north": {"uv": [8, 3.75, 10, 4], "texture": "#1"},
				"east": {"uv": [8, 3.75, 10, 4], "texture": "#1"},
				"south": {"uv": [8, 3.75, 10, 4], "texture": "#1"},
				"west": {"uv": [8, 3.75, 10, 4], "texture": "#1"},
				"up": {"uv": [8, 2, 10, 4], "texture": "#1"},
				"down": {"uv": [8, 2, 10, 4], "texture": "#1"}
			}
		},
		{
			"name": "H",
			"from": [4.7, 5.2, 2],
			"to": [7.3, 7.8, 4],
			"rotation": {"angle": 0, "axis": "y", "origin": [6, -9, 8]},
			"faces": {
				"north": {"uv": [8.75, 0.75, 10, 2], "texture": "#1"},
				"east": {"uv": [8, 1.25, 8.5, 2], "texture": "#1"},
				"south": {"uv": [8, 1.25, 8.75, 2], "texture": "#1"},
				"west": {"uv": [8, 1.25, 8.5, 2], "texture": "#1"},
				"up": {"uv": [8, 1.25, 8.75, 1.75], "texture": "#1"},
				"down": {"uv": [8, 1.5, 8.75, 2], "texture": "#1"}
			}
		},
		{
			"name": "H",
			"from": [8.7, 5.2, 2],
			"to": [11.3, 7.8, 4],
			"rotation": {"angle": 0, "axis": "y", "origin": [6, -9, 8]},
			"faces": {
				"north": {"uv": [8.75, 0.75, 10, 2], "texture": "#1"},
				"east": {"uv": [8, 1.25, 8.5, 2], "texture": "#1"},
				"south": {"uv": [8, 1.25, 8.75, 2], "texture": "#1"},
				"west": {"uv": [8, 1.25, 8.5, 2], "texture": "#1"},
				"up": {"uv": [8, 1.25, 8.75, 1.75], "texture": "#1"},
				"down": {"uv": [8, 1.5, 8.75, 2], "texture": "#1"}
			}
		},
		{
			"name": "H",
			"from": [2, 0, 9],
			"to": [6, 8, 13],
			"rotation": {"angle": -22.5, "axis": "x", "origin": [4, 4, 11]},
			"faces": {
				"north": {"uv": [2, 0, 4, 2], "texture": "#1"},
				"east": {"uv": [2, 0, 4, 2], "texture": "#1"},
				"south": {"uv": [2, 0, 4, 2], "texture": "#1"},
				"west": {"uv": [2, 0, 4, 2], "texture": "#1"},
				"up": {"uv": [2, 0, 4, 2], "texture": "#1"},
				"down": {"uv": [2, 0, 4, 2], "texture": "#1"}
			}
		},
		{
			"name": "H",
			"from": [10, 0, 9],
			"to": [14, 8, 13],
			"rotation": {"angle": -22.5, "axis": "x", "origin": [12, 4, 11]},
			"faces": {
				"north": {"uv": [2, 0, 4, 2], "texture": "#1"},
				"east": {"uv": [2, 0, 4, 2], "texture": "#1"},
				"south": {"uv": [2, 0, 4, 2], "texture": "#1"},
				"west": {"uv": [2, 0, 4, 2], "texture": "#1"},
				"up": {"uv": [2, 0, 4, 2], "texture": "#1"},
				"down": {"uv": [2, 0, 4, 2], "texture": "#1"}
			}
		}
	],
	"display": {
		"thirdperson_righthand": {
			"rotation": [60, 0, 0],
			"translation": [0, 1.5, 2],
			"scale": [0.2, 0.2, 0.2]
		},
		"thirdperson_lefthand": {
			"rotation": [60, 0, 0],
			"translation": [0, 1.5, 2],
			"scale": [0.2, 0.2, 0.2]
		},
		"firstperson_righthand": {
			"rotation": [0, 135, 0],
			"translation": [0, 6.5, 0],
			"scale": [0.2, 0.2, 0.2]
		},
		"firstperson_lefthand": {
			"rotation": [0, 135, 0],
			"translation": [0, 6.5, 0],
			"scale": [0.2, 0.2, 0.2]
		},
		"ground": {
			"translation": [0, 20, 0]
		},
		"gui": {
			"rotation": [30, 135, 0],
			"translation": [0, 11.5, 0]
		},
		"head": {
			"translation": [0, 5.5, 0],
			"scale": [1.5, 1.5, 1.5]
		},
		"fixed": {
			"translation": [0, 4, -1.5],
			"scale": [0.5, 0.5, 0.5]
		}
	},
	"groups": [
		{
			"name": "Character",
			"origin": [8, 8, 8],
			"children": [
				{
					"name": "H",
					"origin": [6, -9, 8],
					"children": [0,
						{
							"name": "HeadSet",
							"origin": [6, -9, 8],
							"children": [1, 2, 3]
						}, 4, 5]
				}
			]
		}
	]
}