{
	"credit": "Made with Blockbench",
	"texture_size": [64, 64],
	"textures": {
		"1": "item/dwarf/dwarf1"
	},
	"elements": [
		{
			"name": "LA",
			"from": [6.5, 4, 0],
			"to": [9.5, 7, 8],
			"rotation": {"angle": 0, "axis": "x", "origin": [5, 2, 8]},
			"faces": {
				"north": {"uv": [9.75, 12.25, 10.5, 13], "rotation": 180, "texture": "#1"},
				"east": {"uv": [8.25, 13, 9, 15], "rotation": 270, "texture": "#1"},
				"south": {"uv": [9, 12.25, 9.75, 13], "texture": "#1"},
				"west": {"uv": [9.75, 13, 10.5, 15], "rotation": 90, "texture": "#1"},
				"up": {"uv": [9, 13, 9.75, 15], "rotation": 180, "texture": "#1"},
				"down": {"uv": [10.5, 13, 11.25, 15], "texture": "#1"}
			}
		},
		{
			"name": "LA",
			"from": [6, 3.5, 2],
			"to": [10, 7.5, 3],
			"rotation": {"angle": 0, "axis": "x", "origin": [5, 2, 8]},
			"faces": {
				"north": {"uv": [9.75, 14.25, 10.5, 15], "rotation": 180, "texture": "#1"},
				"east": {"uv": [8.25, 14.25, 9, 14.5], "rotation": 270, "texture": "#1"},
				"south": {"uv": [9, 14.25, 9.75, 15], "texture": "#1"},
				"west": {"uv": [9.75, 14.25, 10.5, 14.5], "rotation": 90, "texture": "#1"},
				"up": {"uv": [9, 14.25, 9.75, 14.5], "rotation": 180, "texture": "#1"},
				"down": {"uv": [10.5, 14.25, 11.25, 14.5], "texture": "#1"}
			}
		},
		{
			"name": "LA",
			"from": [6, 3.5, 6],
			"to": [10, 7.5, 7],
			"rotation": {"angle": 0, "axis": "x", "origin": [5, 2, 8]},
			"faces": {
				"north": {"uv": [9.75, 14.25, 10.5, 15], "rotation": 180, "texture": "#1"},
				"east": {"uv": [8.25, 14.25, 9, 14.5], "rotation": 270, "texture": "#1"},
				"south": {"uv": [9, 14.25, 9.75, 15], "texture": "#1"},
				"west": {"uv": [9.75, 14.25, 10.5, 14.5], "rotation": 90, "texture": "#1"},
				"up": {"uv": [9, 14.25, 9.75, 14.5], "rotation": 180, "texture": "#1"},
				"down": {"uv": [10.5, 14.25, 11.25, 14.5], "texture": "#1"}
			}
		}
	],
	"display": {
		"thirdperson_righthand": {
			"rotation": [60, 0, 0],
			"translation": [0, 1.5, 2],
			"scale": [0.2, 0.2, 0.2]
		},
		"thirdperson_lefthand": {
			"rotation": [60, 0, 0],
			"translation": [0, 1.5, 2],
			"scale": [0.2, 0.2, 0.2]
		},
		"firstperson_righthand": {
			"rotation": [0, 135, 0],
			"translation": [0, 6.5, 0],
			"scale": [0.2, 0.2, 0.2]
		},
		"firstperson_lefthand": {
			"rotation": [0, 135, 0],
			"translation": [0, 6.5, 0],
			"scale": [0.2, 0.2, 0.2]
		},
		"ground": {
			"translation": [0, 20, 0]
		},
		"gui": {
			"rotation": [30, 135, 0],
			"translation": [0, 11.5, 0]
		},
		"head": {
			"translation": [0, -1, 1.5],
			"scale": [1.5, 1.5, 1.5]
		},
		"fixed": {
			"translation": [0, 4, -1.5],
			"scale": [0.5, 0.5, 0.5]
		}
	},
	"groups": [
		{
			"name": "Character",
			"origin": [8, 8, 8],
			"color": 0,
			"children": [
				{
					"name": "LA",
					"origin": [5, 2, 8],
					"color": 0,
					"children": [0, 1, 2]
				}
			]
		}
	]
}