{
	"credit": "Made with Blockbench",
	"texture_size": [64, 64],
	"textures": {
		"1": "item/dwarf/dwarf2",
		"3": "item/model_plate/model_plate_dwarf_2"
	},
	"elements": [
		{
			"from": [1, -15, 1],
			"to": [15, -14, 15],
			"rotation": {"angle": 0, "axis": "y", "origin": [0, -14, 0]},
			"faces": {
				"north": {"uv": [1, 1, 15, 2], "texture": "#3"},
				"east": {"uv": [1, 1, 15, 2], "texture": "#3"},
				"south": {"uv": [1, 1, 15, 2], "texture": "#3"},
				"west": {"uv": [1, 1, 15, 2], "texture": "#3"},
				"up": {"uv": [1, 1, 15, 15], "texture": "#3"},
				"down": {"uv": [0, 0, 3.5, 3.5], "texture": "#3"}
			}
		},
		{
			"from": [0, -16, 0],
			"to": [16, -15, 16],
			"rotation": {"angle": 0, "axis": "y", "origin": [0, -14, 0]},
			"faces": {
				"north": {"uv": [0, 0, 16, 0.75], "texture": "#3"},
				"east": {"uv": [0, 0, 16, 0.5], "texture": "#3"},
				"south": {"uv": [0, 0, 16, 0.75], "texture": "#3"},
				"west": {"uv": [0, 0, 16, 0.5], "texture": "#3"},
				"up": {"uv": [0, 0, 16, 16], "texture": "#3"},
				"down": {"uv": [0, 0, 16, 16], "texture": "#3"}
			}
		},
		{
			"name": "H",
			"from": [4, 1, 3],
			"to": [12, 9, 11],
			"rotation": {"angle": 0, "axis": "y", "origin": [6, -9, 8]},
			"faces": {
				"north": {"uv": [2, 2, 4, 4], "texture": "#1"},
				"east": {"uv": [0, 2, 2, 4], "texture": "#1"},
				"south": {"uv": [6, 2, 8, 4], "texture": "#1"},
				"west": {"uv": [4, 2, 6, 4], "texture": "#1"},
				"up": {"uv": [2, 0, 4, 2], "texture": "#1"},
				"down": {"uv": [4, 0, 6, 2], "texture": "#1"}
			}
		},
		{
			"name": "H",
			"from": [3.5, 6, 2.5],
			"to": [12.5, 7, 11.5],
			"rotation": {"angle": 0, "axis": "y", "origin": [6, -9, 8]},
			"faces": {
				"north": {"uv": [8, 3.75, 10, 4], "texture": "#1"},
				"east": {"uv": [8, 3.75, 10, 4], "texture": "#1"},
				"south": {"uv": [8, 3.75, 10, 4], "texture": "#1"},
				"west": {"uv": [8, 3.75, 10, 4], "texture": "#1"},
				"up": {"uv": [8, 2, 10, 4], "texture": "#1"},
				"down": {"uv": [8, 2, 10, 4], "texture": "#1"}
			}
		},
		{
			"name": "H",
			"from": [4.7, 5.2, 2],
			"to": [7.3, 7.8, 4],
			"rotation": {"angle": 0, "axis": "y", "origin": [6, -9, 8]},
			"faces": {
				"north": {"uv": [8.75, 0.75, 10, 2], "texture": "#1"},
				"east": {"uv": [8, 1.25, 8.5, 2], "texture": "#1"},
				"south": {"uv": [8, 1.25, 8.75, 2], "texture": "#1"},
				"west": {"uv": [8, 1.25, 8.5, 2], "texture": "#1"},
				"up": {"uv": [8, 1.25, 8.75, 1.75], "texture": "#1"},
				"down": {"uv": [8, 1.5, 8.75, 2], "texture": "#1"}
			}
		},
		{
			"name": "H",
			"from": [8.7, 5.2, 2],
			"to": [11.3, 7.8, 4],
			"rotation": {"angle": 0, "axis": "y", "origin": [6, -9, 8]},
			"faces": {
				"north": {"uv": [8.75, 0.75, 10, 2], "texture": "#1"},
				"east": {"uv": [8, 1.25, 8.5, 2], "texture": "#1"},
				"south": {"uv": [8, 1.25, 8.75, 2], "texture": "#1"},
				"west": {"uv": [8, 1.25, 8.5, 2], "texture": "#1"},
				"up": {"uv": [8, 1.25, 8.75, 1.75], "texture": "#1"},
				"down": {"uv": [8, 1.5, 8.75, 2], "texture": "#1"}
			}
		},
		{
			"name": "H",
			"from": [2, 0, 9],
			"to": [6, 8, 13],
			"rotation": {"angle": -22.5, "axis": "x", "origin": [4, 4, 11]},
			"faces": {
				"north": {"uv": [2, 0, 4, 2], "texture": "#1"},
				"east": {"uv": [2, 0, 4, 2], "texture": "#1"},
				"south": {"uv": [2, 0, 4, 2], "texture": "#1"},
				"west": {"uv": [2, 0, 4, 2], "texture": "#1"},
				"up": {"uv": [2, 0, 4, 2], "texture": "#1"},
				"down": {"uv": [2, 0, 4, 2], "texture": "#1"}
			}
		},
		{
			"name": "H",
			"from": [2, -1, 9],
			"to": [3, 0, 10],
			"rotation": {"angle": -22.5, "axis": "x", "origin": [4, 4, 11]},
			"faces": {
				"north": {"uv": [3.5, 1.5, 4, 2], "texture": "#1"},
				"east": {"uv": [3.5, 1.5, 4, 2], "texture": "#1"},
				"south": {"uv": [3.5, 1.5, 4, 2], "texture": "#1"},
				"west": {"uv": [3.5, 1.5, 4, 2], "texture": "#1"},
				"up": {"uv": [3.5, 1.5, 4, 2], "texture": "#1"},
				"down": {"uv": [3.75, 1.5, 4, 2], "texture": "#1"}
			}
		},
		{
			"name": "H",
			"from": [4, -1, 10],
			"to": [5, 0, 11],
			"rotation": {"angle": -22.5, "axis": "x", "origin": [4, 4, 11]},
			"faces": {
				"north": {"uv": [3.5, 1.5, 4, 2], "texture": "#1"},
				"east": {"uv": [3.5, 1.5, 4, 2], "texture": "#1"},
				"south": {"uv": [3.5, 1.5, 4, 2], "texture": "#1"},
				"west": {"uv": [3.5, 1.5, 4, 2], "texture": "#1"},
				"up": {"uv": [3.5, 1.5, 4, 2], "texture": "#1"},
				"down": {"uv": [3.75, 1.5, 4, 2], "texture": "#1"}
			}
		},
		{
			"name": "H",
			"from": [4, 1, 13],
			"to": [5, 2, 14],
			"rotation": {"angle": -22.5, "axis": "x", "origin": [4, 4, 11]},
			"faces": {
				"north": {"uv": [3.5, 1.5, 4, 2], "texture": "#1"},
				"east": {"uv": [3.5, 1.5, 4, 2], "texture": "#1"},
				"south": {"uv": [3.5, 1.5, 4, 2], "texture": "#1"},
				"west": {"uv": [3.5, 1.5, 4, 2], "texture": "#1"},
				"up": {"uv": [3.5, 1.5, 4, 2], "texture": "#1"},
				"down": {"uv": [3.75, 1.5, 4, 2], "texture": "#1"}
			}
		},
		{
			"name": "H",
			"from": [13, -1, 10],
			"to": [14, 0, 11],
			"rotation": {"angle": -22.5, "axis": "x", "origin": [4, 4, 11]},
			"faces": {
				"north": {"uv": [3.5, 1.5, 4, 2], "texture": "#1"},
				"east": {"uv": [3.5, 1.5, 4, 2], "texture": "#1"},
				"south": {"uv": [3.5, 1.5, 4, 2], "texture": "#1"},
				"west": {"uv": [3.5, 1.5, 4, 2], "texture": "#1"},
				"up": {"uv": [3.5, 1.5, 4, 2], "texture": "#1"},
				"down": {"uv": [2, 0, 4, 2], "texture": "#1"}
			}
		},
		{
			"name": "H",
			"from": [11, -1, 12],
			"to": [12, 0, 13],
			"rotation": {"angle": -22.5, "axis": "x", "origin": [4, 4, 11]},
			"faces": {
				"north": {"uv": [3.5, 1.5, 4, 2], "texture": "#1"},
				"east": {"uv": [3.5, 1.5, 4, 2], "texture": "#1"},
				"south": {"uv": [3.5, 1.5, 4, 2], "texture": "#1"},
				"west": {"uv": [3.5, 1.5, 4, 2], "texture": "#1"},
				"up": {"uv": [3.5, 1.5, 4, 2], "texture": "#1"},
				"down": {"uv": [2, 0, 4, 2], "texture": "#1"}
			}
		},
		{
			"name": "H",
			"from": [11, 2, 13],
			"to": [12, 3, 14],
			"rotation": {"angle": -22.5, "axis": "x", "origin": [4, 4, 11]},
			"faces": {
				"north": {"uv": [3.5, 1.5, 4, 2], "texture": "#1"},
				"east": {"uv": [3.5, 1.5, 4, 2], "texture": "#1"},
				"south": {"uv": [3.5, 1.5, 4, 2], "texture": "#1"},
				"west": {"uv": [3.5, 1.5, 4, 2], "texture": "#1"},
				"up": {"uv": [3.5, 1.5, 4, 2], "texture": "#1"},
				"down": {"uv": [2, 0, 4, 2], "texture": "#1"}
			}
		},
		{
			"name": "H",
			"from": [14, 2, 11],
			"to": [15, 3, 12],
			"rotation": {"angle": -22.5, "axis": "x", "origin": [4, 4, 11]},
			"faces": {
				"north": {"uv": [3.5, 1.5, 4, 2], "texture": "#1"},
				"east": {"uv": [3.5, 1.5, 4, 2], "texture": "#1"},
				"south": {"uv": [3.5, 1.5, 4, 2], "texture": "#1"},
				"west": {"uv": [3.5, 1.5, 4, 2], "texture": "#1"},
				"up": {"uv": [3.5, 1.5, 4, 2], "texture": "#1"},
				"down": {"uv": [2, 0, 4, 2], "texture": "#1"}
			}
		},
		{
			"name": "H",
			"from": [2, -1, 11],
			"to": [3, 0, 12],
			"rotation": {"angle": -22.5, "axis": "x", "origin": [4, 4, 11]},
			"faces": {
				"north": {"uv": [3.5, 1.5, 4, 2], "texture": "#1"},
				"east": {"uv": [3.5, 1.5, 4, 2], "texture": "#1"},
				"south": {"uv": [3.5, 1.5, 4, 2], "texture": "#1"},
				"west": {"uv": [3.5, 1.5, 4, 2], "texture": "#1"},
				"up": {"uv": [3.5, 1.5, 4, 2], "texture": "#1"},
				"down": {"uv": [2, 0, 4, 2], "texture": "#1"}
			}
		},
		{
			"name": "H",
			"from": [1, 2, 11],
			"to": [2, 3, 12],
			"rotation": {"angle": -22.5, "axis": "x", "origin": [4, 4, 11]},
			"faces": {
				"north": {"uv": [3.5, 1.5, 4, 2], "texture": "#1"},
				"east": {"uv": [3.5, 1.5, 4, 2], "texture": "#1"},
				"south": {"uv": [3.5, 1.5, 4, 2], "texture": "#1"},
				"west": {"uv": [3.5, 1.5, 4, 2], "texture": "#1"},
				"up": {"uv": [3.5, 1.5, 4, 2], "texture": "#1"},
				"down": {"uv": [2, 0, 4, 2], "texture": "#1"}
			}
		},
		{
			"name": "H",
			"from": [10, 0, 9],
			"to": [14, 8, 13],
			"rotation": {"angle": -22.5, "axis": "x", "origin": [12, 4, 11]},
			"faces": {
				"north": {"uv": [2, 0, 4, 2], "texture": "#1"},
				"east": {"uv": [2, 0, 4, 2], "texture": "#1"},
				"south": {"uv": [2, 0, 4, 2], "texture": "#1"},
				"west": {"uv": [2, 0, 4, 2], "texture": "#1"},
				"up": {"uv": [2, 0, 4, 2], "texture": "#1"},
				"down": {"uv": [2, 0, 4, 2], "texture": "#1"}
			}
		},
		{
			"name": "B",
			"from": [4.5, -7, 5],
			"to": [11.5, 1, 8],
			"rotation": {"angle": 0, "axis": "y", "origin": [6, -9, 8]},
			"faces": {
				"north": {"uv": [5, 5, 7, 7], "texture": "#1"},
				"east": {"uv": [4, 5, 5, 7], "texture": "#1"},
				"south": {"uv": [8, 5, 10, 7], "texture": "#1"},
				"west": {"uv": [7, 5, 8, 7], "texture": "#1"},
				"up": {"uv": [5, 4, 7, 5], "texture": "#1"},
				"down": {"uv": [7, 4, 9, 5], "texture": "#1"}
			}
		},
		{
			"name": "B",
			"from": [4.6, -2.5, 4.3],
			"to": [11.4, -0.5, 7.3],
			"rotation": {"angle": 22.5, "axis": "x", "origin": [8, -2, 6]},
			"faces": {
				"north": {"uv": [5, 5.25, 7, 5.75], "texture": "#1"},
				"east": {"uv": [4, 5.5, 5, 6], "texture": "#1"},
				"south": {"uv": [8, 5.5, 10, 6], "texture": "#1"},
				"west": {"uv": [7, 5.5, 8, 6], "texture": "#1"},
				"up": {"uv": [5, 4, 7, 5], "texture": "#1"},
				"down": {"uv": [5, 5.5, 7, 6], "texture": "#1"}
			}
		},
		{
			"name": "B",
			"from": [4.5, -7, 8],
			"to": [11.5, 1, 15],
			"rotation": {"angle": 0, "axis": "y", "origin": [6, -9, 8]},
			"faces": {
				"north": {"uv": [0, 8, 1.75, 10], "texture": "#1"},
				"east": {"uv": [5.25, 8, 7, 10], "texture": "#1"},
				"south": {"uv": [3.5, 8, 5.25, 10], "texture": "#1"},
				"west": {"uv": [1.75, 8, 3.5, 10], "texture": "#1"},
				"up": {"uv": [0, 10, 1.75, 11.75], "texture": "#1"},
				"down": {"uv": [1.75, 10, 3.5, 11.75], "texture": "#1"}
			}
		},
		{
			"from": [6.5, 2, 10.5],
			"to": [7.5, 3, 11.5],
			"faces": {
				"north": {"uv": [13.5, 7, 14, 7.5], "texture": "#1"},
				"east": {"uv": [13.5, 7, 14, 7.5], "texture": "#1"},
				"south": {"uv": [13.5, 7, 14, 7.5], "texture": "#1"},
				"west": {"uv": [13.5, 7, 14, 7.5], "texture": "#1"},
				"up": {"uv": [14, 7, 14.5, 7.5], "texture": "#1"},
				"down": {"uv": [14, 7, 14.5, 7.5], "texture": "#1"}
			}
		},
		{
			"from": [7, 1, 12],
			"to": [9, 2, 14],
			"faces": {
				"north": {"uv": [13.5, 5, 15.5, 7], "texture": "#1"},
				"east": {"uv": [13.5, 5, 15.5, 7], "texture": "#1"},
				"south": {"uv": [13.5, 5, 15.5, 7], "texture": "#1"},
				"west": {"uv": [13.5, 5, 15.5, 7], "texture": "#1"},
				"up": {"uv": [13.5, 5, 15.5, 7], "texture": "#1"},
				"down": {"uv": [13.5, 5, 15.5, 7], "texture": "#1"}
			}
		},
		{
			"from": [7.5, 2, 12.5],
			"to": [8.5, 3, 13.5],
			"faces": {
				"north": {"uv": [13.5, 7, 14, 7.5], "texture": "#1"},
				"east": {"uv": [13.5, 7, 14, 7.5], "texture": "#1"},
				"south": {"uv": [13.5, 7, 14, 7.5], "texture": "#1"},
				"west": {"uv": [13.5, 7, 14, 7.5], "texture": "#1"},
				"up": {"uv": [14, 7, 14.5, 7.5], "texture": "#1"},
				"down": {"uv": [14, 7, 14.5, 7.5], "texture": "#1"}
			}
		},
		{
			"from": [8, 1, 10],
			"to": [10, 2, 12],
			"faces": {
				"north": {"uv": [13.5, 5, 15.5, 7], "texture": "#1"},
				"east": {"uv": [13.5, 5, 15.5, 7], "texture": "#1"},
				"south": {"uv": [13.5, 5, 15.5, 7], "texture": "#1"},
				"west": {"uv": [13.5, 5, 15.5, 7], "texture": "#1"},
				"up": {"uv": [13.5, 5, 15.5, 7], "texture": "#1"},
				"down": {"uv": [13.5, 5, 15.5, 7], "texture": "#1"}
			}
		},
		{
			"from": [8.5, 2, 10.5],
			"to": [9.5, 3, 11.5],
			"faces": {
				"north": {"uv": [13.5, 7, 14, 7.5], "texture": "#1"},
				"east": {"uv": [13.5, 7, 14, 7.5], "texture": "#1"},
				"south": {"uv": [13.5, 7, 14, 7.5], "texture": "#1"},
				"west": {"uv": [13.5, 7, 14, 7.5], "texture": "#1"},
				"up": {"uv": [14, 7, 14.5, 7.5], "texture": "#1"},
				"down": {"uv": [14, 7, 14.5, 7.5], "texture": "#1"}
			}
		},
		{
			"from": [6, 1, 10],
			"to": [8, 2, 12],
			"faces": {
				"north": {"uv": [13.5, 5, 15.5, 7], "texture": "#1"},
				"east": {"uv": [13.5, 5, 15.5, 7], "texture": "#1"},
				"south": {"uv": [13.5, 5, 15.5, 7], "texture": "#1"},
				"west": {"uv": [13.5, 5, 15.5, 7], "texture": "#1"},
				"up": {"uv": [13.5, 5, 15.5, 7], "texture": "#1"},
				"down": {"uv": [13.5, 5, 15.5, 7], "texture": "#1"}
			}
		},
		{
			"name": "LA",
			"from": [1.5, -7, 5],
			"to": [4.5, 1, 8],
			"rotation": {"angle": -22.5, "axis": "x", "origin": [5, 2, 8]},
			"faces": {
				"north": {"uv": [9, 13, 9.75, 15], "texture": "#1"},
				"east": {"uv": [8.25, 13, 9, 15], "texture": "#1"},
				"south": {"uv": [10.5, 13, 11.25, 15], "texture": "#1"},
				"west": {"uv": [9.75, 13, 10.5, 15], "texture": "#1"},
				"up": {"uv": [9, 12.25, 9.75, 13], "texture": "#1"},
				"down": {"uv": [9.75, 12.25, 10.5, 13], "texture": "#1"}
			}
		},
		{
			"name": "LA",
			"from": [1, -5, 4.5],
			"to": [5, -4, 8.5],
			"rotation": {"angle": -22.5, "axis": "x", "origin": [5, 2, 8]},
			"faces": {
				"north": {"uv": [9, 14.25, 9.75, 14.5], "texture": "#1"},
				"east": {"uv": [8.25, 14.25, 9, 14.5], "texture": "#1"},
				"south": {"uv": [10.5, 14.25, 11.25, 14.5], "texture": "#1"},
				"west": {"uv": [9.75, 14.25, 10.5, 14.5], "texture": "#1"},
				"up": {"uv": [9, 14.25, 9.75, 15], "texture": "#1"},
				"down": {"uv": [9.75, 14.25, 10.5, 15], "texture": "#1"}
			}
		},
		{
			"name": "LA",
			"from": [1, -1, 4.5],
			"to": [5, 0, 8.5],
			"rotation": {"angle": -22.5, "axis": "x", "origin": [5, 2, 8]},
			"faces": {
				"north": {"uv": [9, 14.25, 9.75, 14.5], "texture": "#1"},
				"east": {"uv": [8.25, 14.25, 9, 14.5], "texture": "#1"},
				"south": {"uv": [10.5, 14.25, 11.25, 14.5], "texture": "#1"},
				"west": {"uv": [9.75, 14.25, 10.5, 14.5], "texture": "#1"},
				"up": {"uv": [9, 14.25, 9.75, 15], "texture": "#1"},
				"down": {"uv": [9.75, 14.25, 10.5, 15], "texture": "#1"}
			}
		},
		{
			"name": "LA",
			"from": [0.5, -2.5, 5],
			"to": [1.5, 0.5, 8],
			"rotation": {"angle": -22.5, "axis": "x", "origin": [5, 2, 8]},
			"faces": {
				"north": {"uv": [12.5, 14.25, 12.75, 15], "texture": "#1"},
				"east": {"uv": [11.75, 14.25, 12.5, 15], "texture": "#1"},
				"south": {"uv": [13.75, 14.25, 14, 15], "texture": "#1"},
				"west": {"uv": [12.75, 14.25, 13.5, 15], "texture": "#1"},
				"up": {"uv": [14.5, 14.25, 14.75, 15], "texture": "#1"},
				"down": {"uv": [14.25, 14.25, 14.5, 15], "texture": "#1"}
			}
		},
		{
			"name": "RA",
			"from": [11.5, -2, -1],
			"to": [14.5, 1, 7],
			"rotation": {"angle": 0, "axis": "y", "origin": [12, 2, 8]},
			"faces": {
				"north": {"uv": [11.75, 4.25, 12.5, 5], "rotation": 180, "texture": "#1"},
				"east": {"uv": [10.25, 5, 11, 7], "rotation": 270, "texture": "#1"},
				"south": {"uv": [11, 4.25, 11.75, 5], "texture": "#1"},
				"west": {"uv": [11.75, 5, 12.5, 7], "rotation": 90, "texture": "#1"},
				"up": {"uv": [11, 5, 11.75, 7], "rotation": 180, "texture": "#1"},
				"down": {"uv": [12.5, 5, 13.25, 7], "texture": "#1"}
			}
		},
		{
			"name": "RA",
			"from": [11, -2.5, 1],
			"to": [15, 1.5, 2],
			"rotation": {"angle": 0, "axis": "y", "origin": [12, 2, 8]},
			"faces": {
				"north": {"uv": [11.75, 6.25, 12.5, 7], "rotation": 180, "texture": "#1"},
				"east": {"uv": [10.25, 6.25, 11, 6.5], "rotation": 270, "texture": "#1"},
				"south": {"uv": [11, 6.25, 11.75, 7], "texture": "#1"},
				"west": {"uv": [11.75, 6.25, 12.5, 6.5], "rotation": 90, "texture": "#1"},
				"up": {"uv": [11, 6.25, 11.75, 6.5], "rotation": 180, "texture": "#1"},
				"down": {"uv": [12.5, 6.25, 13.25, 6.5], "texture": "#1"}
			}
		},
		{
			"name": "LL",
			"from": [4.4, -15, 5],
			"to": [7.4, -7, 8],
			"rotation": {"angle": 22.5, "axis": "x", "origin": [8, -6, 8]},
			"faces": {
				"north": {"uv": [5.25, 13, 6, 15], "texture": "#1"},
				"east": {"uv": [4.25, 13, 5, 15], "texture": "#1"},
				"south": {"uv": [7, 13, 7.75, 15], "texture": "#1"},
				"west": {"uv": [6, 13, 6.75, 15], "texture": "#1"},
				"up": {"uv": [5.25, 12.25, 6, 13], "texture": "#1"},
				"down": {"uv": [6, 12.25, 6.75, 13], "texture": "#1"}
			}
		},
		{
			"name": "LL",
			"from": [3.9, -12, 4.5],
			"to": [7.9, -11, 8.5],
			"rotation": {"angle": 22.5, "axis": "x", "origin": [8, -6, 8]},
			"faces": {
				"north": {"uv": [5.25, 14, 6, 14.25], "texture": "#1"},
				"east": {"uv": [4.25, 14, 5, 14.25], "texture": "#1"},
				"south": {"uv": [7, 14, 7.75, 14.25], "texture": "#1"},
				"west": {"uv": [6, 14, 6.75, 14.25], "texture": "#1"},
				"up": {"uv": [5.25, 14, 6, 14.25], "texture": "#1"},
				"down": {"uv": [6, 14, 6.75, 14.25], "texture": "#1"}
			}
		},
		{
			"name": "LL",
			"from": [4.3, -15.1, 4.9],
			"to": [7.5, -12, 8.1],
			"rotation": {"angle": 22.5, "axis": "x", "origin": [8, -6, 8]},
			"faces": {
				"north": {"uv": [5.25, 14.25, 6, 15], "texture": "#1"},
				"east": {"uv": [4.25, 14.25, 5, 15], "texture": "#1"},
				"south": {"uv": [7, 14.25, 7.75, 15], "texture": "#1"},
				"west": {"uv": [6, 14.25, 6.75, 15], "texture": "#1"},
				"up": {"uv": [5.25, 12.25, 6, 13], "texture": "#1"},
				"down": {"uv": [6, 12.25, 6.75, 13], "texture": "#1"}
			}
		},
		{
			"name": "RL",
			"from": [8.6, -14, 6],
			"to": [11.6, -6, 9],
			"rotation": {"angle": -22.5, "axis": "x", "origin": [8, -6, 8]},
			"faces": {
				"north": {"uv": [1, 5, 1.75, 7], "texture": "#1"},
				"east": {"uv": [0.25, 5, 1, 7], "texture": "#1"},
				"south": {"uv": [3, 5, 3.75, 7], "texture": "#1"},
				"west": {"uv": [2.25, 5, 3, 7], "texture": "#1"},
				"up": {"uv": [1.25, 4.25, 2, 5], "texture": "#1"},
				"down": {"uv": [2, 4.25, 2.75, 5], "texture": "#1"}
			}
		},
		{
			"name": "RL",
			"from": [8.5, -14.1, 5.9],
			"to": [11.7, -11, 9.1],
			"rotation": {"angle": -22.5, "axis": "x", "origin": [8, -6, 8]},
			"faces": {
				"north": {"uv": [1, 6.25, 1.75, 7], "texture": "#1"},
				"east": {"uv": [0.25, 6.25, 1, 7], "texture": "#1"},
				"south": {"uv": [3, 6.25, 3.75, 7], "texture": "#1"},
				"west": {"uv": [2.25, 6.25, 3, 7], "texture": "#1"},
				"up": {"uv": [1.25, 4.25, 2, 5], "texture": "#1"},
				"down": {"uv": [2, 4.25, 2.75, 5], "texture": "#1"}
			}
		},
		{
			"from": [12, 4, -3],
			"to": [14, 5, -1],
			"faces": {
				"north": {"uv": [13.5, 5, 15.5, 7], "texture": "#1"},
				"east": {"uv": [13.5, 5, 15.5, 7], "texture": "#1"},
				"south": {"uv": [13.5, 5, 15.5, 7], "texture": "#1"},
				"west": {"uv": [13.5, 5, 15.5, 7], "texture": "#1"},
				"up": {"uv": [13.5, 5, 15.5, 7], "texture": "#1"},
				"down": {"uv": [13.5, 5, 15.5, 7], "texture": "#1"}
			}
		},
		{
			"from": [12.5, 5, -2.5],
			"to": [13.5, 6, -1.5],
			"faces": {
				"north": {"uv": [13.5, 7, 14, 7.5], "texture": "#1"},
				"east": {"uv": [13.5, 7, 14, 7.5], "texture": "#1"},
				"south": {"uv": [13.5, 7, 14, 7.5], "texture": "#1"},
				"west": {"uv": [13.5, 7, 14, 7.5], "texture": "#1"},
				"up": {"uv": [14, 7, 14.5, 7.5], "texture": "#1"},
				"down": {"uv": [14, 7, 14.5, 7.5], "texture": "#1"}
			}
		},
		{
			"from": [11, 0, -4],
			"to": [15, 4, 0],
			"faces": {
				"north": {"uv": [13.5, 5, 15.5, 7], "texture": "#1"},
				"east": {"uv": [13.5, 5, 15.5, 7], "texture": "#1"},
				"south": {"uv": [13.5, 5, 15.5, 7], "texture": "#1"},
				"west": {"uv": [13.5, 5, 15.5, 7], "texture": "#1"},
				"up": {"uv": [13.5, 5, 15.5, 7], "texture": "#1"},
				"down": {"uv": [13.5, 5, 15.5, 7], "texture": "#1"}
			}
		},
		{
			"from": [11.5, 2, -4.5],
			"to": [12.5, 3, -3.5],
			"faces": {
				"north": {"uv": [8.75, 0.75, 10, 2], "texture": "#1"},
				"east": {"uv": [8.75, 1.75, 10, 2], "texture": "#1"},
				"south": {"uv": [8.75, 1.75, 10, 2], "texture": "#1"},
				"west": {"uv": [8.75, 1.75, 10, 2], "texture": "#1"},
				"up": {"uv": [8.75, 1.75, 10, 2], "texture": "#1"},
				"down": {"uv": [8.75, 1.75, 10, 2], "texture": "#1"}
			}
		},
		{
			"from": [13.5, 2, -4.5],
			"to": [14.5, 3, -3.5],
			"faces": {
				"north": {"uv": [8.75, 0.75, 10, 2], "texture": "#1"},
				"east": {"uv": [8.75, 1.75, 10, 2], "texture": "#1"},
				"south": {"uv": [8.75, 1.75, 10, 2], "texture": "#1"},
				"west": {"uv": [8.75, 1.75, 10, 2], "texture": "#1"},
				"up": {"uv": [8.75, 1.75, 10, 2], "texture": "#1"},
				"down": {"uv": [8.75, 1.75, 10, 2], "texture": "#1"}
			}
		}
	],
	"display": {
		"thirdperson_righthand": {
			"rotation": [60, 0, 0],
			"translation": [0, 1.5, 2],
			"scale": [0.2, 0.2, 0.2]
		},
		"thirdperson_lefthand": {
			"rotation": [60, 0, 0],
			"translation": [0, 1.5, 2],
			"scale": [0.2, 0.2, 0.2]
		},
		"firstperson_righthand": {
			"rotation": [0, 135, 0],
			"translation": [0, 6.5, 0],
			"scale": [0.2, 0.2, 0.2]
		},
		"firstperson_lefthand": {
			"rotation": [0, 135, 0],
			"translation": [0, 6.5, 0],
			"scale": [0.2, 0.2, 0.2]
		},
		"ground": {
			"translation": [0, 20, 0]
		},
		"gui": {
			"rotation": [30, 135, 0],
			"translation": [0, 11.5, 0]
		},
		"head": {
			"translation": [0, -7.5, 0],
			"scale": [1.5, 1.5, 1.5]
		},
		"fixed": {
			"translation": [0, 4, -1.5],
			"scale": [0.5, 0.5, 0.5]
		}
	},
	"groups": [
		{
			"name": "plate",
			"origin": [0, 0, 0],
			"children": [0, 1]
		},
		{
			"name": "Character",
			"origin": [8, 8, 8],
			"children": [
				{
					"name": "H",
					"origin": [6, -9, 8],
					"children": [2,
						{
							"name": "HeadSet",
							"origin": [6, -9, 8],
							"children": [3, 4, 5]
						}, 6, 7, 8, 9, 10, 11, 12, 13, 14, 15, 16]
				},
				{
					"name": "B",
					"origin": [6, -9, 8],
					"children": [17, 18,
						{
							"name": "Pack",
							"origin": [6, -9, 8],
							"children": [19, 20, 21, 22, 23, 24, 25]
						}
					]
				},
				{
					"name": "LA",
					"origin": [5, 2, 8],
					"children": [26, 27, 28, 29]
				},
				{
					"name": "RA",
					"origin": [12, 2, 8],
					"children": [30, 31]
				},
				{
					"name": "LL",
					"origin": [8, -6, 8],
					"children": [32, 33, 34]
				},
				{
					"name": "RL",
					"origin": [8, -6, 8],
					"children": [35, 36]
				}
			]
		},
		{
			"name": "Bomb",
			"origin": [0, 0, 0],
			"children": [37, 38, 39, 40, 41]
		}
	]
}