{
	"credit": "Made with Blockbench",
	"texture_size": [64, 64],
	"textures": {
		"1": "item/archer/archer2"
	},
	"elements": [
		{
			"name": "LArm",
			"from": [6, 9, -4],
			"to": [10, 12, 8],
			"rotation": {"angle": 0, "axis": "x", "origin": [1, 9, 7]},
			"faces": {
				"north": {"uv": [9.75, 12, 10.5, 13], "rotation": 90, "texture": "#1"},
				"east": {"uv": [9, 13, 9.75, 16], "rotation": 270, "texture": "#1"},
				"south": {"uv": [9, 12, 9.75, 13], "rotation": 90, "texture": "#1"},
				"west": {"uv": [10.75, 13, 11.5, 16], "rotation": 90, "texture": "#1"},
				"up": {"uv": [9.75, 13, 10.75, 16], "rotation": 180, "texture": "#1"},
				"down": {"uv": [8, 13, 9, 16], "texture": "#1"}
			}
		},
		{
			"name": "LArmPart",
			"from": [5.5, 8.5, 0],
			"to": [10.5, 12.5, 1],
			"rotation": {"angle": 0, "axis": "x", "origin": [1, 9, 7]},
			"faces": {
				"north": {"uv": [9.25, 14.75, 9.5, 15], "rotation": 90, "texture": "#1"},
				"east": {"uv": [9, 14.75, 9.75, 15], "rotation": 270, "texture": "#1"},
				"south": {"uv": [9.5, 14.75, 9.75, 15], "rotation": 90, "texture": "#1"},
				"west": {"uv": [10.75, 14.75, 11.5, 15], "rotation": 90, "texture": "#1"},
				"up": {"uv": [9.75, 14.75, 10.75, 15], "rotation": 180, "texture": "#1"},
				"down": {"uv": [8, 14.75, 9, 15], "texture": "#1"}
			}
		},
		{
			"from": [6, 10, -5],
			"to": [16, 11, -4],
			"rotation": {"angle": 0, "axis": "x", "origin": [0, -1, 0]},
			"faces": {
				"north": {"uv": [13.5, 9.25, 16, 9.5], "texture": "#1"},
				"east": {"uv": [15.75, 9.25, 16, 9.5], "texture": "#1"},
				"south": {"uv": [13.5, 9.25, 16, 9.5], "texture": "#1"},
				"west": {"uv": [15.75, 9.25, 16, 9.5], "texture": "#1"},
				"up": {"uv": [13.5, 9.25, 16, 9.5], "texture": "#1"},
				"down": {"uv": [13.5, 9.25, 16, 9.5], "texture": "#1"}
			}
		},
		{
			"from": [3, 10, -4],
			"to": [7, 11, -3],
			"rotation": {"angle": 0, "axis": "x", "origin": [0, -1, 0]},
			"faces": {
				"north": {"uv": [13.5, 9.5, 16, 9.75], "texture": "#1"},
				"east": {"uv": [15.75, 9.25, 16, 9.5], "texture": "#1"},
				"south": {"uv": [13.5, 9.5, 16, 9.75], "texture": "#1"},
				"west": {"uv": [15.75, 9.25, 16, 9.5], "texture": "#1"},
				"up": {"uv": [13.5, 9.5, 16, 9.75], "texture": "#1"},
				"down": {"uv": [13.5, 9.5, 16, 9.75], "texture": "#1"}
			}
		},
		{
			"from": [2, 10, -3],
			"to": [4, 11, -2],
			"rotation": {"angle": 0, "axis": "x", "origin": [0, -1, 0]},
			"faces": {
				"north": {"uv": [13.5, 9.5, 16, 9.75], "texture": "#1"},
				"east": {"uv": [15.75, 9.25, 16, 9.5], "texture": "#1"},
				"south": {"uv": [13.5, 9.5, 16, 9.75], "texture": "#1"},
				"west": {"uv": [15.75, 9.25, 16, 9.5], "texture": "#1"},
				"up": {"uv": [13.5, 9.5, 16, 9.75], "texture": "#1"},
				"down": {"uv": [13.5, 9.5, 16, 9.75], "texture": "#1"}
			}
		},
		{
			"from": [18, 10, -3],
			"to": [20, 11, -2],
			"rotation": {"angle": 0, "axis": "x", "origin": [0, -1, 0]},
			"faces": {
				"north": {"uv": [13.5, 9.5, 16, 9.75], "texture": "#1"},
				"east": {"uv": [15.75, 9.25, 16, 9.5], "texture": "#1"},
				"south": {"uv": [13.5, 9.5, 16, 9.75], "texture": "#1"},
				"west": {"uv": [15.75, 9.25, 16, 9.5], "texture": "#1"},
				"up": {"uv": [13.5, 9.5, 16, 9.75], "texture": "#1"},
				"down": {"uv": [13.5, 9.5, 16, 9.75], "texture": "#1"}
			}
		},
		{
			"from": [15, 10, -4],
			"to": [19, 11, -3],
			"rotation": {"angle": 0, "axis": "x", "origin": [0, -1, 0]},
			"faces": {
				"north": {"uv": [13.5, 9.5, 16, 9.75], "texture": "#1"},
				"east": {"uv": [15.75, 9.25, 16, 9.5], "texture": "#1"},
				"south": {"uv": [13.5, 9.5, 16, 9.75], "texture": "#1"},
				"west": {"uv": [15.75, 9.25, 16, 9.5], "texture": "#1"},
				"up": {"uv": [13.5, 9.5, 16, 9.75], "texture": "#1"},
				"down": {"uv": [13.5, 9.5, 16, 9.75], "texture": "#1"}
			}
		}
	],
	"display": {
		"thirdperson_righthand": {
			"rotation": [60, 0, 0],
			"translation": [0, 1.5, 2],
			"scale": [0.2, 0.2, 0.2]
		},
		"thirdperson_lefthand": {
			"rotation": [60, 0, 0],
			"translation": [0, 1.5, 2],
			"scale": [0.2, 0.2, 0.2]
		},
		"firstperson_righthand": {
			"rotation": [0, 135, 0],
			"translation": [0, 6.5, 0],
			"scale": [0.2, 0.2, 0.2]
		},
		"firstperson_lefthand": {
			"rotation": [0, 135, 0],
			"translation": [0, 6.5, 0],
			"scale": [0.2, 0.2, 0.2]
		},
		"ground": {
			"translation": [0, 20, 0]
		},
		"gui": {
			"rotation": [30, 135, 0],
			"translation": [0, 11.5, 0]
		},
		"head": {
			"translation": [0, -7.5, 0],
			"scale": [1.5, 1.5, 1.5]
		},
		"fixed": {
			"translation": [0, 4, -1.5],
			"scale": [0.5, 0.5, 0.5]
		}
	},
	"groups": [
		{
			"name": "Character",
			"origin": [0, 0, 0],
			"color": 0,
			"children": [
				{
					"name": "LA",
					"origin": [1, 10, 7],
					"color": 0,
					"children": [0, 1,
						{
							"name": "Bow",
							"origin": [0, 0, 0],
							"color": 0,
							"children": [2, 3, 4, 5, 6]
						}
					]
				}
			]
		}
	]
}