{
	"credit": "Made with Blockbench",
	"texture_size": [64, 64],
	"textures": {
		"1": "item/archer/archer2",
		"2": "item/model_plate/model_plate_archer_2",
		"particle": "item/model_plate/model_plate_archer_2"
	},
	"elements": [
		{
			"name": "Head",
			"from": [4, 10, 4],
			"to": [12, 18, 12],
			"rotation": {"angle": 0, "axis": "y", "origin": [0, -14, 0]},
			"faces": {
				"north": {"uv": [2, 2, 4, 4], "texture": "#1"},
				"east": {"uv": [0, 2, 2, 4], "texture": "#1"},
				"south": {"uv": [6, 2, 8, 4], "texture": "#1"},
				"west": {"uv": [4, 2, 6, 4], "texture": "#1"},
				"up": {"uv": [2, 0, 4, 2], "rotation": 180, "texture": "#1"},
				"down": {"uv": [4, 0, 6, 2], "texture": "#1"}
			}
		},
		{
			"name": "Head",
			"from": [3.5, 9.5, 3.5],
			"to": [12.5, 18.5, 4.5],
			"rotation": {"angle": 0, "axis": "y", "origin": [0, -14, 0]},
			"faces": {
				"north": {"uv": [10, 2, 12, 4], "texture": "#1"},
				"east": {"uv": [9.75, 2, 10, 4], "texture": "#1"},
				"south": {"uv": [14, 2, 16, 4], "texture": "#1"},
				"west": {"uv": [12, 2, 12.25, 4], "texture": "#1"},
				"up": {"uv": [10, 1.75, 12, 2], "rotation": 180, "texture": "#1"},
				"down": {"uv": [12, 1.75, 14, 2], "texture": "#1"}
			}
		},
		{
			"name": "HeadHand",
			"from": [6, 12, 12],
			"to": [10, 16, 13],
			"rotation": {"angle": 0, "axis": "y", "origin": [0, -14, 0]},
			"faces": {
				"north": {"uv": [15, 0, 16, 1], "texture": "#1"},
				"east": {"uv": [15.75, 0, 16, 1], "texture": "#1"},
				"south": {"uv": [15, 0, 16, 1], "texture": "#1"},
				"west": {"uv": [15.75, 0, 16, 1], "texture": "#1"},
				"up": {"uv": [15, 0.75, 16, 1], "rotation": 180, "texture": "#1"},
				"down": {"uv": [15, 0.75, 16, 1], "texture": "#1"}
			}
		},
		{
			"name": "HeadHand",
			"from": [6, 5, 12],
			"to": [10, 13, 12],
			"rotation": {"angle": -22.5, "axis": "x", "origin": [10, 13, 13]},
			"faces": {
				"north": {"uv": [14, 0, 15, 2], "texture": "#1"},
				"east": {"uv": [15.75, 0, 16, 1], "texture": "#1"},
				"south": {"uv": [14, 0, 15, 2], "texture": "#1"},
				"west": {"uv": [15.75, 0, 16, 1], "texture": "#1"},
				"up": {"uv": [15, 0.75, 16, 1], "rotation": 180, "texture": "#1"},
				"down": {"uv": [15, 0.75, 16, 1], "texture": "#1"}
			}
		},
		{
			"name": "HeadHand",
			"from": [8, 11, 13.1],
			"to": [16, 15, 13.1],
			"rotation": {"angle": -45, "axis": "z", "origin": [10, 13, 13]},
			"faces": {
				"north": {"uv": [14, 0, 15, 2], "rotation": 90, "texture": "#1"},
				"east": {"uv": [15, 0.75, 16, 1], "rotation": 270, "texture": "#1"},
				"south": {"uv": [14, 0, 15, 2], "rotation": 270, "texture": "#1"},
				"west": {"uv": [15, 0.75, 16, 1], "rotation": 90, "texture": "#1"},
				"up": {"uv": [15.75, 0, 16, 1], "rotation": 270, "texture": "#1"},
				"down": {"uv": [15.75, 0, 16, 1], "rotation": 270, "texture": "#1"}
			}
		},
		{
			"name": "Hair",
			"from": [5, 11, 10],
			"to": [9, 15, 14],
			"rotation": {"angle": 0, "axis": "y", "origin": [0, -14, 0]},
			"faces": {
				"north": {"uv": [2, 0, 4, 2], "texture": "#1"},
				"east": {"uv": [2, 0, 4, 2], "texture": "#1"},
				"south": {"uv": [2, 0, 4, 2], "texture": "#1"},
				"west": {"uv": [2, 0, 4, 2], "texture": "#1"},
				"up": {"uv": [2, 0, 4, 2], "rotation": 180, "texture": "#1"},
				"down": {"uv": [2, 0, 4, 2], "texture": "#1"}
			}
		},
		{
			"name": "Hair",
			"from": [3, 11, 12],
			"to": [6, 14, 15],
			"rotation": {"angle": -22.5, "axis": "y", "origin": [7, 12, 14]},
			"faces": {
				"north": {"uv": [2, 0, 4, 2], "texture": "#1"},
				"east": {"uv": [2, 0, 4, 2], "texture": "#1"},
				"south": {"uv": [2, 0, 4, 2], "texture": "#1"},
				"west": {"uv": [2, 0, 4, 2], "texture": "#1"},
				"up": {"uv": [2, 0, 4, 2], "rotation": 180, "texture": "#1"},
				"down": {"uv": [2, 0, 4, 2], "texture": "#1"}
			}
		},
		{
			"name": "Hair",
			"from": [1, 10, 13],
			"to": [3, 12, 15],
			"rotation": {"angle": -45, "axis": "y", "origin": [7, 12, 14]},
			"faces": {
				"north": {"uv": [2, 0, 4, 2], "texture": "#1"},
				"east": {"uv": [2, 0, 4, 2], "texture": "#1"},
				"south": {"uv": [2, 0, 4, 2], "texture": "#1"},
				"west": {"uv": [2, 0, 4, 2], "texture": "#1"},
				"up": {"uv": [2, 0, 4, 2], "rotation": 180, "texture": "#1"},
				"down": {"uv": [2, 0, 4, 2], "texture": "#1"}
			}
		},
		{
			"name": "Hair",
			"from": [2, 9, 8],
			"to": [4, 11, 10],
			"rotation": {"angle": 0, "axis": "y", "origin": [7, 12, 14]},
			"faces": {
				"north": {"uv": [2, 0, 4, 2], "texture": "#1"},
				"east": {"uv": [2, 0, 4, 2], "texture": "#1"},
				"south": {"uv": [2, 0, 4, 2], "texture": "#1"},
				"west": {"uv": [2, 0, 4, 2], "texture": "#1"},
				"up": {"uv": [2, 0, 4, 2], "rotation": 270, "texture": "#1"},
				"down": {"uv": [2, 0, 4, 2], "rotation": 270, "texture": "#1"}
			}
		},
		{
			"name": "Hair",
			"from": [2.5, 8.5, 6],
			"to": [4.5, 10.5, 8],
			"rotation": {"angle": -22.5, "axis": "y", "origin": [3, 9, 8]},
			"faces": {
				"north": {"uv": [2, 0, 4, 2], "texture": "#1"},
				"east": {"uv": [2, 0, 4, 2], "texture": "#1"},
				"south": {"uv": [2, 0, 4, 2], "texture": "#1"},
				"west": {"uv": [2, 0, 4, 2], "texture": "#1"},
				"up": {"uv": [2, 0, 4, 2], "rotation": 270, "texture": "#1"},
				"down": {"uv": [2, 0, 4, 2], "rotation": 270, "texture": "#1"}
			}
		},
		{
			"name": "Hair",
			"from": [4, 8, 5.5],
			"to": [5, 9, 6.5],
			"rotation": {"angle": 22.5, "axis": "y", "origin": [4, 8, 6]},
			"faces": {
				"north": {"uv": [2, 0, 4, 2], "texture": "#1"},
				"east": {"uv": [2, 0, 4, 2], "texture": "#1"},
				"south": {"uv": [2, 0, 4, 2], "texture": "#1"},
				"west": {"uv": [2, 0, 4, 2], "texture": "#1"},
				"up": {"uv": [2, 0, 4, 2], "rotation": 270, "texture": "#1"},
				"down": {"uv": [2, 0, 4, 2], "rotation": 270, "texture": "#1"}
			}
		},
		{
			"name": "LLeg",
			"from": [4, -14, 7],
			"to": [8, -2, 11],
			"rotation": {"angle": 22.5, "axis": "y", "origin": [6, -2, 8]},
			"faces": {
				"north": {"uv": [1, 5, 2, 8], "texture": "#1"},
				"east": {"uv": [0, 5, 1, 8], "texture": "#1"},
				"south": {"uv": [3, 5, 4, 8], "texture": "#1"},
				"west": {"uv": [2, 5, 3, 8], "texture": "#1"},
				"up": {"uv": [1, 4, 2, 5], "texture": "#1"},
				"down": {"uv": [2, 4, 3, 5], "texture": "#1"}
			}
		},
		{
			"name": "LLeg",
			"from": [3.5, -9, 6.5],
			"to": [8.5, -8, 11.5],
			"rotation": {"angle": 22.5, "axis": "y", "origin": [6, -2, 8]},
			"faces": {
				"north": {"uv": [1, 6.5, 2, 6.75], "texture": "#1"},
				"east": {"uv": [0, 6.5, 1, 6.75], "texture": "#1"},
				"south": {"uv": [3, 6.5, 4, 6.75], "texture": "#1"},
				"west": {"uv": [2, 6.5, 3, 6.75], "texture": "#1"},
				"up": {"uv": [1, 6.5, 2, 6.75], "texture": "#1"},
				"down": {"uv": [2, 6.5, 3, 6.75], "texture": "#1"}
			}
		},
		{
			"name": "RLeg",
			"from": [8, -14, 5],
			"to": [12, -2, 9],
			"rotation": {"angle": -22.5, "axis": "y", "origin": [10, -2, 8]},
			"faces": {
				"north": {"uv": [5, 13, 6, 16], "texture": "#1"},
				"east": {"uv": [4, 13, 5, 16], "texture": "#1"},
				"south": {"uv": [7, 13, 8, 16], "texture": "#1"},
				"west": {"uv": [6, 13, 7, 16], "texture": "#1"},
				"up": {"uv": [5, 12, 6, 13], "texture": "#1"},
				"down": {"uv": [6, 12, 7, 13], "texture": "#1"}
			}
		},
		{
			"name": "RLeg",
			"from": [7.5, -9, 4.5],
			"to": [12.5, -8, 9.5],
			"rotation": {"angle": -22.5, "axis": "y", "origin": [10, -2, 8]},
			"faces": {
				"north": {"uv": [5, 14.5, 6, 14.75], "texture": "#1"},
				"east": {"uv": [4, 14.5, 5, 14.75], "texture": "#1"},
				"south": {"uv": [7, 14.5, 8, 14.75], "texture": "#1"},
				"west": {"uv": [6, 14.5, 7, 14.75], "texture": "#1"},
				"up": {"uv": [5, 14.5, 6, 14.75], "texture": "#1"},
				"down": {"uv": [6, 14.5, 7, 14.75], "texture": "#1"}
			}
		},
		{
			"name": "RArmPart",
			"from": [10.5, 3, 4.5],
			"to": [14.5, 4, 9.5],
			"rotation": {"angle": 22.5, "axis": "z", "origin": [14, 10, 8]},
			"faces": {
				"north": {"uv": [11, 6.75, 11.75, 7], "texture": "#1"},
				"east": {"uv": [10, 6.75, 11, 7], "texture": "#1"},
				"south": {"uv": [12.75, 6.75, 13.5, 7], "texture": "#1"},
				"west": {"uv": [11.75, 6.75, 12.75, 7], "texture": "#1"},
				"up": {"uv": [11, 6.75, 11.75, 7], "texture": "#1"},
				"down": {"uv": [11.75, 6.75, 12.5, 7], "texture": "#1"}
			}
		},
		{
			"name": "RArm",
			"from": [11, -1, 5],
			"to": [14, 11, 9],
			"rotation": {"angle": 22.5, "axis": "z", "origin": [14, 10, 8]},
			"faces": {
				"north": {"uv": [11, 5, 11.75, 8], "texture": "#1"},
				"east": {"uv": [10, 5, 11, 8], "texture": "#1"},
				"south": {"uv": [12.75, 5, 13.5, 8], "texture": "#1"},
				"west": {"uv": [11.75, 5, 12.75, 8], "texture": "#1"},
				"up": {"uv": [11, 4, 11.75, 5], "texture": "#1"},
				"down": {"uv": [11.75, 4, 12.5, 5], "texture": "#1"}
			}
		},
		{
			"name": "Arrow",
			"from": [17, -13, 6],
			"to": [17, -3, 8],
			"rotation": {"angle": 22.5, "axis": "z", "origin": [8, -2, 8]},
			"faces": {
				"north": {"uv": [13.5, 7, 16, 8], "rotation": 270, "texture": "#1"},
				"east": {"uv": [10, 8, 16, 9.25], "rotation": 90, "texture": "#1"},
				"south": {"uv": [13.5, 7, 16, 8], "rotation": 270, "texture": "#1"},
				"west": {"uv": [16, 8, 10, 9.25], "rotation": 270, "texture": "#1"},
				"up": {"uv": [15, 6, 16, 7], "texture": "#1"},
				"down": {"uv": [13.5, 6, 14.5, 7], "rotation": 180, "texture": "#1"}
			}
		},
		{
			"name": "Arrow",
			"from": [16, -13, 7],
			"to": [18, -3, 7],
			"rotation": {"angle": 22.5, "axis": "z", "origin": [8, -2, 8]},
			"faces": {
				"north": {"uv": [16, 8, 10, 9.25], "rotation": 270, "texture": "#1"},
				"east": {"uv": [10, 8, 16, 9.25], "rotation": 90, "texture": "#1"},
				"south": {"uv": [16, 8, 10, 9.25], "rotation": 270, "texture": "#1"},
				"west": {"uv": [16, 8, 10, 9.25], "rotation": 270, "texture": "#1"},
				"up": {"uv": [15, 6, 16, 7], "texture": "#1"},
				"down": {"uv": [13.5, 6, 14.5, 7], "rotation": 180, "texture": "#1"}
			}
		},
		{
			"name": "LArm",
			"from": [1, -2, 7],
			"to": [5, 10, 10],
			"rotation": {"angle": 22.5, "axis": "x", "origin": [1, 10, 7]},
			"faces": {
				"north": {"uv": [9.75, 13, 10.75, 16], "texture": "#1"},
				"east": {"uv": [9, 13, 9.75, 16], "texture": "#1"},
				"south": {"uv": [8, 13, 9, 16], "texture": "#1"},
				"west": {"uv": [10.75, 13, 11.5, 16], "texture": "#1"},
				"up": {"uv": [9, 12, 9.75, 13], "rotation": 90, "texture": "#1"},
				"down": {"uv": [9.75, 12, 10.5, 13], "rotation": 270, "texture": "#1"}
			}
		},
		{
			"name": "LArmPart",
			"from": [0.5, 2, 6.5],
			"to": [5.5, 3, 10.5],
			"rotation": {"angle": 22.5, "axis": "x", "origin": [1, 10, 7]},
			"faces": {
				"north": {"uv": [9.75, 14.75, 10.75, 15], "texture": "#1"},
				"east": {"uv": [9, 14.75, 9.75, 15], "texture": "#1"},
				"south": {"uv": [8, 14.75, 9, 15], "texture": "#1"},
				"west": {"uv": [10.75, 14.75, 11.5, 15], "texture": "#1"},
				"up": {"uv": [9.5, 14.75, 9.75, 15], "rotation": 90, "texture": "#1"},
				"down": {"uv": [9.25, 14.75, 9.5, 15], "rotation": 270, "texture": "#1"}
			}
		},
		{
			"name": "Body",
			"from": [4, -2, 6],
			"to": [12, 10, 10],
			"rotation": {"angle": 22.5, "axis": "y", "origin": [8, -2, 8]},
			"faces": {
				"north": {"uv": [5, 5, 7, 8], "texture": "#1"},
				"east": {"uv": [4, 5, 5, 8], "texture": "#1"},
				"south": {"uv": [8, 5, 10, 8], "texture": "#1"},
				"west": {"uv": [7, 5, 8, 8], "texture": "#1"},
				"up": {"uv": [5, 4, 7, 5], "texture": "#1"},
				"down": {"uv": [7, 4, 9, 5], "texture": "#1"}
			}
		},
		{
			"name": "ArrowBag",
			"from": [3, -2, 10],
			"to": [13, 2, 14],
			"rotation": {"angle": 22.5, "axis": "y", "origin": [8, -2, 8]},
			"faces": {
				"north": {"uv": [16, 7, 13.5, 8], "texture": "#1"},
				"east": {"uv": [15, 6, 16, 7], "texture": "#1"},
				"south": {"uv": [13.5, 7, 16, 8], "texture": "#1"},
				"west": {"uv": [13.5, 6, 14.5, 7], "texture": "#1"},
				"up": {"uv": [13.5, 7, 16, 8], "texture": "#1"},
				"down": {"uv": [13.5, 7, 16, 8], "texture": "#1"}
			}
		},
		{
			"name": "ArrowBag",
			"from": [4, -1.5, 14],
			"to": [13, 1.5, 14.5],
			"rotation": {"angle": 22.5, "axis": "y", "origin": [8, -2, 8]},
			"faces": {
				"north": {"uv": [16, 7, 13.5, 8], "texture": "#1"},
				"east": {"uv": [13.5, 6, 13.75, 7], "texture": "#1"},
				"south": {"uv": [13.5, 7, 16, 8], "texture": "#1"},
				"west": {"uv": [13.5, 6, 13.75, 7], "texture": "#1"},
				"up": {"uv": [13.5, 7, 16, 8], "texture": "#1"},
				"down": {"uv": [13.5, 7, 16, 8], "texture": "#1"}
			}
		},
		{
			"name": "ArrowBag",
			"from": [4, 2, 10.5],
			"to": [13, 2.5, 13.5],
			"rotation": {"angle": 22.5, "axis": "y", "origin": [8, -2, 8]},
			"faces": {
				"north": {"uv": [16, 7, 13.5, 8], "texture": "#1"},
				"east": {"uv": [13.5, 6.75, 14.5, 7], "texture": "#1"},
				"south": {"uv": [13.5, 7, 16, 8], "texture": "#1"},
				"west": {"uv": [13.5, 6.75, 14.5, 7], "texture": "#1"},
				"up": {"uv": [13.5, 7, 16, 8], "texture": "#1"},
				"down": {"uv": [13.5, 7, 16, 8], "texture": "#1"}
			}
		},
		{
			"name": "ArrowBag",
			"from": [4, -2.5, 10.5],
			"to": [13, -2, 13.5],
			"rotation": {"angle": 22.5, "axis": "y", "origin": [8, -2, 8]},
			"faces": {
				"north": {"uv": [16, 7, 13.5, 8], "texture": "#1"},
				"east": {"uv": [13.5, 6.75, 14.5, 7], "texture": "#1"},
				"south": {"uv": [13.5, 7, 16, 8], "texture": "#1"},
				"west": {"uv": [13.5, 6.75, 14.5, 7], "texture": "#1"},
				"up": {"uv": [13.5, 7, 16, 8], "texture": "#1"},
				"down": {"uv": [13.5, 7, 16, 8], "texture": "#1"}
			}
		},
		{
			"name": "Arrow",
			"from": [6, -2, 11],
			"to": [16, 0, 11],
			"rotation": {"angle": 22.5, "axis": "y", "origin": [8, -2, 8]},
			"faces": {
				"north": {"uv": [10, 8, 16, 9.25], "texture": "#1"},
				"east": {"uv": [15, 6, 16, 7], "texture": "#1"},
				"south": {"uv": [16, 8, 10, 9.25], "texture": "#1"},
				"west": {"uv": [13.5, 6, 14.5, 7], "texture": "#1"},
				"up": {"uv": [13.5, 7, 16, 8], "texture": "#1"},
				"down": {"uv": [13.5, 7, 16, 8], "texture": "#1"}
			}
		},
		{
			"name": "Arrow",
			"from": [6, -1, 12],
			"to": [16, 1, 12],
			"rotation": {"angle": 22.5, "axis": "y", "origin": [8, -2, 8]},
			"faces": {
				"north": {"uv": [10, 8, 16, 9.25], "texture": "#1"},
				"east": {"uv": [15, 6, 16, 7], "texture": "#1"},
				"south": {"uv": [16, 8, 10, 9.25], "texture": "#1"},
				"west": {"uv": [13.5, 6, 14.5, 7], "texture": "#1"},
				"up": {"uv": [13.5, 7, 16, 8], "texture": "#1"},
				"down": {"uv": [13.5, 7, 16, 8], "texture": "#1"}
			}
		},
		{
			"name": "Arrow",
			"from": [6, 0, 13],
			"to": [16, 2, 13],
			"rotation": {"angle": 22.5, "axis": "y", "origin": [8, -2, 8]},
			"faces": {
				"north": {"uv": [10, 8, 16, 9.25], "texture": "#1"},
				"east": {"uv": [15, 6, 16, 7], "texture": "#1"},
				"south": {"uv": [16, 8, 10, 9.25], "texture": "#1"},
				"west": {"uv": [13.5, 6, 14.5, 7], "texture": "#1"},
				"up": {"uv": [13.5, 7, 16, 8], "texture": "#1"},
				"down": {"uv": [13.5, 7, 16, 8], "texture": "#1"}
			}
		},
		{
			"name": "Chest",
			"from": [4.1, 5, 5.5],
			"to": [11.9, 9, 9.5],
			"rotation": {"angle": 22.5, "axis": "y", "origin": [8, -2, 8]},
			"faces": {
				"north": {"uv": [5, 5.25, 7, 6.25], "texture": "#1"},
				"east": {"uv": [4, 5.25, 5, 6.25], "texture": "#1"},
				"south": {"uv": [8, 5.5, 10, 6.25], "texture": "#1"},
				"west": {"uv": [7, 5.25, 8, 6.25], "texture": "#1"},
				"up": {"uv": [5, 4, 7, 5], "texture": "#1"},
				"down": {"uv": [5, 5.75, 7, 6.75], "texture": "#1"}
			}
		},
		{
			"name": "Cape",
			"from": [3, 8, 12],
			"to": [13, 8, 16],
			"rotation": {"angle": -22.5, "axis": "x", "origin": [8, -2, 8]},
			"faces": {
				"north": {"uv": [5, 9, 7, 12], "texture": "#1"},
				"east": {"uv": [4, 9, 5, 12], "texture": "#1"},
				"south": {"uv": [8, 9, 10, 12], "texture": "#1"},
				"west": {"uv": [7, 9, 8, 12], "texture": "#1"},
				"up": {"uv": [5, 8, 7, 9], "texture": "#1"},
				"down": {"uv": [5, 9, 7, 8], "texture": "#1"}
			}
		},
		{
			"name": "Cape",
			"from": [3, -6, 12],
			"to": [3, 8, 16],
			"rotation": {"angle": -22.5, "axis": "x", "origin": [8, -2, 8]},
			"faces": {
				"north": {"uv": [5, 9, 7, 12], "texture": "#1"},
				"east": {"uv": [8, 9, 7, 12], "texture": "#1"},
				"south": {"uv": [8, 9, 10, 12], "texture": "#1"},
				"west": {"uv": [7, 9, 8, 12], "texture": "#1"},
				"up": {"uv": [5, 8, 7, 9], "texture": "#1"},
				"down": {"uv": [7, 8, 9, 9], "texture": "#1"}
			}
		},
		{
			"name": "Cape",
			"from": [13, -6, 12],
			"to": [13, 8, 16],
			"rotation": {"angle": -22.5, "axis": "x", "origin": [8, -2, 8]},
			"faces": {
				"north": {"uv": [5, 9, 7, 12], "texture": "#1"},
				"east": {"uv": [8, 9, 7, 12], "texture": "#1"},
				"south": {"uv": [8, 9, 10, 12], "texture": "#1"},
				"west": {"uv": [5, 9, 4, 12], "texture": "#1"},
				"up": {"uv": [5, 8, 7, 9], "texture": "#1"},
				"down": {"uv": [7, 8, 9, 9], "texture": "#1"}
			}
		},
		{
			"name": "Cape",
			"from": [3, -6, 16],
			"to": [13, 8, 16],
			"rotation": {"angle": -22.5, "axis": "x", "origin": [8, -2, 8]},
			"faces": {
				"north": {"uv": [10, 9, 8, 12], "texture": "#1"},
				"east": {"uv": [4, 9, 5, 12], "texture": "#1"},
				"south": {"uv": [8, 9, 10, 12], "texture": "#1"},
				"west": {"uv": [7, 9, 8, 12], "texture": "#1"},
				"up": {"uv": [5, 8, 7, 9], "texture": "#1"},
				"down": {"uv": [7, 8, 9, 9], "texture": "#1"}
			}
		},
		{
			"from": [1, -15, 1],
			"to": [15, -14, 15],
			"rotation": {"angle": 0, "axis": "y", "origin": [0, -14, 0]},
			"faces": {
				"north": {"uv": [1, 1, 15, 2], "texture": "#2"},
				"east": {"uv": [1, 1, 15, 2], "texture": "#2"},
				"south": {"uv": [1, 1, 15, 2], "texture": "#2"},
				"west": {"uv": [1, 1, 15, 2], "texture": "#2"},
				"up": {"uv": [1, 1, 15, 15], "texture": "#2"},
				"down": {"uv": [0, 0, 3.5, 3.5], "texture": "#2"}
			}
		},
		{
			"from": [0, -16, 0],
			"to": [16, -15, 16],
			"rotation": {"angle": 0, "axis": "y", "origin": [0, -14, 0]},
			"faces": {
				"north": {"uv": [0, 0, 16, 0.75], "texture": "#2"},
				"east": {"uv": [0, 0, 16, 0.5], "texture": "#2"},
				"south": {"uv": [0, 0, 16, 0.75], "texture": "#2"},
				"west": {"uv": [0, 0, 16, 0.5], "texture": "#2"},
				"up": {"uv": [0, 0, 16, 16], "texture": "#2"},
				"down": {"uv": [0, 0, 16, 16], "texture": "#2"}
			}
		},
		{
			"from": [-2, -2, 4],
			"to": [8, -1, 5],
			"rotation": {"angle": 22.5, "axis": "y", "origin": [0, 0, 0]},
			"faces": {
				"north": {"uv": [13.5, 9.25, 16, 9.5], "rotation": 180, "texture": "#1"},
				"east": {"uv": [15.75, 9.25, 16, 9.5], "rotation": 90, "texture": "#1"},
				"south": {"uv": [13.5, 9.25, 16, 9.5], "texture": "#1"},
				"west": {"uv": [15.75, 9.25, 16, 9.5], "rotation": 270, "texture": "#1"},
				"up": {"uv": [13.5, 9.25, 16, 9.5], "texture": "#1"},
				"down": {"uv": [13.5, 9.25, 16, 9.5], "rotation": 180, "texture": "#1"}
			}
		},
		{
			"from": [-5, -1, 4],
			"to": [-1, 0, 5],
			"rotation": {"angle": 22.5, "axis": "y", "origin": [0, 0, 0]},
			"faces": {
				"north": {"uv": [13.5, 9.5, 16, 9.75], "rotation": 180, "texture": "#1"},
				"east": {"uv": [15.75, 9.25, 16, 9.5], "rotation": 90, "texture": "#1"},
				"south": {"uv": [13.5, 9.5, 16, 9.75], "texture": "#1"},
				"west": {"uv": [15.75, 9.25, 16, 9.5], "rotation": 270, "texture": "#1"},
				"up": {"uv": [13.5, 9.5, 16, 9.75], "texture": "#1"},
				"down": {"uv": [13.5, 9.5, 16, 9.75], "rotation": 180, "texture": "#1"}
			}
		},
		{
			"from": [-6, 0, 4],
			"to": [-4, 1, 5],
			"rotation": {"angle": 22.5, "axis": "y", "origin": [0, 0, 0]},
			"faces": {
				"north": {"uv": [13.5, 9.5, 16, 9.75], "rotation": 180, "texture": "#1"},
				"east": {"uv": [15.75, 9.25, 16, 9.5], "rotation": 90, "texture": "#1"},
				"south": {"uv": [13.5, 9.5, 16, 9.75], "texture": "#1"},
				"west": {"uv": [15.75, 9.25, 16, 9.5], "rotation": 270, "texture": "#1"},
				"up": {"uv": [13.5, 9.5, 16, 9.75], "texture": "#1"},
				"down": {"uv": [13.5, 9.5, 16, 9.75], "rotation": 180, "texture": "#1"}
			}
		},
		{
			"from": [10, 0, 4],
			"to": [12, 1, 5],
			"rotation": {"angle": 22.5, "axis": "y", "origin": [0, 0, 0]},
			"faces": {
				"north": {"uv": [13.5, 9.5, 16, 9.75], "rotation": 180, "texture": "#1"},
				"east": {"uv": [15.75, 9.25, 16, 9.5], "rotation": 90, "texture": "#1"},
				"south": {"uv": [13.5, 9.5, 16, 9.75], "texture": "#1"},
				"west": {"uv": [15.75, 9.25, 16, 9.5], "rotation": 270, "texture": "#1"},
				"up": {"uv": [13.5, 9.5, 16, 9.75], "texture": "#1"},
				"down": {"uv": [13.5, 9.5, 16, 9.75], "rotation": 180, "texture": "#1"}
			}
		},
		{
			"from": [7, -1, 4],
			"to": [11, 0, 5],
			"rotation": {"angle": 22.5, "axis": "y", "origin": [0, 0, 0]},
			"faces": {
				"north": {"uv": [13.5, 9.5, 16, 9.75], "rotation": 180, "texture": "#1"},
				"east": {"uv": [15.75, 9.25, 16, 9.5], "rotation": 90, "texture": "#1"},
				"south": {"uv": [13.5, 9.5, 16, 9.75], "texture": "#1"},
				"west": {"uv": [15.75, 9.25, 16, 9.5], "rotation": 270, "texture": "#1"},
				"up": {"uv": [13.5, 9.5, 16, 9.75], "texture": "#1"},
				"down": {"uv": [13.5, 9.5, 16, 9.75], "rotation": 180, "texture": "#1"}
			}
		}
	],
	"display": {
		"thirdperson_righthand": {
			"rotation": [60, 0, 0],
			"translation": [0, 1.5, 2],
			"scale": [0.2, 0.2, 0.2]
		},
		"thirdperson_lefthand": {
			"rotation": [60, 0, 0],
			"translation": [0, 1.5, 2],
			"scale": [0.2, 0.2, 0.2]
		},
		"firstperson_righthand": {
			"rotation": [0, 135, 0],
			"translation": [0, 6.5, 0],
			"scale": [0.2, 0.2, 0.2]
		},
		"firstperson_lefthand": {
			"rotation": [0, 135, 0],
			"translation": [0, 6.5, 0],
			"scale": [0.2, 0.2, 0.2]
		},
		"ground": {
			"translation": [0, 20, 0]
		},
		"gui": {
			"rotation": [30, 135, 0],
			"translation": [0, 11.5, 0]
		},
		"head": {
			"translation": [0, -7.5, 0],
			"scale": [1.5, 1.5, 1.5]
		},
		"fixed": {
			"translation": [0, 4, -1.5],
			"scale": [0.5, 0.5, 0.5]
		}
	},
	"groups": [
		{
			"name": "Character",
			"origin": [0, 0, 0],
			"children": [
				{
					"name": "Head",
					"origin": [0, -14, 0],
					"children": [0, 1, 2, 3, 4, 5, 6, 7, 8, 9, 10]
				},
				{
					"name": "LL",
					"origin": [6, -2, 8],
					"children": [11, 12]
				},
				{
					"name": "RL",
					"origin": [10, -2, 8],
					"children": [13, 14]
				},
				{
					"name": "RA",
					"origin": [10, -2, 8],
					"children": [15, 16, 17, 18]
				},
				{
					"name": "LA",
					"origin": [1, 10, 7],
					"children": [19, 20]
				},
				{
					"name": "B",
					"origin": [1, 10, 7],
					"children": [21,
						{
							"name": "ArrowBag",
							"origin": [8, -2, 8],
							"children": [22, 23, 24, 25, 26, 27, 28]
						}, 29, 30, 31, 32, 33]
				}
			]
		},
		{
			"name": "plate",
			"origin": [0, 0, 0],
			"children": [34, 35]
		},
		{
			"name": "Bow",
			"origin": [0, 0, 0],
			"children": [36, 37, 38, 39, 40]
		}
	]
}