{
	"credit": "Made with Blockbench",
	"texture_size": [64, 64],
	"textures": {
		"1": "item/archer/archer1"
	},
	"elements": [
		{
			"name": "Head",
			"from": [4, 9, 4],
			"to": [12, 17, 12],
			"rotation": {"angle": 0, "axis": "y", "origin": [0, -15, 0]},
			"faces": {
				"north": {"uv": [2, 2, 4, 4], "texture": "#1"},
				"east": {"uv": [0, 2, 2, 4], "texture": "#1"},
				"south": {"uv": [6, 2, 8, 4], "texture": "#1"},
				"west": {"uv": [4, 2, 6, 4], "texture": "#1"},
				"up": {"uv": [2, 0, 4, 2], "rotation": 180, "texture": "#1"},
				"down": {"uv": [4, 0, 6, 2], "texture": "#1"}
			}
		},
		{
			"name": "Head",
			"from": [3.5, 8.5, 3.5],
			"to": [12.5, 17.5, 4.5],
			"rotation": {"angle": 0, "axis": "y", "origin": [0, -15, 0]},
			"faces": {
				"north": {"uv": [10, 2, 12, 4], "texture": "#1"},
				"east": {"uv": [9.75, 2, 10, 4], "texture": "#1"},
				"south": {"uv": [14, 2, 16, 4], "texture": "#1"},
				"west": {"uv": [12, 2, 12.25, 4], "texture": "#1"},
				"up": {"uv": [10, 1.75, 12, 2], "rotation": 180, "texture": "#1"},
				"down": {"uv": [12, 1.75, 14, 2], "texture": "#1"}
			}
		},
		{
			"name": "HeadHand",
			"from": [6, 11, 12],
			"to": [10, 15, 13],
			"rotation": {"angle": 0, "axis": "y", "origin": [0, -15, 0]},
			"faces": {
				"north": {"uv": [15, 0, 16, 1], "texture": "#1"},
				"east": {"uv": [15.75, 0, 16, 1], "texture": "#1"},
				"south": {"uv": [15, 0, 16, 1], "texture": "#1"},
				"west": {"uv": [15.75, 0, 16, 1], "texture": "#1"},
				"up": {"uv": [15, 0.75, 16, 1], "rotation": 180, "texture": "#1"},
				"down": {"uv": [15, 0.75, 16, 1], "texture": "#1"}
			}
		},
		{
			"name": "HeadHand",
			"from": [6, 4, 12],
			"to": [10, 12, 12],
			"rotation": {"angle": -22.5, "axis": "x", "origin": [10, 12, 13]},
			"faces": {
				"north": {"uv": [14, 0, 15, 2], "texture": "#1"},
				"east": {"uv": [15.75, 0, 16, 1], "texture": "#1"},
				"south": {"uv": [14, 0, 15, 2], "texture": "#1"},
				"west": {"uv": [15.75, 0, 16, 1], "texture": "#1"},
				"up": {"uv": [15, 0.75, 16, 1], "rotation": 180, "texture": "#1"},
				"down": {"uv": [15, 0.75, 16, 1], "texture": "#1"}
			}
		},
		{
			"name": "HeadHand",
			"from": [8, 10, 13.1],
			"to": [16, 14, 13.1],
			"rotation": {"angle": -45, "axis": "z", "origin": [10, 12, 13]},
			"faces": {
				"north": {"uv": [14, 0, 15, 2], "rotation": 90, "texture": "#1"},
				"east": {"uv": [15, 0.75, 16, 1], "rotation": 270, "texture": "#1"},
				"south": {"uv": [14, 0, 15, 2], "rotation": 270, "texture": "#1"},
				"west": {"uv": [15, 0.75, 16, 1], "rotation": 90, "texture": "#1"},
				"up": {"uv": [15.75, 0, 16, 1], "rotation": 270, "texture": "#1"},
				"down": {"uv": [15.75, 0, 16, 1], "rotation": 270, "texture": "#1"}
			}
		},
		{
			"name": "Hair",
			"from": [5, 10, 10],
			"to": [9, 14, 14],
			"rotation": {"angle": 0, "axis": "y", "origin": [0, -15, 0]},
			"faces": {
				"north": {"uv": [2, 0, 4, 2], "texture": "#1"},
				"east": {"uv": [2, 0, 4, 2], "texture": "#1"},
				"south": {"uv": [2, 0, 4, 2], "texture": "#1"},
				"west": {"uv": [2, 0, 4, 2], "texture": "#1"},
				"up": {"uv": [2, 0, 4, 2], "rotation": 180, "texture": "#1"},
				"down": {"uv": [2, 0, 4, 2], "texture": "#1"}
			}
		},
		{
			"name": "Hair",
			"from": [3, 10, 12],
			"to": [6, 13, 15],
			"rotation": {"angle": -22.5, "axis": "y", "origin": [7, 11, 14]},
			"faces": {
				"north": {"uv": [2, 0, 4, 2], "texture": "#1"},
				"east": {"uv": [2, 0, 4, 2], "texture": "#1"},
				"south": {"uv": [2, 0, 4, 2], "texture": "#1"},
				"west": {"uv": [2, 0, 4, 2], "texture": "#1"},
				"up": {"uv": [2, 0, 4, 2], "rotation": 180, "texture": "#1"},
				"down": {"uv": [2, 0, 4, 2], "texture": "#1"}
			}
		},
		{
			"name": "Hair",
			"from": [1, 9, 13],
			"to": [3, 11, 15],
			"rotation": {"angle": -45, "axis": "y", "origin": [7, 11, 14]},
			"faces": {
				"north": {"uv": [2, 0, 4, 2], "texture": "#1"},
				"east": {"uv": [2, 0, 4, 2], "texture": "#1"},
				"south": {"uv": [2, 0, 4, 2], "texture": "#1"},
				"west": {"uv": [2, 0, 4, 2], "texture": "#1"},
				"up": {"uv": [2, 0, 4, 2], "rotation": 180, "texture": "#1"},
				"down": {"uv": [2, 0, 4, 2], "texture": "#1"}
			}
		},
		{
			"name": "Hair",
			"from": [2, 8, 8],
			"to": [4, 10, 10],
			"rotation": {"angle": 0, "axis": "y", "origin": [7, 11, 14]},
			"faces": {
				"north": {"uv": [2, 0, 4, 2], "texture": "#1"},
				"east": {"uv": [2, 0, 4, 2], "texture": "#1"},
				"south": {"uv": [2, 0, 4, 2], "texture": "#1"},
				"west": {"uv": [2, 0, 4, 2], "texture": "#1"},
				"up": {"uv": [2, 0, 4, 2], "rotation": 270, "texture": "#1"},
				"down": {"uv": [2, 0, 4, 2], "rotation": 270, "texture": "#1"}
			}
		},
		{
			"name": "Hair",
			"from": [2.5, 7.5, 6],
			"to": [4.5, 9.5, 8],
			"rotation": {"angle": -22.5, "axis": "y", "origin": [3, 8, 8]},
			"faces": {
				"north": {"uv": [2, 0, 4, 2], "texture": "#1"},
				"east": {"uv": [2, 0, 4, 2], "texture": "#1"},
				"south": {"uv": [2, 0, 4, 2], "texture": "#1"},
				"west": {"uv": [2, 0, 4, 2], "texture": "#1"},
				"up": {"uv": [2, 0, 4, 2], "rotation": 270, "texture": "#1"},
				"down": {"uv": [2, 0, 4, 2], "rotation": 270, "texture": "#1"}
			}
		},
		{
			"name": "Hair",
			"from": [4, 7, 5.5],
			"to": [5, 8, 6.5],
			"rotation": {"angle": 22.5, "axis": "y", "origin": [4, 7, 6]},
			"faces": {
				"north": {"uv": [2, 0, 4, 2], "texture": "#1"},
				"east": {"uv": [2, 0, 4, 2], "texture": "#1"},
				"south": {"uv": [2, 0, 4, 2], "texture": "#1"},
				"west": {"uv": [2, 0, 4, 2], "texture": "#1"},
				"up": {"uv": [2, 0, 4, 2], "rotation": 270, "texture": "#1"},
				"down": {"uv": [2, 0, 4, 2], "rotation": 270, "texture": "#1"}
			}
		}
	],
	"display": {
		"thirdperson_righthand": {
			"rotation": [60, 0, 0],
			"translation": [0, 1.5, 2],
			"scale": [0.2, 0.2, 0.2]
		},
		"thirdperson_lefthand": {
			"rotation": [60, 0, 0],
			"translation": [0, 1.5, 2],
			"scale": [0.2, 0.2, 0.2]
		},
		"firstperson_righthand": {
			"rotation": [0, 135, 0],
			"translation": [0, 6.5, 0],
			"scale": [0.2, 0.2, 0.2]
		},
		"firstperson_lefthand": {
			"rotation": [0, 135, 0],
			"translation": [0, 6.5, 0],
			"scale": [0.2, 0.2, 0.2]
		},
		"ground": {
			"translation": [0, 20, 0]
		},
		"gui": {
			"rotation": [30, 135, 0],
			"translation": [0, 11.5, 0]
		},
		"head": {
			"translation": [0, -7.5, 0],
			"scale": [1.5, 1.5, 1.5]
		},
		"fixed": {
			"translation": [0, 4, -1.5],
			"scale": [0.5, 0.5, 0.5]
		}
	},
	"groups": [
		{
			"name": "Character",
			"origin": [0, 0, 0],
			"color": 0,
			"children": [
				{
					"name": "Head",
					"origin": [0, -14, 0],
					"color": 0,
					"children": [0, 1, 2, 3, 4, 5, 6, 7, 8, 9, 10]
				}
			]
		}
	]
}