{
	"credit": "Made with Blockbench",
	"texture_size": [64, 64],
	"textures": {
		"1": "item/archer/archer3"
	},
	"elements": [
		{
			"name": "RArmPart",
			"from": [5.5, 8.5, 0],
			"to": [10.5, 12.5, 1],
			"rotation": {"angle": 0, "axis": "y", "origin": [14, 9, 8]},
			"faces": {
				"north": {"uv": [11.75, 6.75, 12.5, 7], "rotation": 270, "texture": "#1"},
				"east": {"uv": [12.75, 6.75, 13.5, 7], "rotation": 270, "texture": "#1"},
				"south": {"uv": [11, 6.75, 11.75, 7], "rotation": 270, "texture": "#1"},
				"west": {"uv": [11, 6.75, 11.75, 7], "rotation": 90, "texture": "#1"},
				"up": {"uv": [10, 6.75, 11, 7], "rotation": 180, "texture": "#1"},
				"down": {"uv": [11.75, 6.75, 12.75, 7], "texture": "#1"}
			}
		},
		{
			"name": "RArm",
			"from": [6, 9, -4],
			"to": [10, 12, 8],
			"rotation": {"angle": 0, "axis": "y", "origin": [14, 9, 8]},
			"faces": {
				"north": {"uv": [11.75, 4, 12.5, 5], "rotation": 270, "texture": "#1"},
				"east": {"uv": [12.75, 5, 13.5, 8], "rotation": 270, "texture": "#1"},
				"south": {"uv": [11, 4, 11.75, 5], "rotation": 270, "texture": "#1"},
				"west": {"uv": [11, 5, 11.75, 8], "rotation": 90, "texture": "#1"},
				"up": {"uv": [10, 5, 11, 8], "rotation": 180, "texture": "#1"},
				"down": {"uv": [11.75, 5, 12.75, 8], "texture": "#1"}
			}
		},
		{
			"name": "Arrow",
			"from": [6, 10, -13],
			"to": [8, 10, -3],
			"rotation": {"angle": 0, "axis": "y", "origin": [8, -3, 8]},
			"faces": {
				"north": {"uv": [13.5, 6, 14.5, 7], "rotation": 90, "texture": "#1"},
				"east": {"uv": [13.5, 7, 16, 8], "rotation": 180, "texture": "#1"},
				"south": {"uv": [15, 6, 16, 7], "rotation": 270, "texture": "#1"},
				"west": {"uv": [13.5, 7, 16, 8], "texture": "#1"},
				"up": {"uv": [10, 8, 16, 9.25], "rotation": 270, "texture": "#1"},
				"down": {"uv": [16, 8, 10, 9.25], "rotation": 270, "texture": "#1"}
			}
		},
		{
			"name": "Arrow",
			"from": [7, 9, -13],
			"to": [7, 11, -3],
			"rotation": {"angle": 0, "axis": "y", "origin": [8, -3, 8]},
			"faces": {
				"north": {"uv": [13.5, 6, 14.5, 7], "rotation": 90, "texture": "#1"},
				"east": {"uv": [16, 8, 10, 9.25], "rotation": 180, "texture": "#1"},
				"south": {"uv": [15, 6, 16, 7], "rotation": 270, "texture": "#1"},
				"west": {"uv": [16, 8, 10, 9.25], "texture": "#1"},
				"up": {"uv": [10, 8, 16, 9.25], "rotation": 270, "texture": "#1"},
				"down": {"uv": [16, 8, 10, 9.25], "rotation": 270, "texture": "#1"}
			}
		}
	],
	"display": {
		"thirdperson_righthand": {
			"rotation": [60, 0, 0],
			"translation": [0, 1.5, 2],
			"scale": [0.2, 0.2, 0.2]
		},
		"thirdperson_lefthand": {
			"rotation": [60, 0, 0],
			"translation": [0, 1.5, 2],
			"scale": [0.2, 0.2, 0.2]
		},
		"firstperson_righthand": {
			"rotation": [0, 135, 0],
			"translation": [0, 6.5, 0],
			"scale": [0.2, 0.2, 0.2]
		},
		"firstperson_lefthand": {
			"rotation": [0, 135, 0],
			"translation": [0, 6.5, 0],
			"scale": [0.2, 0.2, 0.2]
		},
		"ground": {
			"translation": [0, 20, 0]
		},
		"gui": {
			"rotation": [30, 135, 0],
			"translation": [0, 11.5, 0]
		},
		"head": {
			"translation": [0, -7.5, 0],
			"scale": [1.5, 1.5, 1.5]
		},
		"fixed": {
			"translation": [0, 4, -1.5],
			"scale": [0.5, 0.5, 0.5]
		}
	},
	"groups": [
		{
			"name": "Character",
			"origin": [0, 0, 0],
			"color": 0,
			"children": [
				{
					"name": "RA",
					"origin": [10, -2, 8],
					"color": 0,
					"children": [0, 1, 2, 3]
				}
			]
		}
	]
}