{
	"credit": "Made with Blockbench",
	"texture_size": [64, 64],
	"textures": {
		"1": "item/archer/archer2"
	},
	"elements": [
		{
			"name": "LLeg",
			"from": [4, -16, 6],
			"to": [8, -4, 10],
			"rotation": {"angle": 0, "axis": "y", "origin": [6, -4, 8]},
			"faces": {
				"north": {"uv": [1, 5, 2, 8], "texture": "#1"},
				"east": {"uv": [0, 5, 1, 8], "texture": "#1"},
				"south": {"uv": [3, 5, 4, 8], "texture": "#1"},
				"west": {"uv": [2, 5, 3, 8], "texture": "#1"},
				"up": {"uv": [1, 4, 2, 5], "texture": "#1"},
				"down": {"uv": [2, 4, 3, 5], "texture": "#1"}
			}
		},
		{
			"name": "LLeg",
			"from": [3.5, -11, 5.5],
			"to": [8.5, -10, 10.5],
			"rotation": {"angle": 0, "axis": "y", "origin": [6, -4, 8]},
			"faces": {
				"north": {"uv": [1, 6.5, 2, 6.75], "texture": "#1"},
				"east": {"uv": [0, 6.5, 1, 6.75], "texture": "#1"},
				"south": {"uv": [3, 6.5, 4, 6.75], "texture": "#1"},
				"west": {"uv": [2, 6.5, 3, 6.75], "texture": "#1"},
				"up": {"uv": [1, 6.5, 2, 6.75], "texture": "#1"},
				"down": {"uv": [2, 6.5, 3, 6.75], "texture": "#1"}
			}
		},
		{
			"name": "RLeg",
			"from": [8, -16, 6],
			"to": [12, -4, 10],
			"rotation": {"angle": 0, "axis": "y", "origin": [10, -4, 8]},
			"faces": {
				"north": {"uv": [5, 13, 6, 16], "texture": "#1"},
				"east": {"uv": [4, 13, 5, 16], "texture": "#1"},
				"south": {"uv": [7, 13, 8, 16], "texture": "#1"},
				"west": {"uv": [6, 13, 7, 16], "texture": "#1"},
				"up": {"uv": [5, 12, 6, 13], "texture": "#1"},
				"down": {"uv": [6, 12, 7, 13], "texture": "#1"}
			}
		},
		{
			"name": "RLeg",
			"from": [7.5, -11, 5.5],
			"to": [12.5, -10, 10.5],
			"rotation": {"angle": 0, "axis": "y", "origin": [10, -4, 8]},
			"faces": {
				"north": {"uv": [5, 14.5, 6, 14.75], "texture": "#1"},
				"east": {"uv": [4, 14.5, 5, 14.75], "texture": "#1"},
				"south": {"uv": [7, 14.5, 8, 14.75], "texture": "#1"},
				"west": {"uv": [6, 14.5, 7, 14.75], "texture": "#1"},
				"up": {"uv": [5, 14.5, 6, 14.75], "texture": "#1"},
				"down": {"uv": [6, 14.5, 7, 14.75], "texture": "#1"}
			}
		},
		{
			"name": "RArmPart",
			"from": [11.5, 0, 5.5],
			"to": [15.5, 1, 10.5],
			"rotation": {"angle": 0, "axis": "y", "origin": [14, 8, 8]},
			"faces": {
				"north": {"uv": [11, 6.75, 11.75, 7], "texture": "#1"},
				"east": {"uv": [10, 6.75, 11, 7], "texture": "#1"},
				"south": {"uv": [12.75, 6.75, 13.5, 7], "texture": "#1"},
				"west": {"uv": [11.75, 6.75, 12.75, 7], "texture": "#1"},
				"up": {"uv": [11, 6.75, 11.75, 7], "texture": "#1"},
				"down": {"uv": [11.75, 6.75, 12.5, 7], "texture": "#1"}
			}
		},
		{
			"name": "RArm",
			"from": [12, -4, 6],
			"to": [15, 8, 10],
			"rotation": {"angle": 0, "axis": "y", "origin": [14, 8, 8]},
			"faces": {
				"north": {"uv": [11, 5, 11.75, 8], "texture": "#1"},
				"east": {"uv": [10, 5, 11, 8], "texture": "#1"},
				"south": {"uv": [12.75, 5, 13.5, 8], "texture": "#1"},
				"west": {"uv": [11.75, 5, 12.75, 8], "texture": "#1"},
				"up": {"uv": [11, 4, 11.75, 5], "texture": "#1"},
				"down": {"uv": [11.75, 4, 12.5, 5], "texture": "#1"}
			}
		},
		{
			"name": "LArm",
			"from": [1, -4, 6],
			"to": [4, 8, 10],
			"rotation": {"angle": 0, "axis": "y", "origin": [1, 8, 7]},
			"faces": {
				"north": {"uv": [9, 13, 9.75, 16], "texture": "#1"},
				"east": {"uv": [8, 13, 9, 16], "texture": "#1"},
				"south": {"uv": [10.75, 13, 11.5, 16], "texture": "#1"},
				"west": {"uv": [9.75, 13, 10.75, 16], "texture": "#1"},
				"up": {"uv": [9, 12, 9.75, 13], "texture": "#1"},
				"down": {"uv": [9.75, 12, 10.5, 13], "texture": "#1"}
			}
		},
		{
			"name": "LArmPart",
			"from": [0.5, 0, 5.5],
			"to": [4.5, 1, 10.5],
			"rotation": {"angle": 0, "axis": "y", "origin": [1, 8, 7]},
			"faces": {
				"north": {"uv": [9, 14.75, 9.75, 15], "texture": "#1"},
				"east": {"uv": [8, 14.75, 9, 15], "texture": "#1"},
				"south": {"uv": [10.75, 14.75, 11.5, 15], "texture": "#1"},
				"west": {"uv": [9.75, 14.75, 10.75, 15], "texture": "#1"},
				"up": {"uv": [9.5, 14.75, 9.75, 15], "texture": "#1"},
				"down": {"uv": [9.25, 14.75, 9.5, 15], "texture": "#1"}
			}
		},
		{
			"name": "Body",
			"from": [4, -4, 6],
			"to": [12, 8, 10],
			"rotation": {"angle": 0, "axis": "y", "origin": [8, -4, 8]},
			"faces": {
				"north": {"uv": [5, 5, 7, 8], "texture": "#1"},
				"east": {"uv": [4, 5, 5, 8], "texture": "#1"},
				"south": {"uv": [8, 5, 10, 8], "texture": "#1"},
				"west": {"uv": [7, 5, 8, 8], "texture": "#1"},
				"up": {"uv": [5, 4, 7, 5], "texture": "#1"},
				"down": {"uv": [7, 4, 9, 5], "texture": "#1"}
			}
		},
		{
			"name": "ArrowBag",
			"from": [3, -4, 10],
			"to": [13, 0, 14],
			"rotation": {"angle": 0, "axis": "y", "origin": [8, -4, 8]},
			"faces": {
				"north": {"uv": [16, 7, 13.5, 8], "texture": "#1"},
				"east": {"uv": [15, 6, 16, 7], "texture": "#1"},
				"south": {"uv": [13.5, 7, 16, 8], "texture": "#1"},
				"west": {"uv": [13.5, 6, 14.5, 7], "texture": "#1"},
				"up": {"uv": [13.5, 7, 16, 8], "texture": "#1"},
				"down": {"uv": [13.5, 7, 16, 8], "texture": "#1"}
			}
		},
		{
			"name": "ArrowBag",
			"from": [4, -3.5, 14],
			"to": [13, -0.5, 14.5],
			"rotation": {"angle": 0, "axis": "y", "origin": [8, -4, 8]},
			"faces": {
				"north": {"uv": [16, 7, 13.5, 8], "texture": "#1"},
				"east": {"uv": [13.5, 6, 13.75, 7], "texture": "#1"},
				"south": {"uv": [13.5, 7, 16, 8], "texture": "#1"},
				"west": {"uv": [13.5, 6, 13.75, 7], "texture": "#1"},
				"up": {"uv": [13.5, 7, 16, 8], "texture": "#1"},
				"down": {"uv": [13.5, 7, 16, 8], "texture": "#1"}
			}
		},
		{
			"name": "ArrowBag",
			"from": [4, 0, 10.5],
			"to": [13, 0.5, 13.5],
			"rotation": {"angle": 0, "axis": "y", "origin": [8, -4, 8]},
			"faces": {
				"north": {"uv": [16, 7, 13.5, 8], "texture": "#1"},
				"east": {"uv": [13.5, 6.75, 14.5, 7], "texture": "#1"},
				"south": {"uv": [13.5, 7, 16, 8], "texture": "#1"},
				"west": {"uv": [13.5, 6.75, 14.5, 7], "texture": "#1"},
				"up": {"uv": [13.5, 7, 16, 8], "texture": "#1"},
				"down": {"uv": [13.5, 7, 16, 8], "texture": "#1"}
			}
		},
		{
			"name": "ArrowBag",
			"from": [4, -4.5, 10.5],
			"to": [13, -4, 13.5],
			"rotation": {"angle": 0, "axis": "y", "origin": [8, -4, 8]},
			"faces": {
				"north": {"uv": [16, 7, 13.5, 8], "texture": "#1"},
				"east": {"uv": [13.5, 6.75, 14.5, 7], "texture": "#1"},
				"south": {"uv": [13.5, 7, 16, 8], "texture": "#1"},
				"west": {"uv": [13.5, 6.75, 14.5, 7], "texture": "#1"},
				"up": {"uv": [13.5, 7, 16, 8], "texture": "#1"},
				"down": {"uv": [13.5, 7, 16, 8], "texture": "#1"}
			}
		},
		{
			"name": "Arrow",
			"from": [6, -4, 11],
			"to": [16, -2, 11],
			"rotation": {"angle": 0, "axis": "y", "origin": [8, -4, 8]},
			"faces": {
				"north": {"uv": [10, 8, 16, 9.25], "texture": "#1"},
				"east": {"uv": [15, 6, 16, 7], "texture": "#1"},
				"south": {"uv": [16, 8, 10, 9.25], "texture": "#1"},
				"west": {"uv": [13.5, 6, 14.5, 7], "texture": "#1"},
				"up": {"uv": [13.5, 7, 16, 8], "texture": "#1"},
				"down": {"uv": [13.5, 7, 16, 8], "texture": "#1"}
			}
		},
		{
			"name": "Arrow",
			"from": [6, -3, 12],
			"to": [16, -1, 12],
			"rotation": {"angle": 0, "axis": "y", "origin": [8, -4, 8]},
			"faces": {
				"north": {"uv": [10, 8, 16, 9.25], "texture": "#1"},
				"east": {"uv": [15, 6, 16, 7], "texture": "#1"},
				"south": {"uv": [16, 8, 10, 9.25], "texture": "#1"},
				"west": {"uv": [13.5, 6, 14.5, 7], "texture": "#1"},
				"up": {"uv": [13.5, 7, 16, 8], "texture": "#1"},
				"down": {"uv": [13.5, 7, 16, 8], "texture": "#1"}
			}
		},
		{
			"name": "Arrow",
			"from": [6, -2, 13],
			"to": [16, 0, 13],
			"rotation": {"angle": 0, "axis": "y", "origin": [8, -4, 8]},
			"faces": {
				"north": {"uv": [10, 8, 16, 9.25], "texture": "#1"},
				"east": {"uv": [15, 6, 16, 7], "texture": "#1"},
				"south": {"uv": [16, 8, 10, 9.25], "texture": "#1"},
				"west": {"uv": [13.5, 6, 14.5, 7], "texture": "#1"},
				"up": {"uv": [13.5, 7, 16, 8], "texture": "#1"},
				"down": {"uv": [13.5, 7, 16, 8], "texture": "#1"}
			}
		},
		{
			"name": "Chest",
			"from": [4.1, 3, 5.5],
			"to": [11.9, 7, 9.5],
			"rotation": {"angle": 0, "axis": "y", "origin": [8, -4, 8]},
			"faces": {
				"north": {"uv": [5, 5.25, 7, 6.25], "texture": "#1"},
				"east": {"uv": [4, 5.25, 5, 6.25], "texture": "#1"},
				"south": {"uv": [8, 5.5, 10, 6.25], "texture": "#1"},
				"west": {"uv": [7, 5.25, 8, 6.25], "texture": "#1"},
				"up": {"uv": [5, 4, 7, 5], "texture": "#1"},
				"down": {"uv": [5, 5.75, 7, 6.75], "texture": "#1"}
			}
		},
		{
			"name": "Cape",
			"from": [3, 6, 12],
			"to": [13, 6, 16],
			"rotation": {"angle": -22.5, "axis": "x", "origin": [8, -4, 8]},
			"faces": {
				"north": {"uv": [5, 9, 7, 12], "texture": "#1"},
				"east": {"uv": [4, 9, 5, 12], "texture": "#1"},
				"south": {"uv": [8, 9, 10, 12], "texture": "#1"},
				"west": {"uv": [7, 9, 8, 12], "texture": "#1"},
				"up": {"uv": [5, 8, 7, 9], "texture": "#1"},
				"down": {"uv": [5, 9, 7, 8], "texture": "#1"}
			}
		},
		{
			"name": "Cape",
			"from": [3, -8, 12],
			"to": [3, 6, 16],
			"rotation": {"angle": -22.5, "axis": "x", "origin": [8, -4, 8]},
			"faces": {
				"north": {"uv": [5, 9, 7, 12], "texture": "#1"},
				"east": {"uv": [8, 9, 7, 12], "texture": "#1"},
				"south": {"uv": [8, 9, 10, 12], "texture": "#1"},
				"west": {"uv": [7, 9, 8, 12], "texture": "#1"},
				"up": {"uv": [5, 8, 7, 9], "texture": "#1"},
				"down": {"uv": [7, 8, 9, 9], "texture": "#1"}
			}
		},
		{
			"name": "Cape",
			"from": [13, -8, 12],
			"to": [13, 6, 16],
			"rotation": {"angle": -22.5, "axis": "x", "origin": [8, -4, 8]},
			"faces": {
				"north": {"uv": [5, 9, 7, 12], "texture": "#1"},
				"east": {"uv": [8, 9, 7, 12], "texture": "#1"},
				"south": {"uv": [8, 9, 10, 12], "texture": "#1"},
				"west": {"uv": [5, 9, 4, 12], "texture": "#1"},
				"up": {"uv": [5, 8, 7, 9], "texture": "#1"},
				"down": {"uv": [7, 8, 9, 9], "texture": "#1"}
			}
		},
		{
			"name": "Cape",
			"from": [3, -8, 16],
			"to": [13, 6, 16],
			"rotation": {"angle": -22.5, "axis": "x", "origin": [8, -4, 8]},
			"faces": {
				"north": {"uv": [10, 9, 8, 12], "texture": "#1"},
				"east": {"uv": [4, 9, 5, 12], "texture": "#1"},
				"south": {"uv": [8, 9, 10, 12], "texture": "#1"},
				"west": {"uv": [7, 9, 8, 12], "texture": "#1"},
				"up": {"uv": [5, 8, 7, 9], "texture": "#1"},
				"down": {"uv": [7, 8, 9, 9], "texture": "#1"}
			}
		}
	],
	"display": {
		"thirdperson_righthand": {
			"rotation": [60, 0, 0],
			"translation": [0, 1.5, 2],
			"scale": [0.2, 0.2, 0.2]
		},
		"thirdperson_lefthand": {
			"rotation": [60, 0, 0],
			"translation": [0, 1.5, 2],
			"scale": [0.2, 0.2, 0.2]
		},
		"firstperson_righthand": {
			"rotation": [0, 135, 0],
			"translation": [0, 6.5, 0],
			"scale": [0.2, 0.2, 0.2]
		},
		"firstperson_lefthand": {
			"rotation": [0, 135, 0],
			"translation": [0, 6.5, 0],
			"scale": [0.2, 0.2, 0.2]
		},
		"ground": {
			"translation": [0, 20, 0]
		},
		"gui": {
			"rotation": [30, 135, 0],
			"translation": [0, 11.5, 0]
		},
		"head": {
			"translation": [0, -7.5, 0],
			"scale": [1.5, 1.5, 1.5]
		},
		"fixed": {
			"translation": [0, 4, -1.5],
			"scale": [0.5, 0.5, 0.5]
		}
	},
	"groups": [
		{
			"name": "archer_npc_2",
			"origin": [8, 8, 8],
			"children": [
				{
					"name": "Character",
					"origin": [0, 0, 0],
					"children": [
						{
							"name": "LL",
							"origin": [6, -2, 8],
							"children": [0, 1]
						},
						{
							"name": "RL",
							"origin": [10, -2, 8],
							"children": [2, 3]
						},
						{
							"name": "RA",
							"origin": [10, -2, 8],
							"children": [4, 5]
						},
						{
							"name": "LA",
							"origin": [1, 10, 7],
							"children": [6, 7]
						},
						{
							"name": "B",
							"origin": [1, 10, 7],
							"children": [8,
								{
									"name": "ArrowBag",
									"origin": [8, -2, 8],
									"children": [9, 10, 11, 12, 13, 14, 15]
								}, 16, 17, 18, 19, 20]
						}
					]
				}
			]
		}
	]
}