{
	"credit": "Made with Blockbench",
	"texture_size": [64, 64],
	"textures": {
		"1": "item/archer/archer1"
	},
	"elements": [
		{
			"name": "Body",
			"from": [4, -3, 6],
			"to": [12, 9, 10],
			"rotation": {"angle": 0, "axis": "y", "origin": [8, -3, 8]},
			"faces": {
				"north": {"uv": [5, 5, 7, 8], "texture": "#1"},
				"east": {"uv": [4, 5, 5, 8], "texture": "#1"},
				"south": {"uv": [8, 5, 10, 8], "texture": "#1"},
				"west": {"uv": [7, 5, 8, 8], "texture": "#1"},
				"up": {"uv": [5, 4, 7, 5], "texture": "#1"},
				"down": {"uv": [7, 4, 9, 5], "texture": "#1"}
			}
		},
		{
			"name": "ArrowBag",
			"from": [3, -3, 10],
			"to": [13, 1, 14],
			"rotation": {"angle": 0, "axis": "y", "origin": [8, -3, 8]},
			"faces": {
				"north": {"uv": [16, 7, 13.5, 8], "texture": "#1"},
				"east": {"uv": [15, 6, 16, 7], "texture": "#1"},
				"south": {"uv": [13.5, 7, 16, 8], "texture": "#1"},
				"west": {"uv": [13.5, 6, 14.5, 7], "texture": "#1"},
				"up": {"uv": [13.5, 7, 16, 8], "texture": "#1"},
				"down": {"uv": [13.5, 7, 16, 8], "texture": "#1"}
			}
		},
		{
			"name": "ArrowBag",
			"from": [4, -2.5, 14],
			"to": [13, 0.5, 14.5],
			"rotation": {"angle": 0, "axis": "y", "origin": [8, -3, 8]},
			"faces": {
				"north": {"uv": [16, 7, 13.5, 8], "texture": "#1"},
				"east": {"uv": [13.5, 6, 13.75, 7], "texture": "#1"},
				"south": {"uv": [13.5, 7, 16, 8], "texture": "#1"},
				"west": {"uv": [13.5, 6, 13.75, 7], "texture": "#1"},
				"up": {"uv": [13.5, 7, 16, 8], "texture": "#1"},
				"down": {"uv": [13.5, 7, 16, 8], "texture": "#1"}
			}
		},
		{
			"name": "ArrowBag",
			"from": [4, 1, 10.5],
			"to": [13, 1.5, 13.5],
			"rotation": {"angle": 0, "axis": "y", "origin": [8, -3, 8]},
			"faces": {
				"north": {"uv": [16, 7, 13.5, 8], "texture": "#1"},
				"east": {"uv": [13.5, 6.75, 14.5, 7], "texture": "#1"},
				"south": {"uv": [13.5, 7, 16, 8], "texture": "#1"},
				"west": {"uv": [13.5, 6.75, 14.5, 7], "texture": "#1"},
				"up": {"uv": [13.5, 7, 16, 8], "texture": "#1"},
				"down": {"uv": [13.5, 7, 16, 8], "texture": "#1"}
			}
		},
		{
			"name": "ArrowBag",
			"from": [4, -3.5, 10.5],
			"to": [13, -3, 13.5],
			"rotation": {"angle": 0, "axis": "y", "origin": [8, -3, 8]},
			"faces": {
				"north": {"uv": [16, 7, 13.5, 8], "texture": "#1"},
				"east": {"uv": [13.5, 6.75, 14.5, 7], "texture": "#1"},
				"south": {"uv": [13.5, 7, 16, 8], "texture": "#1"},
				"west": {"uv": [13.5, 6.75, 14.5, 7], "texture": "#1"},
				"up": {"uv": [13.5, 7, 16, 8], "texture": "#1"},
				"down": {"uv": [13.5, 7, 16, 8], "texture": "#1"}
			}
		},
		{
			"name": "Arrow",
			"from": [6, -3, 11],
			"to": [16, -1, 11],
			"rotation": {"angle": 0, "axis": "y", "origin": [8, -3, 8]},
			"faces": {
				"north": {"uv": [10, 8, 16, 9.25], "texture": "#1"},
				"east": {"uv": [15, 6, 16, 7], "texture": "#1"},
				"south": {"uv": [16, 8, 10, 9.25], "texture": "#1"},
				"west": {"uv": [13.5, 6, 14.5, 7], "texture": "#1"},
				"up": {"uv": [13.5, 7, 16, 8], "texture": "#1"},
				"down": {"uv": [13.5, 7, 16, 8], "texture": "#1"}
			}
		},
		{
			"name": "Arrow",
			"from": [6, -2, 12],
			"to": [16, 0, 12],
			"rotation": {"angle": 0, "axis": "y", "origin": [8, -3, 8]},
			"faces": {
				"north": {"uv": [10, 8, 16, 9.25], "texture": "#1"},
				"east": {"uv": [15, 6, 16, 7], "texture": "#1"},
				"south": {"uv": [16, 8, 10, 9.25], "texture": "#1"},
				"west": {"uv": [13.5, 6, 14.5, 7], "texture": "#1"},
				"up": {"uv": [13.5, 7, 16, 8], "texture": "#1"},
				"down": {"uv": [13.5, 7, 16, 8], "texture": "#1"}
			}
		},
		{
			"name": "Arrow",
			"from": [6, -1, 13],
			"to": [16, 1, 13],
			"rotation": {"angle": 0, "axis": "y", "origin": [8, -3, 8]},
			"faces": {
				"north": {"uv": [10, 8, 16, 9.25], "texture": "#1"},
				"east": {"uv": [15, 6, 16, 7], "texture": "#1"},
				"south": {"uv": [16, 8, 10, 9.25], "texture": "#1"},
				"west": {"uv": [13.5, 6, 14.5, 7], "texture": "#1"},
				"up": {"uv": [13.5, 7, 16, 8], "texture": "#1"},
				"down": {"uv": [13.5, 7, 16, 8], "texture": "#1"}
			}
		},
		{
			"name": "Chest",
			"from": [4.1, 4, 5.5],
			"to": [11.9, 8, 9.5],
			"rotation": {"angle": 0, "axis": "y", "origin": [8, -3, 8]},
			"faces": {
				"north": {"uv": [5, 5.25, 7, 6.25], "texture": "#1"},
				"east": {"uv": [4, 5.25, 5, 6.25], "texture": "#1"},
				"south": {"uv": [8, 5.5, 10, 6.25], "texture": "#1"},
				"west": {"uv": [7, 5.25, 8, 6.25], "texture": "#1"},
				"up": {"uv": [5, 4, 7, 5], "texture": "#1"},
				"down": {"uv": [5, 5.75, 7, 6.75], "texture": "#1"}
			}
		},
		{
			"name": "Cape",
			"from": [3, 7, 12],
			"to": [13, 7, 16],
			"rotation": {"angle": -22.5, "axis": "x", "origin": [8, -3, 8]},
			"faces": {
				"north": {"uv": [5, 9, 7, 12], "texture": "#1"},
				"east": {"uv": [4, 9, 5, 12], "texture": "#1"},
				"south": {"uv": [8, 9, 10, 12], "texture": "#1"},
				"west": {"uv": [7, 9, 8, 12], "texture": "#1"},
				"up": {"uv": [5, 8, 7, 9], "texture": "#1"},
				"down": {"uv": [5, 9, 7, 8], "texture": "#1"}
			}
		},
		{
			"name": "Cape",
			"from": [3, -7, 12],
			"to": [3, 7, 16],
			"rotation": {"angle": -22.5, "axis": "x", "origin": [8, -3, 8]},
			"faces": {
				"north": {"uv": [5, 9, 7, 12], "texture": "#1"},
				"east": {"uv": [8, 9, 7, 12], "texture": "#1"},
				"south": {"uv": [8, 9, 10, 12], "texture": "#1"},
				"west": {"uv": [7, 9, 8, 12], "texture": "#1"},
				"up": {"uv": [5, 8, 7, 9], "texture": "#1"},
				"down": {"uv": [7, 8, 9, 9], "texture": "#1"}
			}
		},
		{
			"name": "Cape",
			"from": [13, -7, 12],
			"to": [13, 7, 16],
			"rotation": {"angle": -22.5, "axis": "x", "origin": [8, -3, 8]},
			"faces": {
				"north": {"uv": [5, 9, 7, 12], "texture": "#1"},
				"east": {"uv": [8, 9, 7, 12], "texture": "#1"},
				"south": {"uv": [8, 9, 10, 12], "texture": "#1"},
				"west": {"uv": [5, 9, 4, 12], "texture": "#1"},
				"up": {"uv": [5, 8, 7, 9], "texture": "#1"},
				"down": {"uv": [7, 8, 9, 9], "texture": "#1"}
			}
		},
		{
			"name": "Cape",
			"from": [3, -7, 16],
			"to": [13, 7, 16],
			"rotation": {"angle": -22.5, "axis": "x", "origin": [8, -3, 8]},
			"faces": {
				"north": {"uv": [10, 9, 8, 12], "texture": "#1"},
				"east": {"uv": [4, 9, 5, 12], "texture": "#1"},
				"south": {"uv": [8, 9, 10, 12], "texture": "#1"},
				"west": {"uv": [7, 9, 8, 12], "texture": "#1"},
				"up": {"uv": [5, 8, 7, 9], "texture": "#1"},
				"down": {"uv": [7, 8, 9, 9], "texture": "#1"}
			}
		}
	],
	"display": {
		"thirdperson_righthand": {
			"rotation": [60, 0, 0],
			"translation": [0, 1.5, 2],
			"scale": [0.2, 0.2, 0.2]
		},
		"thirdperson_lefthand": {
			"rotation": [60, 0, 0],
			"translation": [0, 1.5, 2],
			"scale": [0.2, 0.2, 0.2]
		},
		"firstperson_righthand": {
			"rotation": [0, 135, 0],
			"translation": [0, 6.5, 0],
			"scale": [0.2, 0.2, 0.2]
		},
		"firstperson_lefthand": {
			"rotation": [0, 135, 0],
			"translation": [0, 6.5, 0],
			"scale": [0.2, 0.2, 0.2]
		},
		"ground": {
			"translation": [0, 20, 0]
		},
		"gui": {
			"rotation": [30, 135, 0],
			"translation": [0, 11.5, 0]
		},
		"head": {
			"translation": [0, -7.5, 0],
			"scale": [1.5, 1.5, 1.5]
		},
		"fixed": {
			"translation": [0, 4, -1.5],
			"scale": [0.5, 0.5, 0.5]
		}
	},
	"groups": [
		{
			"name": "Character",
			"origin": [0, 0, 0],
			"color": 0,
			"children": [
				{
					"name": "B",
					"origin": [1, 10, 7],
					"color": 0,
					"children": [0,
						{
							"name": "ArrowBag",
							"origin": [8, -2, 8],
							"color": 0,
							"children": [1, 2, 3, 4, 5, 6, 7]
						}, 8, 9, 10, 11, 12]
				}
			]
		}
	]
}