{
	"credit": "Made with Blockbench",
	"texture_size": [64, 64],
	"textures": {
		"1": "item/archer/archer3",
		"2": "item/model_plate/model_plate_archer_2",
		"particle": "item/model_plate/model_plate_archer_2"
	},
	"elements": [
		{
			"from": [1, -15, 1],
			"to": [15, -14, 15],
			"rotation": {"angle": 0, "axis": "y", "origin": [0, -14, 0]},
			"faces": {
				"north": {"uv": [1, 1, 15, 2], "texture": "#2"},
				"east": {"uv": [1, 1, 15, 2], "texture": "#2"},
				"south": {"uv": [1, 1, 15, 2], "texture": "#2"},
				"west": {"uv": [1, 1, 15, 2], "texture": "#2"},
				"up": {"uv": [1, 1, 15, 15], "texture": "#2"},
				"down": {"uv": [0, 0, 3.5, 3.5], "texture": "#2"}
			}
		},
		{
			"from": [0, -16, 0],
			"to": [16, -15, 16],
			"rotation": {"angle": 0, "axis": "y", "origin": [0, -14, 0]},
			"faces": {
				"north": {"uv": [0, 0, 16, 0.75], "texture": "#2"},
				"east": {"uv": [0, 0, 16, 0.5], "texture": "#2"},
				"south": {"uv": [0, 0, 16, 0.75], "texture": "#2"},
				"west": {"uv": [0, 0, 16, 0.5], "texture": "#2"},
				"up": {"uv": [0, 0, 16, 16], "texture": "#2"},
				"down": {"uv": [0, 0, 16, 16], "texture": "#2"}
			}
		},
		{
			"name": "Arrow",
			"from": [-4, -12, 7],
			"to": [-2, -2, 7],
			"rotation": {"angle": 22.5, "axis": "z", "origin": [8, -2, 8]},
			"faces": {
				"north": {"uv": [16, 8, 10, 9.25], "rotation": 270, "texture": "#1"},
				"east": {"uv": [10, 8, 16, 9.25], "rotation": 90, "texture": "#1"},
				"south": {"uv": [16, 8, 10, 9.25], "rotation": 270, "texture": "#1"},
				"west": {"uv": [16, 8, 10, 9.25], "rotation": 270, "texture": "#1"},
				"up": {"uv": [15, 6, 16, 7], "texture": "#1"},
				"down": {"uv": [13.5, 6, 14.5, 7], "rotation": 180, "texture": "#1"}
			}
		},
		{
			"name": "Arrow",
			"from": [-3, -12, 6],
			"to": [-3, -2, 8],
			"rotation": {"angle": 22.5, "axis": "z", "origin": [8, -2, 8]},
			"faces": {
				"north": {"uv": [13.5, 7, 16, 8], "rotation": 270, "texture": "#1"},
				"east": {"uv": [10, 8, 16, 9.25], "rotation": 90, "texture": "#1"},
				"south": {"uv": [13.5, 7, 16, 8], "rotation": 270, "texture": "#1"},
				"west": {"uv": [16, 8, 10, 9.25], "rotation": 270, "texture": "#1"},
				"up": {"uv": [15, 6, 16, 7], "texture": "#1"},
				"down": {"uv": [13.5, 6, 14.5, 7], "rotation": 180, "texture": "#1"}
			}
		},
		{
			"name": "Arrow",
			"from": [18, -12, 2],
			"to": [20, -2, 2],
			"rotation": {"angle": -22.5, "axis": "z", "origin": [8, -2, 8]},
			"faces": {
				"north": {"uv": [16, 8, 10, 9.25], "rotation": 270, "texture": "#1"},
				"east": {"uv": [10, 8, 16, 9.25], "rotation": 90, "texture": "#1"},
				"south": {"uv": [16, 8, 10, 9.25], "rotation": 270, "texture": "#1"},
				"west": {"uv": [16, 8, 10, 9.25], "rotation": 270, "texture": "#1"},
				"up": {"uv": [15, 6, 16, 7], "texture": "#1"},
				"down": {"uv": [13.5, 6, 14.5, 7], "rotation": 180, "texture": "#1"}
			}
		},
		{
			"name": "Arrow",
			"from": [19, -12, 1],
			"to": [19, -2, 3],
			"rotation": {"angle": -22.5, "axis": "z", "origin": [8, -2, 8]},
			"faces": {
				"north": {"uv": [13.5, 7, 16, 8], "rotation": 270, "texture": "#1"},
				"east": {"uv": [10, 8, 16, 9.25], "rotation": 90, "texture": "#1"},
				"south": {"uv": [13.5, 7, 16, 8], "rotation": 270, "texture": "#1"},
				"west": {"uv": [16, 8, 10, 9.25], "rotation": 270, "texture": "#1"},
				"up": {"uv": [15, 6, 16, 7], "texture": "#1"},
				"down": {"uv": [13.5, 6, 14.5, 7], "rotation": 180, "texture": "#1"}
			}
		},
		{
			"name": "Arrow",
			"from": [6, -12, 20],
			"to": [8, -2, 20],
			"rotation": {"angle": 22.5, "axis": "x", "origin": [8, -2, 8]},
			"faces": {
				"north": {"uv": [16, 8, 10, 9.25], "rotation": 270, "texture": "#1"},
				"east": {"uv": [10, 8, 16, 9.25], "rotation": 90, "texture": "#1"},
				"south": {"uv": [16, 8, 10, 9.25], "rotation": 270, "texture": "#1"},
				"west": {"uv": [16, 8, 10, 9.25], "rotation": 270, "texture": "#1"},
				"up": {"uv": [15, 6, 16, 7], "texture": "#1"},
				"down": {"uv": [13.5, 6, 14.5, 7], "rotation": 180, "texture": "#1"}
			}
		},
		{
			"name": "Arrow",
			"from": [7, -12, 19],
			"to": [7, -2, 21],
			"rotation": {"angle": 22.5, "axis": "x", "origin": [8, -2, 8]},
			"faces": {
				"north": {"uv": [13.5, 7, 16, 8], "rotation": 270, "texture": "#1"},
				"east": {"uv": [10, 8, 16, 9.25], "rotation": 90, "texture": "#1"},
				"south": {"uv": [13.5, 7, 16, 8], "rotation": 270, "texture": "#1"},
				"west": {"uv": [16, 8, 10, 9.25], "rotation": 270, "texture": "#1"},
				"up": {"uv": [15, 6, 16, 7], "texture": "#1"},
				"down": {"uv": [13.5, 6, 14.5, 7], "rotation": 180, "texture": "#1"}
			}
		},
		{
			"from": [4, -14, 15],
			"to": [8, -8, 15],
			"rotation": {"angle": -45, "axis": "y", "origin": [9, -12, 8]},
			"faces": {
				"north": {"uv": [12.25, 11.75, 14.75, 15.75], "texture": "#1"},
				"east": {"uv": [0, 0, 0, 5.25], "texture": "#1"},
				"south": {"uv": [11.5, 10.75, 16, 16], "texture": "#1"},
				"west": {"uv": [0, 0, 0, 5.25], "texture": "#1"},
				"up": {"uv": [0, 0, 0, 4.5], "rotation": 270, "texture": "#1"},
				"down": {"uv": [0, 0, 0, 4.5], "rotation": 90, "texture": "#1"}
			}
		},
		{
			"from": [5, 1, 7],
			"to": [5, 7, 11],
			"rotation": {"angle": 22.5, "axis": "z", "origin": [9, -12, 8]},
			"faces": {
				"north": {"uv": [0, 0, 0, 5.25], "texture": "#1"},
				"east": {"uv": [12.25, 11.75, 14.75, 15.75], "texture": "#1"},
				"south": {"uv": [0, 0, 0, 5.25], "texture": "#1"},
				"west": {"uv": [11.5, 10.75, 16, 16], "texture": "#1"},
				"up": {"uv": [0, 0, 0, 4.5], "texture": "#1"},
				"down": {"uv": [0, 0, 0, 4.5], "texture": "#1"}
			}
		},
		{
			"from": [11, -9, 15],
			"to": [15, -3, 15],
			"rotation": {"angle": 45, "axis": "x", "origin": [9, -12, 8]},
			"faces": {
				"north": {"uv": [12.25, 11.75, 14.75, 15.75], "texture": "#1"},
				"east": {"uv": [0, 0, 0, 5.25], "texture": "#1"},
				"south": {"uv": [11.5, 10.75, 16, 16], "texture": "#1"},
				"west": {"uv": [0, 0, 0, 5.25], "texture": "#1"},
				"up": {"uv": [0, 0, 0, 4.5], "rotation": 270, "texture": "#1"},
				"down": {"uv": [0, 0, 0, 4.5], "rotation": 90, "texture": "#1"}
			}
		},
		{
			"from": [3, 7, 9],
			"to": [7, 13, 9],
			"rotation": {"angle": 22.5, "axis": "x", "origin": [9, -12, 8]},
			"faces": {
				"north": {"uv": [12.25, 11.75, 14.75, 15.75], "texture": "#1"},
				"east": {"uv": [0, 0, 0, 5.25], "texture": "#1"},
				"south": {"uv": [11.5, 10.75, 16, 16], "texture": "#1"},
				"west": {"uv": [0, 0, 0, 5.25], "texture": "#1"},
				"up": {"uv": [0, 0, 0, 4.5], "rotation": 270, "texture": "#1"},
				"down": {"uv": [0, 0, 0, 4.5], "rotation": 90, "texture": "#1"}
			}
		},
		{
			"from": [11, 1, 12],
			"to": [11, 7, 16],
			"rotation": {"angle": -22.5, "axis": "z", "origin": [9, -12, 8]},
			"faces": {
				"north": {"uv": [0, 0, 0, 5.25], "texture": "#1"},
				"east": {"uv": [12.25, 11.75, 14.75, 15.75], "texture": "#1"},
				"south": {"uv": [0, 0, 0, 5.25], "texture": "#1"},
				"west": {"uv": [11.5, 10.75, 16, 16], "texture": "#1"},
				"up": {"uv": [0, 0, 0, 4.5], "texture": "#1"},
				"down": {"uv": [0, 0, 0, 4.5], "texture": "#1"}
			}
		},
		{
			"from": [8, -13.9, 3],
			"to": [12, -13.9, 9],
			"rotation": {"angle": 22.5, "axis": "y", "origin": [0, 0, 0]},
			"faces": {
				"north": {"uv": [0, 0, 1.25, 0], "texture": "#1"},
				"east": {"uv": [0, 0, 1, 0], "texture": "#1"},
				"south": {"uv": [0, 0, 1.25, 0], "texture": "#1"},
				"west": {"uv": [0, 0, 1, 0], "texture": "#1"},
				"up": {"uv": [12.25, 11.5, 14.75, 15.75], "texture": "#1"},
				"down": {"uv": [12.25, 11.75, 14.75, 15.75], "texture": "#1"}
			}
		}
	],
	"display": {
		"thirdperson_righthand": {
			"rotation": [60, 0, 0],
			"translation": [0, 1.5, 2],
			"scale": [0.2, 0.2, 0.2]
		},
		"thirdperson_lefthand": {
			"rotation": [60, 0, 0],
			"translation": [0, 1.5, 2],
			"scale": [0.2, 0.2, 0.2]
		},
		"firstperson_righthand": {
			"rotation": [0, 135, 0],
			"translation": [0, 6.5, 0],
			"scale": [0.2, 0.2, 0.2]
		},
		"firstperson_lefthand": {
			"rotation": [0, 135, 0],
			"translation": [0, 6.5, 0],
			"scale": [0.2, 0.2, 0.2]
		},
		"ground": {
			"translation": [0, 20, 0]
		},
		"gui": {
			"rotation": [30, 135, 0],
			"translation": [0, 11.5, 0]
		},
		"head": {
			"translation": [0, -7.5, 0],
			"scale": [1.5, 1.5, 1.5]
		},
		"fixed": {
			"translation": [0, 4, -1.5],
			"scale": [0.5, 0.5, 0.5]
		}
	},
	"groups": [
		{
			"name": "plate",
			"origin": [0, 0, 0],
			"color": 0,
			"children": [0, 1]
		},
		{
			"name": "Arrow",
			"origin": [8, -2, 8],
			"color": 0,
			"children": [2, 3]
		},
		{
			"name": "Arrow",
			"origin": [8, -2, 8],
			"color": 0,
			"children": [4, 5]
		},
		{
			"name": "Arrow",
			"origin": [8, -2, 8],
			"color": 0,
			"children": [6, 7]
		},
		{
			"name": "Effect",
			"origin": [8, 8, 8],
			"color": 0,
			"children": [8, 9, 10, 11, 12, 13]
		}
	]
}