{
	"credit": "Made with Blockbench",
	"texture_size": [64, 64],
	"textures": {
		"1": "item/archer/archer2"
	},
	"elements": [
		{
			"name": "LLeg",
			"from": [4, -15, 7],
			"to": [8, -3, 11],
			"rotation": {"angle": 22.5, "axis": "y", "origin": [6, -3, 8]},
			"faces": {
				"north": {"uv": [1, 5, 2, 8], "texture": "#1"},
				"east": {"uv": [0, 5, 1, 8], "texture": "#1"},
				"south": {"uv": [3, 5, 4, 8], "texture": "#1"},
				"west": {"uv": [2, 5, 3, 8], "texture": "#1"},
				"up": {"uv": [1, 4, 2, 5], "texture": "#1"},
				"down": {"uv": [2, 4, 3, 5], "texture": "#1"}
			}
		},
		{
			"name": "LLeg",
			"from": [3.5, -10, 6.5],
			"to": [8.5, -9, 11.5],
			"rotation": {"angle": 22.5, "axis": "y", "origin": [6, -3, 8]},
			"faces": {
				"north": {"uv": [1, 6.5, 2, 6.75], "texture": "#1"},
				"east": {"uv": [0, 6.5, 1, 6.75], "texture": "#1"},
				"south": {"uv": [3, 6.5, 4, 6.75], "texture": "#1"},
				"west": {"uv": [2, 6.5, 3, 6.75], "texture": "#1"},
				"up": {"uv": [1, 6.5, 2, 6.75], "texture": "#1"},
				"down": {"uv": [2, 6.5, 3, 6.75], "texture": "#1"}
			}
		},
		{
			"name": "RLeg",
			"from": [8, -15, 5],
			"to": [12, -3, 9],
			"rotation": {"angle": -22.5, "axis": "y", "origin": [10, -3, 8]},
			"faces": {
				"north": {"uv": [5, 13, 6, 16], "texture": "#1"},
				"east": {"uv": [4, 13, 5, 16], "texture": "#1"},
				"south": {"uv": [7, 13, 8, 16], "texture": "#1"},
				"west": {"uv": [6, 13, 7, 16], "texture": "#1"},
				"up": {"uv": [5, 12, 6, 13], "texture": "#1"},
				"down": {"uv": [6, 12, 7, 13], "texture": "#1"}
			}
		},
		{
			"name": "RLeg",
			"from": [7.5, -10, 4.5],
			"to": [12.5, -9, 9.5],
			"rotation": {"angle": -22.5, "axis": "y", "origin": [10, -3, 8]},
			"faces": {
				"north": {"uv": [5, 14.5, 6, 14.75], "texture": "#1"},
				"east": {"uv": [4, 14.5, 5, 14.75], "texture": "#1"},
				"south": {"uv": [7, 14.5, 8, 14.75], "texture": "#1"},
				"west": {"uv": [6, 14.5, 7, 14.75], "texture": "#1"},
				"up": {"uv": [5, 14.5, 6, 14.75], "texture": "#1"},
				"down": {"uv": [6, 14.5, 7, 14.75], "texture": "#1"}
			}
		}
	],
	"display": {
		"thirdperson_righthand": {
			"rotation": [60, 0, 0],
			"translation": [0, 1.5, 2],
			"scale": [0.2, 0.2, 0.2]
		},
		"thirdperson_lefthand": {
			"rotation": [60, 0, 0],
			"translation": [0, 1.5, 2],
			"scale": [0.2, 0.2, 0.2]
		},
		"firstperson_righthand": {
			"rotation": [0, 135, 0],
			"translation": [0, 6.5, 0],
			"scale": [0.2, 0.2, 0.2]
		},
		"firstperson_lefthand": {
			"rotation": [0, 135, 0],
			"translation": [0, 6.5, 0],
			"scale": [0.2, 0.2, 0.2]
		},
		"ground": {
			"translation": [0, 20, 0]
		},
		"gui": {
			"rotation": [30, 135, 0],
			"translation": [0, 11.5, 0]
		},
		"head": {
			"translation": [0, 11.5, 0],
			"scale": [1.5, 1.5, 1.5]
		},
		"fixed": {
			"translation": [0, 4, -1.5],
			"scale": [0.5, 0.5, 0.5]
		}
	},
	"groups": [
		{
			"name": "Character",
			"origin": [0, 0, 0],
			"color": 0,
			"children": [
				{
					"name": "LL",
					"origin": [6, -2, 8],
					"color": 0,
					"children": [0, 1]
				},
				{
					"name": "RL",
					"origin": [10, -2, 8],
					"color": 0,
					"children": [2, 3]
				}
			]
		}
	]
}