{
	"credit": "Made with Blockbench",
	"texture_size": [64, 64],
	"textures": {
		"0": "item/enemy/dark_magician",
		"particle": "item/enemy/dark_magician"
	},
	"elements": [
		{
			"from": [-2, -7, -12],
			"to": [6, 1, -4],
			"rotation": {"angle": 0, "axis": "x", "origin": [8, 8, 8]},
			"faces": {
				"north": {"uv": [0, 2, 2, 4.75], "rotation": 180, "texture": "#0"},
				"east": {"uv": [0, 2, 2, 4.75], "rotation": 180, "texture": "#0"},
				"south": {"uv": [0, 2, 2, 4.75], "rotation": 180, "texture": "#0"},
				"west": {"uv": [0, 2, 2, 4.75], "rotation": 180, "texture": "#0"},
				"up": {"uv": [0, 0, 2, 2], "texture": "#0"},
				"down": {"uv": [0, 0, 2, 2], "texture": "#0"}
			}
		},
		{
			"from": [-4, 1, -14],
			"to": [8, 2, -2],
			"rotation": {"angle": 0, "axis": "x", "origin": [8, 8, 8]},
			"faces": {
				"north": {"uv": [2, 0, 4.5, 0.25], "rotation": 180, "texture": "#0"},
				"east": {"uv": [2, 0, 4.5, 0.25], "rotation": 180, "texture": "#0"},
				"south": {"uv": [2, 0, 4.5, 0.25], "rotation": 180, "texture": "#0"},
				"west": {"uv": [2, 0, 4.5, 0.25], "rotation": 180, "texture": "#0"},
				"up": {"uv": [2, 0, 4.5, 2.5], "texture": "#0"},
				"down": {"uv": [2, 0, 4.5, 2.5], "texture": "#0"}
			}
		},
		{
			"from": [0, 0, -4],
			"to": [4, 4, 0],
			"rotation": {"angle": 0, "axis": "y", "origin": [8, 8, 8]},
			"faces": {
				"north": {"uv": [1, 11.75, 2, 12.75], "texture": "#0"},
				"east": {"uv": [0, 11.75, 1, 12.75], "texture": "#0"},
				"south": {"uv": [3, 11.75, 4, 12.75], "texture": "#0"},
				"west": {"uv": [2, 11.75, 3, 12.75], "texture": "#0"},
				"up": {"uv": [1, 10.75, 2, 11.75], "texture": "#0"},
				"down": {"uv": [2, 10.75, 3, 11.75], "texture": "#0"}
			}
		},
		{
			"from": [-1, -1, 0],
			"to": [5, 5, 1],
			"faces": {
				"north": {"uv": [3, 10.25, 4.5, 11.75], "texture": "#0"},
				"east": {"uv": [3, 10.25, 3.25, 11.75], "texture": "#0"},
				"south": {"uv": [3, 10.25, 4.5, 11.75], "texture": "#0"},
				"west": {"uv": [3, 10.25, 3.25, 11.75], "texture": "#0"},
				"up": {"uv": [3, 10.25, 4.5, 10.5], "texture": "#0"},
				"down": {"uv": [3, 10.25, 4.5, 10.5], "texture": "#0"}
			}
		}
	],
	"display": {
		"head": {
			"translation": [20, 11, 0],
			"scale": [3, 3, 3]
		}
	},
	"groups": [
		{
			"name": "H",
			"origin": [0, 0, 0],
			"color": 0,
			"children": [0, 1]
		},
		{
			"name": "LH",
			"origin": [8, 8, 8],
			"color": 0,
			"children": [2, 3]
		}
	]
}