{
	"credit": "Made with Blockbench",
	"texture_size": [64, 64],
	"textures": {
		"0": "item/enemy/dark_magician",
		"particle": "item/enemy/dark_magician"
	},
	"elements": [
		{
			"from": [12, 0, -4],
			"to": [16, 4, 0],
			"rotation": {"angle": 0, "axis": "y", "origin": [8, 8, 8]},
			"faces": {
				"north": {"uv": [1, 11.75, 2, 12.75], "texture": "#0"},
				"east": {"uv": [0, 11.75, 1, 12.75], "texture": "#0"},
				"south": {"uv": [3, 11.75, 4, 12.75], "texture": "#0"},
				"west": {"uv": [2, 11.75, 3, 12.75], "texture": "#0"},
				"up": {"uv": [1, 10.75, 2, 11.75], "texture": "#0"},
				"down": {"uv": [2, 10.75, 3, 11.75], "texture": "#0"}
			}
		},
		{
			"from": [11, -1, 0],
			"to": [17, 5, 1],
			"faces": {
				"north": {"uv": [3, 10.25, 4.5, 11.75], "texture": "#0"},
				"east": {"uv": [3, 10.25, 3.25, 11.75], "texture": "#0"},
				"south": {"uv": [3, 10.25, 4.5, 11.75], "texture": "#0"},
				"west": {"uv": [3, 10.25, 3.25, 11.75], "texture": "#0"},
				"up": {"uv": [3, 10.25, 4.5, 10.5], "texture": "#0"},
				"down": {"uv": [3, 10.25, 4.5, 10.5], "texture": "#0"}
			}
		}
	],
	"display": {
		"head": {
			"rotation": [0, 0, 45],
			"translation": [-25, -8.5, -5.75],
			"scale": [3, 3, 3]
		}
	},
	"groups": [
		{
			"name": "RH",
			"origin": [8, 8, 8],
			"color": 0,
			"children": [0, 1]
		}
	]
}