{
	"credit": "Made with Blockbench",
	"texture_size": [64, 64],
	"textures": {
		"0": "item/enemy/dark_magician",
		"particle": "item/enemy/dark_magician"
	},
	"elements": [
		{
			"from": [2, -16, 14],
			"to": [14, 8, 15],
			"rotation": {"angle": -22.5, "axis": "x", "origin": [8, 8, 8]},
			"faces": {
				"north": {"uv": [0, 4.75, 3, 10.75], "texture": "#0"},
				"east": {"uv": [0, 4.75, 0.25, 10.75], "texture": "#0"},
				"south": {"uv": [0, 4.75, 3, 10.75], "texture": "#0"},
				"west": {"uv": [0, 4.75, 0.25, 10.75], "texture": "#0"},
				"up": {"uv": [0, 4.75, 3, 5], "texture": "#0"},
				"down": {"uv": [0, 4.75, 3, 5], "texture": "#0"}
			}
		},
		{
			"from": [14, -16, 2],
			"to": [15, 8, 14],
			"rotation": {"angle": 22.5, "axis": "z", "origin": [8, 8, 8]},
			"faces": {
				"north": {"uv": [0, 4.75, 0.25, 10.75], "texture": "#0"},
				"east": {"uv": [0, 4.75, 3, 10.75], "texture": "#0"},
				"south": {"uv": [0, 4.75, 0.25, 10.75], "texture": "#0"},
				"west": {"uv": [0, 4.75, 3, 10.75], "texture": "#0"},
				"up": {"uv": [0, 4.75, 3, 5], "rotation": 270, "texture": "#0"},
				"down": {"uv": [0, 4.75, 3, 5], "rotation": 90, "texture": "#0"}
			}
		},
		{
			"from": [1, -16, 2],
			"to": [2, 8, 14],
			"rotation": {"angle": -22.5, "axis": "z", "origin": [8, 8, 8]},
			"faces": {
				"north": {"uv": [0, 4.75, 0.25, 10.75], "texture": "#0"},
				"east": {"uv": [0, 4.75, 3, 10.75], "texture": "#0"},
				"south": {"uv": [0, 4.75, 0.25, 10.75], "texture": "#0"},
				"west": {"uv": [0, 4.75, 3, 10.75], "texture": "#0"},
				"up": {"uv": [0, 4.75, 3, 5], "rotation": 90, "texture": "#0"},
				"down": {"uv": [0, 4.75, 3, 5], "rotation": 270, "texture": "#0"}
			}
		},
		{
			"from": [3, 13, 2],
			"to": [4, 17, 14],
			"rotation": {"angle": 22.5, "axis": "z", "origin": [8, 8, 8]},
			"faces": {
				"north": {"uv": [3, 4.75, 3.25, 5.75], "texture": "#0"},
				"east": {"uv": [3, 4.75, 6, 5.75], "texture": "#0"},
				"south": {"uv": [3, 4.75, 3.25, 5.75], "texture": "#0"},
				"west": {"uv": [3, 4.75, 6, 5.75], "texture": "#0"},
				"up": {"uv": [3, 4.75, 6, 5], "rotation": 90, "texture": "#0"},
				"down": {"uv": [3, 4.75, 6, 5], "rotation": 270, "texture": "#0"}
			}
		},
		{
			"from": [2, 13, 12],
			"to": [14, 17, 13],
			"rotation": {"angle": 22.5, "axis": "x", "origin": [8, 8, 8]},
			"faces": {
				"north": {"uv": [3, 4.75, 6, 5.75], "texture": "#0"},
				"east": {"uv": [3, 4.75, 3.25, 5.75], "texture": "#0"},
				"south": {"uv": [3, 4.75, 6, 5.75], "texture": "#0"},
				"west": {"uv": [3, 4.75, 3.25, 5.75], "texture": "#0"},
				"up": {"uv": [3, 4.75, 6, 5], "texture": "#0"},
				"down": {"uv": [3, 4.75, 6, 5], "texture": "#0"}
			}
		},
		{
			"from": [12, 13, 2],
			"to": [13, 17, 14],
			"rotation": {"angle": -22.5, "axis": "z", "origin": [8, 8, 8]},
			"faces": {
				"north": {"uv": [3, 4.75, 3.25, 5.75], "texture": "#0"},
				"east": {"uv": [3, 4.75, 6, 5.75], "texture": "#0"},
				"south": {"uv": [3, 4.75, 3.25, 5.75], "texture": "#0"},
				"west": {"uv": [3, 4.75, 6, 5.75], "texture": "#0"},
				"up": {"uv": [3, 4.75, 6, 5], "rotation": 270, "texture": "#0"},
				"down": {"uv": [3, 4.75, 6, 5], "rotation": 90, "texture": "#0"}
			}
		}
	],
	"display": {
		"head": {
			"translation": [0, 16, 0],
			"scale": [3, 3, 3]
		}
	},
	"groups": [
		{
			"name": "B",
			"origin": [8, 8, 8],
			"color": 0,
			"children": [0, 1, 2, 3, 4, 5]
		}
	]
}