{
	"credit": "Made with Blockbench",
	"texture_size": [64, 64],
	"textures": {
		"0": "item/enemy/dark_magician",
		"particle": "item/enemy/dark_magician"
	},
	"elements": [
		{
			"from": [4, 8, 4],
			"to": [12, 16, 12],
			"faces": {
				"north": {"uv": [4.5, 0, 6.5, 2], "texture": "#0"},
				"east": {"uv": [6.5, 0, 8.5, 2], "texture": "#0"},
				"south": {"uv": [6.5, 0, 8.5, 2], "texture": "#0"},
				"west": {"uv": [6.5, 0, 8.5, 2], "texture": "#0"},
				"up": {"uv": [6.5, 0, 8.5, 2], "texture": "#0"},
				"down": {"uv": [6.5, 0, 8.5, 2], "texture": "#0"}
			}
		}
	],
	"display": {
		"head": {
			"translation": [0, -6, 0],
			"scale": [3, 3, 3]
		}
	},
	"groups": [
		{
			"name": "H",
			"origin": [0, 0, 0],
			"color": 0,
			"children": [0]
		}
	]
}