{
	"credit": "Made with Blockbench",
	"texture_size": [64, 64],
	"textures": {
		"0": "item/enemy/ancient_skeleton_king"
	},
	"elements": [
		{
			"from": [-6, 2, 8],
			"to": [-2, 12, 12],
			"rotation": {"angle": -22.5, "axis": "z", "origin": [8, 0, 10]},
			"faces": {
				"north": {"uv": [1, 5, 2, 7.5], "texture": "#0"},
				"east": {"uv": [0, 5, 1, 7.5], "texture": "#0"},
				"south": {"uv": [3, 5, 4, 7.5], "texture": "#0"},
				"west": {"uv": [2, 5, 3, 7.5], "texture": "#0"},
				"up": {"uv": [1, 4, 2, 5], "texture": "#0"},
				"down": {"uv": [2, 4, 3, 5], "texture": "#0"}
			}
		},
		{
			"from": [-1, 0, 7.9],
			"to": [3, 10, 11.9],
			"rotation": {"angle": 22.5, "axis": "z", "origin": [8, 0, 10]},
			"faces": {
				"north": {"uv": [5, 5, 6, 7.5], "texture": "#0"},
				"east": {"uv": [4, 5, 5, 7.5], "texture": "#0"},
				"south": {"uv": [7, 5, 8, 7.5], "texture": "#0"},
				"west": {"uv": [6, 5, 7, 7.5], "texture": "#0"},
				"up": {"uv": [5, 4, 6, 5], "texture": "#0"},
				"down": {"uv": [6, 4, 7, 5], "texture": "#0"}
			}
		},
		{
			"from": [-7, 10, 7],
			"to": [-1, 12, 13],
			"rotation": {"angle": -22.5, "axis": "z", "origin": [8, 0, 10]},
			"faces": {
				"north": {"uv": [12.75, 0, 14, 0.5], "texture": "#0"},
				"east": {"uv": [12.75, 0, 14, 0.5], "texture": "#0"},
				"south": {"uv": [12.75, 0, 14, 0.5], "texture": "#0"},
				"west": {"uv": [12.75, 0, 14, 0.5], "texture": "#0"},
				"up": {"uv": [12.75, 0, 14, 1.25], "rotation": 180, "texture": "#0"},
				"down": {"uv": [12.75, 0, 14, 1.25], "rotation": 180, "texture": "#0"}
			}
		},
		{
			"from": [-1.5, 1, 7.4],
			"to": [3.5, 3, 12.4],
			"rotation": {"angle": 22.5, "axis": "z", "origin": [8, 0, 10]},
			"faces": {
				"north": {"uv": [12.75, 0, 14, 0.5], "texture": "#0"},
				"east": {"uv": [12.75, 0, 14, 0.5], "texture": "#0"},
				"south": {"uv": [12.75, 0, 14, 0.5], "texture": "#0"},
				"west": {"uv": [12.75, 0, 14, 0.5], "texture": "#0"},
				"up": {"uv": [12.75, 0, 14, 1.25], "rotation": 180, "texture": "#0"},
				"down": {"uv": [12.75, 0, 14, 1.25], "rotation": 180, "texture": "#0"}
			}
		},
		{
			"from": [-1.3, 2, 8.4],
			"to": [-0.3, 10, 11.4],
			"rotation": {"angle": 22.5, "axis": "z", "origin": [8, 0, 10]},
			"faces": {
				"north": {"uv": [12.75, 0, 14, 0.5], "texture": "#0"},
				"east": {"uv": [12.75, 0, 14, 0.5], "texture": "#0"},
				"south": {"uv": [12.75, 0, 14, 0.5], "texture": "#0"},
				"west": {"uv": [12.75, 0, 14, 0.5], "texture": "#0"},
				"up": {"uv": [12.75, 0, 14, 1.25], "rotation": 180, "texture": "#0"},
				"down": {"uv": [12.75, 0, 14, 1.25], "rotation": 180, "texture": "#0"}
			}
		},
		{
			"from": [-1.3, 10, 8.9],
			"to": [-0.3, 11.5, 10.9],
			"rotation": {"angle": 22.5, "axis": "z", "origin": [8, 0, 10]},
			"faces": {
				"north": {"uv": [12.75, 0, 14, 0.5], "texture": "#0"},
				"east": {"uv": [12.75, 0, 14, 0.5], "texture": "#0"},
				"south": {"uv": [12.75, 0, 14, 0.5], "texture": "#0"},
				"west": {"uv": [12.75, 0, 14, 0.5], "texture": "#0"},
				"up": {"uv": [12.75, 0, 14, 1.25], "rotation": 180, "texture": "#0"},
				"down": {"uv": [12.75, 0, 14, 1.25], "rotation": 180, "texture": "#0"}
			}
		},
		{
			"from": [-6.5, 12.5, 7.5],
			"to": [-1.5, 13.5, 12.5],
			"rotation": {"angle": -22.5, "axis": "z", "origin": [8, 0, 10]},
			"faces": {
				"north": {"uv": [12.75, 0, 14, 0.25], "texture": "#0"},
				"east": {"uv": [12.75, 0, 14, 0.25], "texture": "#0"},
				"south": {"uv": [12.75, 0, 14, 0.25], "texture": "#0"},
				"west": {"uv": [12.75, 0, 14, 0.25], "texture": "#0"},
				"up": {"uv": [12.75, 0, 14, 1.25], "rotation": 180, "texture": "#0"},
				"down": {"uv": [12.75, 0, 14, 1.25], "rotation": 180, "texture": "#0"}
			}
		},
		{
			"from": [-6.5, 8.5, 7.5],
			"to": [-1.5, 9.5, 12.5],
			"rotation": {"angle": -22.5, "axis": "z", "origin": [8, 0, 10]},
			"faces": {
				"north": {"uv": [12.75, 0, 14, 0.25], "texture": "#0"},
				"east": {"uv": [12.75, 0, 14, 0.25], "texture": "#0"},
				"south": {"uv": [12.75, 0, 14, 0.25], "texture": "#0"},
				"west": {"uv": [12.75, 0, 14, 0.25], "texture": "#0"},
				"up": {"uv": [12.75, 0, 14, 1.25], "rotation": 180, "texture": "#0"},
				"down": {"uv": [12.75, 0, 14, 1.25], "rotation": 180, "texture": "#0"}
			}
		},
		{
			"from": [-7, 12, 9.5],
			"to": [-6, 17, 10.5],
			"rotation": {"angle": -22.5, "axis": "z", "origin": [8, 0, 10]},
			"faces": {
				"north": {"uv": [12.75, 0, 13, 1.25], "texture": "#0"},
				"east": {"uv": [12.75, 0, 13, 1.25], "texture": "#0"},
				"south": {"uv": [12.75, 0, 13, 1.25], "texture": "#0"},
				"west": {"uv": [12.75, 0, 13, 1.25], "texture": "#0"},
				"up": {"uv": [12.75, 0, 13, 0.25], "rotation": 180, "texture": "#0"},
				"down": {"uv": [12.75, 0, 13, 0.25], "rotation": 180, "texture": "#0"}
			}
		},
		{
			"from": [-6.7, 12, 8.1],
			"to": [-5.7, 16, 9.1],
			"rotation": {"angle": -22.5, "axis": "z", "origin": [8, 0, 10]},
			"faces": {
				"north": {"uv": [12.75, 0, 13, 1.25], "texture": "#0"},
				"east": {"uv": [12.75, 0, 13, 1.25], "texture": "#0"},
				"south": {"uv": [12.75, 0, 13, 1.25], "texture": "#0"},
				"west": {"uv": [12.75, 0, 13, 1.25], "texture": "#0"},
				"up": {"uv": [12.75, 0, 13, 0.25], "rotation": 180, "texture": "#0"},
				"down": {"uv": [12.75, 0, 13, 0.25], "rotation": 180, "texture": "#0"}
			}
		},
		{
			"from": [-6.7, 12, 10.8],
			"to": [-5.7, 16, 11.8],
			"rotation": {"angle": -22.5, "axis": "z", "origin": [8, 0, 10]},
			"faces": {
				"north": {"uv": [12.75, 0, 13, 1.25], "texture": "#0"},
				"east": {"uv": [12.75, 0, 13, 1.25], "texture": "#0"},
				"south": {"uv": [12.75, 0, 13, 1.25], "texture": "#0"},
				"west": {"uv": [12.75, 0, 13, 1.25], "texture": "#0"},
				"up": {"uv": [12.75, 0, 13, 0.25], "rotation": 180, "texture": "#0"},
				"down": {"uv": [12.75, 0, 13, 0.25], "rotation": 180, "texture": "#0"}
			}
		},
		{
			"from": [-1.5, 4.5, 7.4],
			"to": [3.5, 5.5, 12.4],
			"rotation": {"angle": 22.5, "axis": "z", "origin": [8, 0, 10]},
			"faces": {
				"north": {"uv": [12.75, 0, 14, 0.25], "texture": "#0"},
				"east": {"uv": [12.75, 0, 14, 0.25], "texture": "#0"},
				"south": {"uv": [12.75, 0, 14, 0.25], "texture": "#0"},
				"west": {"uv": [12.75, 0, 14, 0.25], "texture": "#0"},
				"up": {"uv": [12.75, 0, 14, 1.25], "rotation": 180, "texture": "#0"},
				"down": {"uv": [12.75, 0, 14, 1.25], "rotation": 180, "texture": "#0"}
			}
		},
		{
			"from": [-6, 12, 8],
			"to": [-2, 14, 12],
			"rotation": {"angle": -22.5, "axis": "z", "origin": [8, 0, 10]},
			"faces": {
				"north": {"uv": [14.5, 0.75, 15.75, 1.25], "texture": "#0"},
				"east": {"uv": [14.5, 0.75, 15.75, 1.25], "texture": "#0"},
				"south": {"uv": [14.5, 0.75, 15.75, 1.25], "texture": "#0"},
				"west": {"uv": [14.5, 0.75, 15.75, 1.25], "texture": "#0"},
				"up": {"uv": [14.5, 0.75, 15.75, 2], "rotation": 180, "texture": "#0"},
				"down": {"uv": [14.5, 0.75, 15.75, 2], "rotation": 180, "texture": "#0"}
			}
		},
		{
			"from": [-2, 2, 8.9],
			"to": [-1, 10, 10.9],
			"rotation": {"angle": 22.5, "axis": "z", "origin": [8, 0, 10]},
			"faces": {
				"north": {"uv": [15.5, 0, 15.75, 2], "texture": "#0"},
				"east": {"uv": [15.5, 0, 16, 2], "texture": "#0"},
				"south": {"uv": [15.5, 0, 15.75, 2], "texture": "#0"},
				"west": {"uv": [15.5, 0, 16, 2], "texture": "#0"},
				"up": {"uv": [15.5, 0, 15.75, 0.5], "rotation": 180, "texture": "#0"},
				"down": {"uv": [15.5, 0, 15.75, 0.5], "rotation": 180, "texture": "#0"}
			}
		},
		{
			"from": [-2, 10, 9.4],
			"to": [-1, 11, 10.4],
			"rotation": {"angle": 22.5, "axis": "z", "origin": [8, 0, 10]},
			"faces": {
				"north": {"uv": [14, 0.25, 14.25, 0.5], "texture": "#0"},
				"east": {"uv": [14, 0.25, 14.25, 0.5], "texture": "#0"},
				"south": {"uv": [14, 0.25, 14.25, 0.5], "texture": "#0"},
				"west": {"uv": [14, 0.25, 14.25, 0.5], "texture": "#0"},
				"up": {"uv": [14, 0.25, 14.25, 0.5], "rotation": 180, "texture": "#0"},
				"down": {"uv": [14, 0.25, 14.25, 0.5], "rotation": 180, "texture": "#0"}
			}
		}
	],
	"display": {
		"head": {
			"translation": [-8.75, -19, -5.25],
			"scale": [2.5, 2.5, 2.5]
		}
	},
	"groups": [
		{
			"name": "LA",
			"origin": [8, 0, 10],
			"color": 0,
			"children": [0, 1, 2, 3, 4, 5, 6, 7, 8, 9, 10, 11, 12, 13, 14]
		}
	]
}