{
	"credit": "Made with Blockbench",
	"texture_size": [64, 64],
	"textures": {
		"0": "item/enemy/ancient_skeleton_king"
	},
	"elements": [
		{
			"from": [-1, 12, 14],
			"to": [3, 16, 24],
			"rotation": {"angle": -22.5, "axis": "x", "origin": [8, 0, 10]},
			"faces": {
				"north": {"uv": [2, 4, 3, 5], "rotation": 180, "texture": "#0"},
				"east": {"uv": [0, 5, 1, 7.5], "rotation": 270, "texture": "#0"},
				"south": {"uv": [1, 4, 2, 5], "texture": "#0"},
				"west": {"uv": [2, 5, 3, 7.5], "rotation": 90, "texture": "#0"},
				"up": {"uv": [1, 5, 2, 7.5], "rotation": 180, "texture": "#0"},
				"down": {"uv": [3, 5, 4, 7.5], "texture": "#0"}
			}
		},
		{
			"from": [-1.1, 10, -8],
			"to": [2.9, 14, 2],
			"rotation": {"angle": 22.5, "axis": "x", "origin": [8, 0, 10]},
			"faces": {
				"north": {"uv": [6, 4, 7, 5], "rotation": 270, "texture": "#0"},
				"east": {"uv": [7, 5, 8, 7.5], "rotation": 270, "texture": "#0"},
				"south": {"uv": [5, 4, 6, 5], "rotation": 270, "texture": "#0"},
				"west": {"uv": [5, 5, 6, 7.5], "rotation": 90, "texture": "#0"},
				"up": {"uv": [4, 5, 5, 7.5], "rotation": 180, "texture": "#0"},
				"down": {"uv": [6, 5, 7, 7.5], "texture": "#0"}
			}
		},
		{
			"from": [-2, 11, 22],
			"to": [4, 17, 24],
			"rotation": {"angle": -22.5, "axis": "x", "origin": [8, 0, 10]},
			"faces": {
				"north": {"uv": [12.75, 0, 14, 1.25], "texture": "#0"},
				"east": {"uv": [12.75, 0, 14, 0.5], "rotation": 270, "texture": "#0"},
				"south": {"uv": [12.75, 0, 14, 1.25], "rotation": 180, "texture": "#0"},
				"west": {"uv": [12.75, 0, 14, 0.5], "rotation": 90, "texture": "#0"},
				"up": {"uv": [12.75, 0, 14, 0.5], "rotation": 180, "texture": "#0"},
				"down": {"uv": [12.75, 0, 14, 0.5], "texture": "#0"}
			}
		},
		{
			"from": [-1.6, 9.5, -7],
			"to": [3.4, 14.5, -5],
			"rotation": {"angle": 22.5, "axis": "x", "origin": [8, 0, 10]},
			"faces": {
				"north": {"uv": [12.75, 0, 14, 1.25], "rotation": 90, "texture": "#0"},
				"east": {"uv": [12.75, 0, 14, 0.5], "rotation": 270, "texture": "#0"},
				"south": {"uv": [12.75, 0, 14, 1.25], "rotation": 90, "texture": "#0"},
				"west": {"uv": [12.75, 0, 14, 0.5], "rotation": 90, "texture": "#0"},
				"up": {"uv": [12.75, 0, 14, 0.5], "rotation": 180, "texture": "#0"},
				"down": {"uv": [12.75, 0, 14, 0.5], "texture": "#0"}
			}
		},
		{
			"from": [-0.6, 9.7, -6],
			"to": [2.4, 10.7, 2],
			"rotation": {"angle": 22.5, "axis": "x", "origin": [8, 0, 10]},
			"faces": {
				"north": {"uv": [12.75, 0, 14, 1.25], "rotation": 90, "texture": "#0"},
				"east": {"uv": [12.75, 0, 14, 0.5], "rotation": 270, "texture": "#0"},
				"south": {"uv": [12.75, 0, 14, 1.25], "rotation": 90, "texture": "#0"},
				"west": {"uv": [12.75, 0, 14, 0.5], "rotation": 90, "texture": "#0"},
				"up": {"uv": [12.75, 0, 14, 0.5], "rotation": 180, "texture": "#0"},
				"down": {"uv": [12.75, 0, 14, 0.5], "texture": "#0"}
			}
		},
		{
			"from": [-0.1, 9.7, 2],
			"to": [1.9, 10.7, 3.5],
			"rotation": {"angle": 22.5, "axis": "x", "origin": [8, 0, 10]},
			"faces": {
				"north": {"uv": [12.75, 0, 14, 1.25], "rotation": 90, "texture": "#0"},
				"east": {"uv": [12.75, 0, 14, 0.5], "rotation": 270, "texture": "#0"},
				"south": {"uv": [12.75, 0, 14, 1.25], "rotation": 90, "texture": "#0"},
				"west": {"uv": [12.75, 0, 14, 0.5], "rotation": 90, "texture": "#0"},
				"up": {"uv": [12.75, 0, 14, 0.5], "rotation": 180, "texture": "#0"},
				"down": {"uv": [12.75, 0, 14, 0.5], "texture": "#0"}
			}
		},
		{
			"from": [-1.5, 11.5, 24.5],
			"to": [3.5, 16.5, 25.5],
			"rotation": {"angle": -22.5, "axis": "x", "origin": [8, 0, 10]},
			"faces": {
				"north": {"uv": [12.75, 0, 14, 1.25], "texture": "#0"},
				"east": {"uv": [12.75, 0, 14, 0.25], "rotation": 270, "texture": "#0"},
				"south": {"uv": [12.75, 0, 14, 1.25], "rotation": 180, "texture": "#0"},
				"west": {"uv": [12.75, 0, 14, 0.25], "rotation": 90, "texture": "#0"},
				"up": {"uv": [12.75, 0, 14, 0.25], "rotation": 180, "texture": "#0"},
				"down": {"uv": [12.75, 0, 14, 0.25], "texture": "#0"}
			}
		},
		{
			"from": [-1.5, 11.5, 20.5],
			"to": [3.5, 16.5, 21.5],
			"rotation": {"angle": -22.5, "axis": "x", "origin": [8, 0, 10]},
			"faces": {
				"north": {"uv": [12.75, 0, 14, 1.25], "texture": "#0"},
				"east": {"uv": [12.75, 0, 14, 0.25], "rotation": 270, "texture": "#0"},
				"south": {"uv": [12.75, 0, 14, 1.25], "rotation": 180, "texture": "#0"},
				"west": {"uv": [12.75, 0, 14, 0.25], "rotation": 90, "texture": "#0"},
				"up": {"uv": [12.75, 0, 14, 0.25], "rotation": 180, "texture": "#0"},
				"down": {"uv": [12.75, 0, 14, 0.25], "texture": "#0"}
			}
		},
		{
			"from": [-2, 13.5, 24],
			"to": [-1, 14.5, 29],
			"rotation": {"angle": -22.5, "axis": "x", "origin": [8, 0, 10]},
			"faces": {
				"north": {"uv": [12.75, 0, 13, 0.25], "texture": "#0"},
				"east": {"uv": [12.75, 0, 13, 1.25], "rotation": 270, "texture": "#0"},
				"south": {"uv": [12.75, 0, 13, 0.25], "rotation": 180, "texture": "#0"},
				"west": {"uv": [12.75, 0, 13, 1.25], "rotation": 90, "texture": "#0"},
				"up": {"uv": [12.75, 0, 13, 1.25], "rotation": 180, "texture": "#0"},
				"down": {"uv": [12.75, 0, 13, 1.25], "texture": "#0"}
			}
		},
		{
			"from": [-1.7, 14.9, 24],
			"to": [-0.7, 15.9, 28],
			"rotation": {"angle": -22.5, "axis": "x", "origin": [8, 0, 10]},
			"faces": {
				"north": {"uv": [12.75, 0, 13, 0.25], "texture": "#0"},
				"east": {"uv": [12.75, 0, 13, 1.25], "rotation": 270, "texture": "#0"},
				"south": {"uv": [12.75, 0, 13, 0.25], "rotation": 180, "texture": "#0"},
				"west": {"uv": [12.75, 0, 13, 1.25], "rotation": 90, "texture": "#0"},
				"up": {"uv": [12.75, 0, 13, 1.25], "rotation": 180, "texture": "#0"},
				"down": {"uv": [12.75, 0, 13, 1.25], "texture": "#0"}
			}
		},
		{
			"from": [-1.7, 12.2, 24],
			"to": [-0.7, 13.2, 28],
			"rotation": {"angle": -22.5, "axis": "x", "origin": [8, 0, 10]},
			"faces": {
				"north": {"uv": [12.75, 0, 13, 0.25], "texture": "#0"},
				"east": {"uv": [12.75, 0, 13, 1.25], "rotation": 270, "texture": "#0"},
				"south": {"uv": [12.75, 0, 13, 0.25], "rotation": 180, "texture": "#0"},
				"west": {"uv": [12.75, 0, 13, 1.25], "rotation": 90, "texture": "#0"},
				"up": {"uv": [12.75, 0, 13, 1.25], "rotation": 180, "texture": "#0"},
				"down": {"uv": [12.75, 0, 13, 1.25], "texture": "#0"}
			}
		},
		{
			"from": [-1.6, 9.5, -3.5],
			"to": [3.4, 14.5, -2.5],
			"rotation": {"angle": 22.5, "axis": "x", "origin": [8, 0, 10]},
			"faces": {
				"north": {"uv": [12.75, 0, 14, 1.25], "rotation": 90, "texture": "#0"},
				"east": {"uv": [12.75, 0, 14, 0.25], "rotation": 270, "texture": "#0"},
				"south": {"uv": [12.75, 0, 14, 1.25], "rotation": 90, "texture": "#0"},
				"west": {"uv": [12.75, 0, 14, 0.25], "rotation": 90, "texture": "#0"},
				"up": {"uv": [12.75, 0, 14, 0.25], "rotation": 180, "texture": "#0"},
				"down": {"uv": [12.75, 0, 14, 0.25], "texture": "#0"}
			}
		},
		{
			"from": [-1, 12, 24],
			"to": [3, 16, 26],
			"rotation": {"angle": -22.5, "axis": "x", "origin": [8, 0, 10]},
			"faces": {
				"north": {"uv": [14.5, 0.75, 15.75, 2], "texture": "#0"},
				"east": {"uv": [14.5, 0.75, 15.75, 1.25], "rotation": 270, "texture": "#0"},
				"south": {"uv": [14.5, 0.75, 15.75, 2], "rotation": 180, "texture": "#0"},
				"west": {"uv": [14.5, 0.75, 15.75, 1.25], "rotation": 90, "texture": "#0"},
				"up": {"uv": [14.5, 0.75, 15.75, 1.25], "rotation": 180, "texture": "#0"},
				"down": {"uv": [14.5, 0.75, 15.75, 1.25], "texture": "#0"}
			}
		},
		{
			"from": [-0.1, 9, -6],
			"to": [1.9, 10, 2],
			"rotation": {"angle": 22.5, "axis": "x", "origin": [8, 0, 10]},
			"faces": {
				"north": {"uv": [15.5, 0, 15.75, 0.5], "rotation": 90, "texture": "#0"},
				"east": {"uv": [15.5, 0, 15.75, 2], "rotation": 270, "texture": "#0"},
				"south": {"uv": [15.5, 0, 15.75, 0.5], "rotation": 90, "texture": "#0"},
				"west": {"uv": [15.5, 0, 15.75, 2], "rotation": 90, "texture": "#0"},
				"up": {"uv": [15.5, 0, 16, 2], "rotation": 180, "texture": "#0"},
				"down": {"uv": [15.5, 0, 16, 2], "texture": "#0"}
			}
		},
		{
			"from": [0.4, 9, 2],
			"to": [1.4, 10, 3],
			"rotation": {"angle": 22.5, "axis": "x", "origin": [8, 0, 10]},
			"faces": {
				"north": {"uv": [14, 0.25, 14.25, 0.5], "rotation": 90, "texture": "#0"},
				"east": {"uv": [14, 0.25, 14.25, 0.5], "rotation": 270, "texture": "#0"},
				"south": {"uv": [14, 0.25, 14.25, 0.5], "rotation": 90, "texture": "#0"},
				"west": {"uv": [14, 0.25, 14.25, 0.5], "rotation": 90, "texture": "#0"},
				"up": {"uv": [14, 0.25, 14.25, 0.5], "rotation": 180, "texture": "#0"},
				"down": {"uv": [14, 0.25, 14.25, 0.5], "texture": "#0"}
			}
		}
	],
	"display": {
		"head": {
			"translation": [-8.75, -22, -22],
			"scale": [2.5, 2.5, 2.5]
		}
	},
	"groups": [
		{
			"name": "LA",
			"origin": [8, 0, 10],
			"color": 0,
			"children": [0, 1, 2, 3, 4, 5, 6, 7, 8, 9, 10, 11, 12, 13, 14]
		}
	]
}