{
	"credit": "Made with Blockbench",
	"texture_size": [64, 64],
	"textures": {
		"0": "item/enemy/ancient_skeleton_king"
	},
	"elements": [
		{
			"from": [4, 16, 4],
			"to": [12, 24, 12],
			"faces": {
				"north": {"uv": [2, 2, 4, 4], "texture": "#0"},
				"east": {"uv": [0, 2, 2, 4], "texture": "#0"},
				"south": {"uv": [6, 2, 8, 4], "texture": "#0"},
				"west": {"uv": [4, 2, 6, 4], "texture": "#0"},
				"up": {"uv": [4, 2, 2, 0], "texture": "#0"},
				"down": {"uv": [6, 0, 4, 2], "texture": "#0"}
			}
		},
		{
			"from": [3.8, 15.9, 3.8],
			"to": [12.2, 18.9, 12.2],
			"faces": {
				"north": {"uv": [2, 10, 4, 10.75], "texture": "#0"},
				"east": {"uv": [0, 10, 2, 10.75], "texture": "#0"},
				"south": {"uv": [6, 10, 8, 10.75], "texture": "#0"},
				"west": {"uv": [4, 10, 6, 10.75], "texture": "#0"},
				"up": {"uv": [4, 10, 2, 8], "texture": "#0"},
				"down": {"uv": [6, 8, 4, 10], "texture": "#0"}
			}
		},
		{
			"from": [3.5, 21, 3.5],
			"to": [12.5, 22, 12.5],
			"faces": {
				"north": {"uv": [12.75, 13.5, 15, 13.75], "texture": "#0"},
				"east": {"uv": [12.75, 13.5, 15, 13.75], "texture": "#0"},
				"south": {"uv": [12.75, 13.5, 15, 13.75], "texture": "#0"},
				"west": {"uv": [12.75, 13.5, 15, 13.75], "texture": "#0"},
				"up": {"uv": [12.75, 13.5, 15, 15.75], "texture": "#0"},
				"down": {"uv": [12.75, 13.5, 15, 15.75], "texture": "#0"}
			}
		},
		{
			"from": [3.9, 22, 3.9],
			"to": [12.1, 23, 12.1],
			"faces": {
				"north": {"uv": [14, 0, 16, 0.25], "texture": "#0"},
				"east": {"uv": [14, 0, 16, 0.25], "texture": "#0"},
				"south": {"uv": [14, 0, 16, 0.25], "texture": "#0"},
				"west": {"uv": [14, 0, 16, 0.25], "texture": "#0"},
				"up": {"uv": [14, 0, 16, 2.05], "texture": "#0"},
				"down": {"uv": [14, 0, 16, 2.05], "texture": "#0"}
			}
		},
		{
			"from": [3.5, 22.7, 3.5],
			"to": [12.5, 23.7, 12.5],
			"faces": {
				"north": {"uv": [12.75, 13.5, 15, 13.75], "texture": "#0"},
				"east": {"uv": [12.75, 13.5, 15, 13.75], "texture": "#0"},
				"south": {"uv": [12.75, 13.5, 15, 13.75], "texture": "#0"},
				"west": {"uv": [12.75, 13.5, 15, 13.75], "texture": "#0"},
				"up": {"uv": [12.75, 13.5, 15, 15.75], "texture": "#0"},
				"down": {"uv": [12.75, 13.5, 15, 15.75], "texture": "#0"}
			}
		},
		{
			"from": [7, 20.5, 3],
			"to": [9, 26.5, 4],
			"faces": {
				"north": {"uv": [14.5, 14, 15, 15.5], "texture": "#0"},
				"east": {"uv": [14.5, 14, 14.75, 15.5], "texture": "#0"},
				"south": {"uv": [14.5, 14, 15, 15.5], "texture": "#0"},
				"west": {"uv": [14.5, 14, 14.75, 15.5], "texture": "#0"},
				"up": {"uv": [14.5, 14, 15, 14.25], "texture": "#0"},
				"down": {"uv": [14.5, 14, 15, 14.25], "texture": "#0"}
			}
		},
		{
			"from": [7.2, 26.5, 3],
			"to": [8.8, 27.5, 4],
			"faces": {
				"north": {"uv": [14.5, 14, 15, 15.5], "texture": "#0"},
				"east": {"uv": [14.5, 14, 14.75, 15.5], "texture": "#0"},
				"south": {"uv": [14.5, 14, 15, 15.5], "texture": "#0"},
				"west": {"uv": [14.5, 14, 14.75, 15.5], "texture": "#0"},
				"up": {"uv": [14.5, 14, 15, 14.25], "texture": "#0"},
				"down": {"uv": [14.5, 14, 15, 14.25], "texture": "#0"}
			}
		},
		{
			"from": [10, 20.5, 3],
			"to": [11, 25.5, 4],
			"faces": {
				"north": {"uv": [13.25, 14, 13.75, 15.5], "texture": "#0"},
				"east": {"uv": [13.25, 14, 13.5, 15.5], "texture": "#0"},
				"south": {"uv": [13.25, 14, 13.75, 15.5], "texture": "#0"},
				"west": {"uv": [13.25, 14, 13.5, 15.5], "texture": "#0"},
				"up": {"uv": [13.25, 14, 13.75, 14.25], "texture": "#0"},
				"down": {"uv": [13.25, 14, 13.75, 14.25], "texture": "#0"}
			}
		},
		{
			"from": [5, 20.5, 3],
			"to": [6, 25.5, 4],
			"faces": {
				"north": {"uv": [14.5, 14, 15, 15.5], "texture": "#0"},
				"east": {"uv": [14.5, 14, 14.75, 15.5], "texture": "#0"},
				"south": {"uv": [14.5, 14, 15, 15.5], "texture": "#0"},
				"west": {"uv": [14.5, 14, 14.75, 15.5], "texture": "#0"},
				"up": {"uv": [14.5, 14, 15, 14.25], "texture": "#0"},
				"down": {"uv": [14.5, 14, 15, 14.25], "texture": "#0"}
			}
		},
		{
			"from": [20.5, 9, 2.8],
			"to": [22.5, 11, 3.8],
			"rotation": {"angle": 45, "axis": "z", "origin": [0, 0, 0]},
			"faces": {
				"north": {"uv": [13, 0.25, 13.5, 0.75], "texture": "#0"},
				"east": {"uv": [13, 0.25, 13.25, 0.75], "texture": "#0"},
				"south": {"uv": [13, 0.25, 13.5, 0.75], "texture": "#0"},
				"west": {"uv": [13, 0.25, 13.25, 0.75], "texture": "#0"},
				"up": {"uv": [13, 0.25, 13.5, 0.5], "texture": "#0"},
				"down": {"uv": [13, 0.25, 13.5, 0.5], "texture": "#0"}
			}
		},
		{
			"from": [20.7, 9.2, 2.6],
			"to": [22.3, 10.8, 3.6],
			"rotation": {"angle": 45, "axis": "z", "origin": [0, 0, 0]},
			"faces": {
				"north": {"uv": [15, 0.5, 15.5, 1], "texture": "#0"},
				"east": {"uv": [15, 0.5, 15.25, 1], "texture": "#0"},
				"south": {"uv": [15, 0.5, 15.5, 1], "texture": "#0"},
				"west": {"uv": [15, 0.5, 15.25, 1], "texture": "#0"},
				"up": {"uv": [15, 0.5, 15.5, 0.75], "texture": "#0"},
				"down": {"uv": [15, 0.5, 15.5, 0.75], "texture": "#0"}
			}
		}
	],
	"display": {
		"head": {
			"translation": [0, -26, -0.25],
			"scale": [2.5, 2.5, 2.5]
		}
	},
	"groups": [
		{
			"name": "Head",
			"origin": [0, 0, 0],
			"color": 0,
			"children": [
				0,
				1,
				{
					"name": "K",
					"origin": [0, 0, 0],
					"color": 0,
					"children": [2, 3, 4, 5, 6, 7, 8, 9, 10]
				}
			]
		}
	]
}