{
	"credit": "Made with Blockbench",
	"texture_size": [64, 64],
	"textures": {
		"0": "item/enemy/ancient_skeleton_king"
	},
	"elements": [
		{
			"from": [16, -15, 16],
			"to": [20, -11, 26],
			"rotation": {"angle": -22.5, "axis": "x", "origin": [8, 17, -22]},
			"faces": {
				"north": {"uv": [2, 4, 3, 5], "texture": "#0"},
				"east": {"uv": [2, 5, 3, 7.5], "rotation": 270, "texture": "#0"},
				"south": {"uv": [1, 4, 2, 5], "rotation": 180, "texture": "#0"},
				"west": {"uv": [0, 5, 1, 7.5], "rotation": 90, "texture": "#0"},
				"up": {"uv": [3, 5, 4, 7.5], "rotation": 180, "texture": "#0"},
				"down": {"uv": [1, 5, 2, 7.5], "texture": "#0"}
			}
		},
		{
			"from": [16, -15, 6],
			"to": [20, -11, 16],
			"rotation": {"angle": -22.5, "axis": "x", "origin": [8, 17, -22]},
			"faces": {
				"north": {"uv": [6, 4, 7, 5], "texture": "#0"},
				"east": {"uv": [6, 5, 7, 7.5], "rotation": 270, "texture": "#0"},
				"south": {"uv": [5, 4, 6, 5], "rotation": 180, "texture": "#0"},
				"west": {"uv": [4, 5, 5, 7.5], "rotation": 90, "texture": "#0"},
				"up": {"uv": [7, 5, 8, 7.5], "rotation": 180, "texture": "#0"},
				"down": {"uv": [5, 5, 6, 7.5], "texture": "#0"}
			}
		},
		{
			"from": [15, -16, 24],
			"to": [21, -10, 26],
			"rotation": {"angle": -22.5, "axis": "x", "origin": [8, 17, -22]},
			"faces": {
				"north": {"uv": [12.75, 0, 14, 1.25], "rotation": 180, "texture": "#0"},
				"east": {"uv": [12.75, 0, 14, 0.5], "rotation": 270, "texture": "#0"},
				"south": {"uv": [12.75, 0, 14, 1.25], "texture": "#0"},
				"west": {"uv": [12.75, 0, 14, 0.5], "rotation": 90, "texture": "#0"},
				"up": {"uv": [12.75, 0, 14, 0.5], "rotation": 180, "texture": "#0"},
				"down": {"uv": [12.75, 0, 14, 0.5], "texture": "#0"}
			}
		},
		{
			"from": [15.5, -15.5, 7],
			"to": [20.5, -10.5, 9],
			"rotation": {"angle": -22.5, "axis": "x", "origin": [8, 17, -22]},
			"faces": {
				"north": {"uv": [12.75, 0, 14, 1.25], "rotation": 180, "texture": "#0"},
				"east": {"uv": [12.75, 0, 14, 0.5], "rotation": 270, "texture": "#0"},
				"south": {"uv": [12.75, 0, 14, 1.25], "texture": "#0"},
				"west": {"uv": [12.75, 0, 14, 0.5], "rotation": 90, "texture": "#0"},
				"up": {"uv": [12.75, 0, 14, 0.5], "rotation": 180, "texture": "#0"},
				"down": {"uv": [12.75, 0, 14, 0.5], "texture": "#0"}
			}
		},
		{
			"from": [19.3, -14.5, 8],
			"to": [20.3, -11.5, 16],
			"rotation": {"angle": -22.5, "axis": "x", "origin": [8, 17, -22]},
			"faces": {
				"north": {"uv": [12.75, 0, 14, 1.25], "rotation": 180, "texture": "#0"},
				"east": {"uv": [12.75, 0, 14, 0.5], "rotation": 270, "texture": "#0"},
				"south": {"uv": [12.75, 0, 14, 1.25], "texture": "#0"},
				"west": {"uv": [12.75, 0, 14, 0.5], "rotation": 90, "texture": "#0"},
				"up": {"uv": [12.75, 0, 14, 0.5], "rotation": 180, "texture": "#0"},
				"down": {"uv": [12.75, 0, 14, 0.5], "texture": "#0"}
			}
		},
		{
			"from": [19.3, -14, 16],
			"to": [20.3, -12, 17.5],
			"rotation": {"angle": -22.5, "axis": "x", "origin": [8, 17, -22]},
			"faces": {
				"north": {"uv": [12.75, 0, 14, 1.25], "rotation": 180, "texture": "#0"},
				"east": {"uv": [12.75, 0, 14, 0.5], "rotation": 270, "texture": "#0"},
				"south": {"uv": [12.75, 0, 14, 1.25], "texture": "#0"},
				"west": {"uv": [12.75, 0, 14, 0.5], "rotation": 90, "texture": "#0"},
				"up": {"uv": [12.75, 0, 14, 0.5], "rotation": 180, "texture": "#0"},
				"down": {"uv": [12.75, 0, 14, 0.5], "texture": "#0"}
			}
		},
		{
			"from": [15.5, -15.5, 26.5],
			"to": [20.5, -10.5, 27.5],
			"rotation": {"angle": -22.5, "axis": "x", "origin": [8, 17, -22]},
			"faces": {
				"north": {"uv": [12.75, 0, 14, 1.25], "rotation": 180, "texture": "#0"},
				"east": {"uv": [12.75, 0, 14, 0.25], "rotation": 270, "texture": "#0"},
				"south": {"uv": [12.75, 0, 14, 1.25], "texture": "#0"},
				"west": {"uv": [12.75, 0, 14, 0.25], "rotation": 90, "texture": "#0"},
				"up": {"uv": [12.75, 0, 14, 0.25], "rotation": 180, "texture": "#0"},
				"down": {"uv": [12.75, 0, 14, 0.25], "texture": "#0"}
			}
		},
		{
			"from": [15.5, -15.5, 22.5],
			"to": [20.5, -10.5, 23.5],
			"rotation": {"angle": -22.5, "axis": "x", "origin": [8, 17, -22]},
			"faces": {
				"north": {"uv": [12.75, 0, 14, 1.25], "rotation": 180, "texture": "#0"},
				"east": {"uv": [12.75, 0, 14, 0.25], "rotation": 270, "texture": "#0"},
				"south": {"uv": [12.75, 0, 14, 1.25], "texture": "#0"},
				"west": {"uv": [12.75, 0, 14, 0.25], "rotation": 90, "texture": "#0"},
				"up": {"uv": [12.75, 0, 14, 0.25], "rotation": 180, "texture": "#0"},
				"down": {"uv": [12.75, 0, 14, 0.25], "texture": "#0"}
			}
		},
		{
			"from": [20, -13.5, 26],
			"to": [21, -12.5, 31],
			"rotation": {"angle": -22.5, "axis": "x", "origin": [8, 17, -22]},
			"faces": {
				"north": {"uv": [12.75, 0, 13, 0.25], "rotation": 180, "texture": "#0"},
				"east": {"uv": [12.75, 0, 13, 1.25], "rotation": 270, "texture": "#0"},
				"south": {"uv": [12.75, 0, 13, 0.25], "texture": "#0"},
				"west": {"uv": [12.75, 0, 13, 1.25], "rotation": 90, "texture": "#0"},
				"up": {"uv": [12.75, 0, 13, 1.25], "rotation": 180, "texture": "#0"},
				"down": {"uv": [12.75, 0, 13, 1.25], "texture": "#0"}
			}
		},
		{
			"from": [19.7, -14.9, 26],
			"to": [20.7, -13.9, 30],
			"rotation": {"angle": -22.5, "axis": "x", "origin": [8, 17, -22]},
			"faces": {
				"north": {"uv": [12.75, 0, 13, 0.25], "rotation": 180, "texture": "#0"},
				"east": {"uv": [12.75, 0, 13, 1.25], "rotation": 270, "texture": "#0"},
				"south": {"uv": [12.75, 0, 13, 0.25], "texture": "#0"},
				"west": {"uv": [12.75, 0, 13, 1.25], "rotation": 90, "texture": "#0"},
				"up": {"uv": [12.75, 0, 13, 1.25], "rotation": 180, "texture": "#0"},
				"down": {"uv": [12.75, 0, 13, 1.25], "texture": "#0"}
			}
		},
		{
			"from": [19.7, -12.2, 26],
			"to": [20.7, -11.2, 30],
			"rotation": {"angle": -22.5, "axis": "x", "origin": [8, 17, -22]},
			"faces": {
				"north": {"uv": [12.75, 0, 13, 0.25], "rotation": 180, "texture": "#0"},
				"east": {"uv": [12.75, 0, 13, 1.25], "rotation": 270, "texture": "#0"},
				"south": {"uv": [12.75, 0, 13, 0.25], "texture": "#0"},
				"west": {"uv": [12.75, 0, 13, 1.25], "rotation": 90, "texture": "#0"},
				"up": {"uv": [12.75, 0, 13, 1.25], "rotation": 180, "texture": "#0"},
				"down": {"uv": [12.75, 0, 13, 1.25], "texture": "#0"}
			}
		},
		{
			"from": [15.5, -15.5, 10.5],
			"to": [20.5, -10.5, 11.5],
			"rotation": {"angle": -22.5, "axis": "x", "origin": [8, 17, -22]},
			"faces": {
				"north": {"uv": [12.75, 0, 14, 1.25], "rotation": 180, "texture": "#0"},
				"east": {"uv": [12.75, 0, 14, 0.25], "rotation": 270, "texture": "#0"},
				"south": {"uv": [12.75, 0, 14, 1.25], "texture": "#0"},
				"west": {"uv": [12.75, 0, 14, 0.25], "rotation": 90, "texture": "#0"},
				"up": {"uv": [12.75, 0, 14, 0.25], "rotation": 180, "texture": "#0"},
				"down": {"uv": [12.75, 0, 14, 0.25], "texture": "#0"}
			}
		},
		{
			"from": [16, -15, 26],
			"to": [20, -11, 28],
			"rotation": {"angle": -22.5, "axis": "x", "origin": [8, 17, -22]},
			"faces": {
				"north": {"uv": [14.5, 0.75, 15.75, 2], "rotation": 180, "texture": "#0"},
				"east": {"uv": [14.5, 0.75, 15.75, 1.25], "rotation": 270, "texture": "#0"},
				"south": {"uv": [14.5, 0.75, 15.75, 2], "texture": "#0"},
				"west": {"uv": [14.5, 0.75, 15.75, 1.25], "rotation": 90, "texture": "#0"},
				"up": {"uv": [14.5, 0.75, 15.75, 1.25], "rotation": 180, "texture": "#0"},
				"down": {"uv": [14.5, 0.75, 15.75, 1.25], "texture": "#0"}
			}
		},
		{
			"from": [20, -14, 8],
			"to": [21, -12, 16],
			"rotation": {"angle": -22.5, "axis": "x", "origin": [8, 17, -22]},
			"faces": {
				"north": {"uv": [15.5, 0, 15.75, 0.5], "rotation": 180, "texture": "#0"},
				"east": {"uv": [15.5, 0, 16, 2], "rotation": 270, "texture": "#0"},
				"south": {"uv": [15.5, 0, 15.75, 0.5], "texture": "#0"},
				"west": {"uv": [15.5, 0, 16, 2], "rotation": 90, "texture": "#0"},
				"up": {"uv": [15.5, 0, 15.75, 2], "rotation": 180, "texture": "#0"},
				"down": {"uv": [15.5, 0, 15.75, 2], "texture": "#0"}
			}
		},
		{
			"from": [20, -13.5, 16],
			"to": [21, -12.5, 17],
			"rotation": {"angle": -22.5, "axis": "x", "origin": [8, 17, -22]},
			"faces": {
				"north": {"uv": [14, 0.25, 14.25, 0.5], "rotation": 180, "texture": "#0"},
				"east": {"uv": [14, 0.25, 14.25, 0.5], "rotation": 270, "texture": "#0"},
				"south": {"uv": [14, 0.25, 14.25, 0.5], "texture": "#0"},
				"west": {"uv": [14, 0.25, 14.25, 0.5], "rotation": 90, "texture": "#0"},
				"up": {"uv": [14, 0.25, 14.25, 0.5], "rotation": 180, "texture": "#0"},
				"down": {"uv": [14, 0.25, 14.25, 0.5], "texture": "#0"}
			}
		},
		{
			"from": [18, -2, -12],
			"to": [19, 2, 12],
			"rotation": {"angle": 0, "axis": "x", "origin": [8, 8, 8]},
			"faces": {
				"north": {"uv": [10.75, 10, 11.75, 10.25], "rotation": 90, "texture": "#0"},
				"east": {"uv": [10.75, 10, 11.75, 16], "rotation": 90, "texture": "#0"},
				"south": {"uv": [10.75, 10, 11.75, 10.25], "rotation": 90, "texture": "#0"},
				"west": {"uv": [10.75, 10, 11.75, 16], "rotation": 270, "texture": "#0"},
				"up": {"uv": [10.75, 10, 11, 16], "texture": "#0"},
				"down": {"uv": [10.75, 10, 11, 16], "rotation": 180, "texture": "#0"}
			}
		},
		{
			"from": [18.3, -2.5, -12.5],
			"to": [18.7, 2.5, 12],
			"rotation": {"angle": 0, "axis": "x", "origin": [8, 8, 8]},
			"faces": {
				"north": {"uv": [9.75, 10, 10.75, 10.25], "rotation": 90, "texture": "#0"},
				"east": {"uv": [9.75, 10, 10.75, 16], "rotation": 90, "texture": "#0"},
				"south": {"uv": [9.75, 10, 10.75, 10.25], "rotation": 90, "texture": "#0"},
				"west": {"uv": [9.75, 10, 10.75, 16], "rotation": 270, "texture": "#0"},
				"up": {"uv": [9.75, 10, 10, 16], "texture": "#0"},
				"down": {"uv": [9.75, 10, 10, 16], "rotation": 180, "texture": "#0"}
			}
		},
		{
			"from": [17.8, -0.5, -11.5],
			"to": [19.2, 0.5, 12],
			"rotation": {"angle": 0, "axis": "x", "origin": [8, 8, 8]},
			"faces": {
				"north": {"uv": [9.75, 10, 10.75, 10.25], "rotation": 90, "texture": "#0"},
				"east": {"uv": [9.75, 10, 10.75, 16], "rotation": 90, "texture": "#0"},
				"south": {"uv": [9.75, 10, 10.75, 10.25], "rotation": 90, "texture": "#0"},
				"west": {"uv": [9.75, 10, 10.75, 16], "rotation": 270, "texture": "#0"},
				"up": {"uv": [9.75, 10, 10, 16], "texture": "#0"},
				"down": {"uv": [9.75, 10, 10, 16], "rotation": 180, "texture": "#0"}
			}
		},
		{
			"from": [18.3, -2, -13.5],
			"to": [18.7, 2, -12.5],
			"rotation": {"angle": 0, "axis": "x", "origin": [8, 8, 8]},
			"faces": {
				"north": {"uv": [9.75, 10, 10.75, 10.25], "rotation": 90, "texture": "#0"},
				"east": {"uv": [9.75, 10, 10.75, 16], "rotation": 90, "texture": "#0"},
				"south": {"uv": [9.75, 10, 10.75, 10.25], "rotation": 90, "texture": "#0"},
				"west": {"uv": [9.75, 10, 10.75, 16], "rotation": 270, "texture": "#0"},
				"up": {"uv": [9.75, 10, 10, 16], "texture": "#0"},
				"down": {"uv": [9.75, 10, 10, 16], "rotation": 180, "texture": "#0"}
			}
		},
		{
			"from": [18.3, -1.5, -14.5],
			"to": [18.7, 1.5, -13.5],
			"rotation": {"angle": 0, "axis": "x", "origin": [8, 8, 8]},
			"faces": {
				"north": {"uv": [9.75, 10, 10.75, 10.25], "rotation": 90, "texture": "#0"},
				"east": {"uv": [9.75, 10, 10.75, 16], "rotation": 90, "texture": "#0"},
				"south": {"uv": [9.75, 10, 10.75, 10.25], "rotation": 90, "texture": "#0"},
				"west": {"uv": [9.75, 10, 10.75, 16], "rotation": 270, "texture": "#0"},
				"up": {"uv": [9.75, 10, 10, 16], "texture": "#0"},
				"down": {"uv": [9.75, 10, 10, 16], "rotation": 180, "texture": "#0"}
			}
		},
		{
			"from": [18.3, -1, -15.5],
			"to": [18.7, 1, -14.5],
			"rotation": {"angle": 0, "axis": "x", "origin": [8, 8, 8]},
			"faces": {
				"north": {"uv": [9.75, 10, 10.75, 10.25], "rotation": 90, "texture": "#0"},
				"east": {"uv": [9.75, 10, 10.75, 16], "rotation": 90, "texture": "#0"},
				"south": {"uv": [9.75, 10, 10.75, 10.25], "rotation": 90, "texture": "#0"},
				"west": {"uv": [9.75, 10, 10.75, 16], "rotation": 270, "texture": "#0"},
				"up": {"uv": [9.75, 10, 10, 16], "texture": "#0"},
				"down": {"uv": [9.75, 10, 10, 16], "rotation": 180, "texture": "#0"}
			}
		},
		{
			"from": [18, -1.5, -13],
			"to": [19, 1.5, -12],
			"rotation": {"angle": 0, "axis": "x", "origin": [8, 8, 8]},
			"faces": {
				"north": {"uv": [10.75, 10, 11.75, 10.25], "rotation": 90, "texture": "#0"},
				"east": {"uv": [10.75, 10, 11.75, 16], "rotation": 90, "texture": "#0"},
				"south": {"uv": [10.75, 10, 11.75, 10.25], "rotation": 90, "texture": "#0"},
				"west": {"uv": [10.75, 10, 11.75, 16], "rotation": 270, "texture": "#0"},
				"up": {"uv": [10.75, 10, 11, 16], "texture": "#0"},
				"down": {"uv": [10.75, 10, 11, 16], "rotation": 180, "texture": "#0"}
			}
		},
		{
			"from": [18, -1, -14],
			"to": [19, 1, -13],
			"rotation": {"angle": 0, "axis": "x", "origin": [8, 8, 8]},
			"faces": {
				"north": {"uv": [10.75, 10, 11.75, 10.25], "rotation": 90, "texture": "#0"},
				"east": {"uv": [10.75, 10, 11.75, 16], "rotation": 90, "texture": "#0"},
				"south": {"uv": [10.75, 10, 11.75, 10.25], "rotation": 90, "texture": "#0"},
				"west": {"uv": [10.75, 10, 11.75, 16], "rotation": 270, "texture": "#0"},
				"up": {"uv": [10.75, 10, 11, 16], "texture": "#0"},
				"down": {"uv": [10.75, 10, 11, 16], "rotation": 180, "texture": "#0"}
			}
		},
		{
			"from": [18, -0.5, -15],
			"to": [19, 0.5, -14],
			"rotation": {"angle": 0, "axis": "x", "origin": [8, 8, 8]},
			"faces": {
				"north": {"uv": [10.75, 10, 11.75, 10.25], "rotation": 90, "texture": "#0"},
				"east": {"uv": [10.75, 10, 11.75, 16], "rotation": 90, "texture": "#0"},
				"south": {"uv": [10.75, 10, 11.75, 10.25], "rotation": 90, "texture": "#0"},
				"west": {"uv": [10.75, 10, 11.75, 16], "rotation": 270, "texture": "#0"},
				"up": {"uv": [10.75, 10, 11, 16], "texture": "#0"},
				"down": {"uv": [10.75, 10, 11, 16], "rotation": 180, "texture": "#0"}
			}
		},
		{
			"from": [17.5, -4, 12],
			"to": [19.5, 4, 14],
			"rotation": {"angle": 0, "axis": "x", "origin": [8, 8, 8]},
			"faces": {
				"north": {"uv": [12.75, 13.75, 13.25, 15.25], "rotation": 180, "texture": "#0"},
				"east": {"uv": [12.75, 13.75, 14.25, 14.25], "rotation": 90, "texture": "#0"},
				"south": {"uv": [12.75, 13.75, 13.25, 15.25], "texture": "#0"},
				"west": {"uv": [12.75, 13.75, 14.25, 14.25], "rotation": 270, "texture": "#0"},
				"up": {"uv": [12.75, 13.75, 13.25, 14.25], "texture": "#0"},
				"down": {"uv": [12.75, 13.75, 13.25, 14.25], "rotation": 180, "texture": "#0"}
			}
		},
		{
			"from": [18, -0.5, 14],
			"to": [19, 0.5, 20],
			"rotation": {"angle": 0, "axis": "x", "origin": [8, 8, 8]},
			"faces": {
				"north": {"uv": [8.25, 13, 8.5, 13.25], "rotation": 180, "texture": "#0"},
				"east": {"uv": [8.25, 13, 8.5, 14.5], "rotation": 90, "texture": "#0"},
				"south": {"uv": [8.25, 13, 8.5, 13.25], "texture": "#0"},
				"west": {"uv": [8.25, 13, 8.5, 14.5], "rotation": 270, "texture": "#0"},
				"up": {"uv": [8.25, 13, 8.5, 14.5], "texture": "#0"},
				"down": {"uv": [8.25, 13, 8.5, 14.5], "rotation": 180, "texture": "#0"}
			}
		},
		{
			"from": [17.5, -1, 20],
			"to": [19.5, 1, 21],
			"rotation": {"angle": 0, "axis": "x", "origin": [8, 8, 8]},
			"faces": {
				"north": {"uv": [12.75, 13.5, 13.25, 14], "rotation": 180, "texture": "#0"},
				"east": {"uv": [12.75, 13.5, 13.25, 13.75], "rotation": 90, "texture": "#0"},
				"south": {"uv": [12.75, 13.5, 13.25, 14], "texture": "#0"},
				"west": {"uv": [12.75, 13.5, 13.25, 13.75], "rotation": 270, "texture": "#0"},
				"up": {"uv": [12.75, 13.5, 13.25, 13.75], "texture": "#0"},
				"down": {"uv": [12.75, 13.5, 13.25, 13.75], "rotation": 180, "texture": "#0"}
			}
		},
		{
			"from": [18, -4.5, 9],
			"to": [19, -3.5, 15],
			"rotation": {"angle": 0, "axis": "x", "origin": [8, 8, 8]},
			"faces": {
				"north": {"uv": [13.25, 14, 13.5, 14.25], "rotation": 180, "texture": "#0"},
				"east": {"uv": [13.25, 14, 13.5, 15.5], "rotation": 90, "texture": "#0"},
				"south": {"uv": [13.25, 14, 13.5, 14.25], "texture": "#0"},
				"west": {"uv": [13.25, 14, 13.5, 15.5], "rotation": 270, "texture": "#0"},
				"up": {"uv": [13.25, 14, 13.5, 15.5], "texture": "#0"},
				"down": {"uv": [13.25, 14, 13.5, 15.5], "rotation": 180, "texture": "#0"}
			}
		},
		{
			"from": [18, 3.5, 9],
			"to": [19, 4.5, 15],
			"rotation": {"angle": 0, "axis": "x", "origin": [8, 8, 8]},
			"faces": {
				"north": {"uv": [13.25, 14, 13.5, 14.25], "rotation": 180, "texture": "#0"},
				"east": {"uv": [13.25, 14, 13.5, 15.5], "rotation": 90, "texture": "#0"},
				"south": {"uv": [13.25, 14, 13.5, 14.25], "texture": "#0"},
				"west": {"uv": [13.25, 14, 13.5, 15.5], "rotation": 270, "texture": "#0"},
				"up": {"uv": [13.25, 14, 13.5, 15.5], "texture": "#0"},
				"down": {"uv": [13.25, 14, 13.5, 15.5], "rotation": 180, "texture": "#0"}
			}
		}
	],
	"display": {
		"head": {
			"rotation": [0, 0, 90],
			"translation": [23.25, -22.5, -63],
			"scale": [2.5, 2.5, 2.5]
		}
	},
	"groups": [
		{
			"name": "RA",
			"origin": [8, 0, 10],
			"color": 0,
			"children": [0, 1, 2, 3, 4, 5, 6, 7, 8, 9, 10, 11, 12, 13, 14]
		},
		{
			"name": "Sword",
			"origin": [8, 8, 8],
			"color": 0,
			"children": [15, 16, 17, 18, 19, 20, 21, 22, 23, 24, 25, 26, 27, 28]
		}
	]
}