{
	"credit": "Made with Blockbench",
	"texture_size": [64, 64],
	"textures": {
		"0": "item/enemy/ancient_skeleton_king"
	},
	"elements": [
		{
			"from": [22, 3, 14.9],
			"to": [26, 13, 18.9],
			"rotation": {"angle": 22.5, "axis": "z", "origin": [8, 0, 10]},
			"faces": {
				"north": {"uv": [3, 5, 4, 7.5], "texture": "#0"},
				"east": {"uv": [2, 5, 3, 7.5], "texture": "#0"},
				"south": {"uv": [1, 5, 2, 7.5], "texture": "#0"},
				"west": {"uv": [0, 5, 1, 7.5], "texture": "#0"},
				"up": {"uv": [1, 4, 2, 5], "rotation": 180, "texture": "#0"},
				"down": {"uv": [2, 4, 3, 5], "rotation": 180, "texture": "#0"}
			}
		},
		{
			"from": [15, 3, 15],
			"to": [19, 13, 19],
			"rotation": {"angle": -22.5, "axis": "z", "origin": [8, 0, 10]},
			"faces": {
				"north": {"uv": [7, 5, 8, 7.5], "texture": "#0"},
				"east": {"uv": [6, 5, 7, 7.5], "texture": "#0"},
				"south": {"uv": [5, 5, 6, 7.5], "texture": "#0"},
				"west": {"uv": [4, 5, 5, 7.5], "texture": "#0"},
				"up": {"uv": [5, 4, 6, 5], "rotation": 180, "texture": "#0"},
				"down": {"uv": [6, 4, 7, 5], "rotation": 180, "texture": "#0"}
			}
		},
		{
			"from": [21, 11, 13.9],
			"to": [27, 13, 19.9],
			"rotation": {"angle": 22.5, "axis": "z", "origin": [8, 0, 10]},
			"faces": {
				"north": {"uv": [12.75, 0, 14, 0.5], "texture": "#0"},
				"east": {"uv": [12.75, 0, 14, 0.5], "texture": "#0"},
				"south": {"uv": [12.75, 0, 14, 0.5], "texture": "#0"},
				"west": {"uv": [12.75, 0, 14, 0.5], "texture": "#0"},
				"up": {"uv": [12.75, 0, 14, 1.25], "texture": "#0"},
				"down": {"uv": [12.75, 0, 14, 1.25], "texture": "#0"}
			}
		},
		{
			"from": [14.5, 4, 14.5],
			"to": [19.5, 6, 19.5],
			"rotation": {"angle": -22.5, "axis": "z", "origin": [8, 0, 10]},
			"faces": {
				"north": {"uv": [12.75, 0, 14, 0.5], "texture": "#0"},
				"east": {"uv": [12.75, 0, 14, 0.5], "texture": "#0"},
				"south": {"uv": [12.75, 0, 14, 0.5], "texture": "#0"},
				"west": {"uv": [12.75, 0, 14, 0.5], "texture": "#0"},
				"up": {"uv": [12.75, 0, 14, 1.25], "texture": "#0"},
				"down": {"uv": [12.75, 0, 14, 1.25], "texture": "#0"}
			}
		},
		{
			"from": [18.3, 5, 15.5],
			"to": [19.3, 13, 18.5],
			"rotation": {"angle": -22.5, "axis": "z", "origin": [8, 0, 10]},
			"faces": {
				"north": {"uv": [12.75, 0, 14, 0.5], "texture": "#0"},
				"east": {"uv": [12.75, 0, 14, 0.5], "texture": "#0"},
				"south": {"uv": [12.75, 0, 14, 0.5], "texture": "#0"},
				"west": {"uv": [12.75, 0, 14, 0.5], "texture": "#0"},
				"up": {"uv": [12.75, 0, 14, 1.25], "texture": "#0"},
				"down": {"uv": [12.75, 0, 14, 1.25], "texture": "#0"}
			}
		},
		{
			"from": [18.3, 13, 16],
			"to": [19.3, 14.5, 18],
			"rotation": {"angle": -22.5, "axis": "z", "origin": [8, 0, 10]},
			"faces": {
				"north": {"uv": [12.75, 0, 14, 0.5], "texture": "#0"},
				"east": {"uv": [12.75, 0, 14, 0.5], "texture": "#0"},
				"south": {"uv": [12.75, 0, 14, 0.5], "texture": "#0"},
				"west": {"uv": [12.75, 0, 14, 0.5], "texture": "#0"},
				"up": {"uv": [12.75, 0, 14, 1.25], "texture": "#0"},
				"down": {"uv": [12.75, 0, 14, 1.25], "texture": "#0"}
			}
		},
		{
			"from": [21.5, 13.5, 14.4],
			"to": [26.5, 14.5, 19.4],
			"rotation": {"angle": 22.5, "axis": "z", "origin": [8, 0, 10]},
			"faces": {
				"north": {"uv": [12.75, 0, 14, 0.25], "texture": "#0"},
				"east": {"uv": [12.75, 0, 14, 0.25], "texture": "#0"},
				"south": {"uv": [12.75, 0, 14, 0.25], "texture": "#0"},
				"west": {"uv": [12.75, 0, 14, 0.25], "texture": "#0"},
				"up": {"uv": [12.75, 0, 14, 1.25], "texture": "#0"},
				"down": {"uv": [12.75, 0, 14, 1.25], "texture": "#0"}
			}
		},
		{
			"from": [21.5, 9.5, 14.4],
			"to": [26.5, 10.5, 19.4],
			"rotation": {"angle": 22.5, "axis": "z", "origin": [8, 0, 10]},
			"faces": {
				"north": {"uv": [12.75, 0, 14, 0.25], "texture": "#0"},
				"east": {"uv": [12.75, 0, 14, 0.25], "texture": "#0"},
				"south": {"uv": [12.75, 0, 14, 0.25], "texture": "#0"},
				"west": {"uv": [12.75, 0, 14, 0.25], "texture": "#0"},
				"up": {"uv": [12.75, 0, 14, 1.25], "texture": "#0"},
				"down": {"uv": [12.75, 0, 14, 1.25], "texture": "#0"}
			}
		},
		{
			"from": [26, 13, 16.4],
			"to": [27, 18, 17.4],
			"rotation": {"angle": 22.5, "axis": "z", "origin": [8, 0, 10]},
			"faces": {
				"north": {"uv": [12.75, 0, 13, 1.25], "texture": "#0"},
				"east": {"uv": [12.75, 0, 13, 1.25], "texture": "#0"},
				"south": {"uv": [12.75, 0, 13, 1.25], "texture": "#0"},
				"west": {"uv": [12.75, 0, 13, 1.25], "texture": "#0"},
				"up": {"uv": [12.75, 0, 13, 0.25], "texture": "#0"},
				"down": {"uv": [12.75, 0, 13, 0.25], "texture": "#0"}
			}
		},
		{
			"from": [25.7, 13, 17.8],
			"to": [26.7, 17, 18.8],
			"rotation": {"angle": 22.5, "axis": "z", "origin": [8, 0, 10]},
			"faces": {
				"north": {"uv": [12.75, 0, 13, 1.25], "texture": "#0"},
				"east": {"uv": [12.75, 0, 13, 1.25], "texture": "#0"},
				"south": {"uv": [12.75, 0, 13, 1.25], "texture": "#0"},
				"west": {"uv": [12.75, 0, 13, 1.25], "texture": "#0"},
				"up": {"uv": [12.75, 0, 13, 0.25], "texture": "#0"},
				"down": {"uv": [12.75, 0, 13, 0.25], "texture": "#0"}
			}
		},
		{
			"from": [25.7, 13, 15.1],
			"to": [26.7, 17, 16.1],
			"rotation": {"angle": 22.5, "axis": "z", "origin": [8, 0, 10]},
			"faces": {
				"north": {"uv": [12.75, 0, 13, 1.25], "texture": "#0"},
				"east": {"uv": [12.75, 0, 13, 1.25], "texture": "#0"},
				"south": {"uv": [12.75, 0, 13, 1.25], "texture": "#0"},
				"west": {"uv": [12.75, 0, 13, 1.25], "texture": "#0"},
				"up": {"uv": [12.75, 0, 13, 0.25], "texture": "#0"},
				"down": {"uv": [12.75, 0, 13, 0.25], "texture": "#0"}
			}
		},
		{
			"from": [14.5, 7.5, 14.5],
			"to": [19.5, 8.5, 19.5],
			"rotation": {"angle": -22.5, "axis": "z", "origin": [8, 0, 10]},
			"faces": {
				"north": {"uv": [12.75, 0, 14, 0.25], "texture": "#0"},
				"east": {"uv": [12.75, 0, 14, 0.25], "texture": "#0"},
				"south": {"uv": [12.75, 0, 14, 0.25], "texture": "#0"},
				"west": {"uv": [12.75, 0, 14, 0.25], "texture": "#0"},
				"up": {"uv": [12.75, 0, 14, 1.25], "texture": "#0"},
				"down": {"uv": [12.75, 0, 14, 1.25], "texture": "#0"}
			}
		},
		{
			"from": [22, 13, 14.9],
			"to": [26, 15, 18.9],
			"rotation": {"angle": 22.5, "axis": "z", "origin": [8, 0, 10]},
			"faces": {
				"north": {"uv": [14.5, 0.75, 15.75, 1.25], "texture": "#0"},
				"east": {"uv": [14.5, 0.75, 15.75, 1.25], "texture": "#0"},
				"south": {"uv": [14.5, 0.75, 15.75, 1.25], "texture": "#0"},
				"west": {"uv": [14.5, 0.75, 15.75, 1.25], "texture": "#0"},
				"up": {"uv": [14.5, 0.75, 15.75, 2], "texture": "#0"},
				"down": {"uv": [14.5, 0.75, 15.75, 2], "texture": "#0"}
			}
		},
		{
			"from": [19, 5, 16],
			"to": [20, 13, 18],
			"rotation": {"angle": -22.5, "axis": "z", "origin": [8, 0, 10]},
			"faces": {
				"north": {"uv": [15.5, 0, 15.75, 2], "texture": "#0"},
				"east": {"uv": [15.5, 0, 16, 2], "texture": "#0"},
				"south": {"uv": [15.5, 0, 15.75, 2], "texture": "#0"},
				"west": {"uv": [15.5, 0, 16, 2], "texture": "#0"},
				"up": {"uv": [15.5, 0, 15.75, 0.5], "texture": "#0"},
				"down": {"uv": [15.5, 0, 15.75, 0.5], "texture": "#0"}
			}
		},
		{
			"from": [19, 13, 16.5],
			"to": [20, 14, 17.5],
			"rotation": {"angle": -22.5, "axis": "z", "origin": [8, 0, 10]},
			"faces": {
				"north": {"uv": [14, 0.25, 14.25, 0.5], "texture": "#0"},
				"east": {"uv": [14, 0.25, 14.25, 0.5], "texture": "#0"},
				"south": {"uv": [14, 0.25, 14.25, 0.5], "texture": "#0"},
				"west": {"uv": [14, 0.25, 14.25, 0.5], "texture": "#0"},
				"up": {"uv": [14, 0.25, 14.25, 0.5], "texture": "#0"},
				"down": {"uv": [14, 0.25, 14.25, 0.5], "texture": "#0"}
			}
		}
	],
	"display": {
		"head": {
			"translation": [0, -26, -21.5],
			"scale": [2.5, 2.5, 2.5]
		}
	},
	"groups": [
		{
			"name": "RA",
			"origin": [8, 0, 10],
			"color": 0,
			"children": [0, 1, 2, 3, 4, 5, 6, 7, 8, 9, 10, 11, 12, 13, 14]
		}
	]
}