{
	"credit": "Made with Blockbench",
	"texture_size": [64, 64],
	"textures": {
		"1": "item/braver/braver1",
		"particle": "item/braver/braver1"
	},
	"elements": [
		{
			"name": "B",
			"from": [4, -2, 8],
			"to": [12, 10, 12],
			"rotation": {"angle": 0, "axis": "y", "origin": [8, 0, 10]},
			"faces": {
				"north": {"uv": [5, 5, 7, 8], "texture": "#1"},
				"east": {"uv": [4, 5, 5, 8], "texture": "#1"},
				"south": {"uv": [8, 5, 10, 8], "texture": "#1"},
				"west": {"uv": [7, 5, 8, 8], "texture": "#1"},
				"up": {"uv": [5, 4, 7, 5], "texture": "#1"},
				"down": {"uv": [7, 4, 9, 5], "texture": "#1"}
			}
		},
		{
			"name": "B",
			"from": [4.1, 4.8, 12.1],
			"to": [11.9, 7.8, 15.1],
			"rotation": {"angle": -45, "axis": "x", "origin": [8, 0, 10]},
			"faces": {
				"north": {"uv": [5, 5, 7, 6], "texture": "#1"},
				"east": {"uv": [4, 5, 5, 6], "texture": "#1"},
				"south": {"uv": [8, 5, 10, 6], "texture": "#1"},
				"west": {"uv": [7, 5, 8, 6], "texture": "#1"},
				"up": {"uv": [5, 4, 7, 5], "texture": "#1"},
				"down": {"uv": [5, 6.25, 7, 7.25], "texture": "#1"}
			}
		},
		{
			"name": "B",
			"from": [3.8, 4.2, 11.6],
			"to": [7.7, 8.2, 13.6],
			"rotation": {"angle": -45, "axis": "x", "origin": [8, 0, 10]},
			"faces": {
				"north": {"uv": [15, 15, 16, 16], "texture": "#1"},
				"east": {"uv": [15, 15, 16, 16], "texture": "#1"},
				"south": {"uv": [15, 15, 16, 16], "texture": "#1"},
				"west": {"uv": [15, 15, 16, 16], "texture": "#1"},
				"up": {"uv": [15, 15, 16, 16], "texture": "#1"},
				"down": {"uv": [15, 15, 16, 16], "texture": "#1"}
			}
		},
		{
			"name": "B",
			"from": [3.8, 4.2, 13.6],
			"to": [4.8, 8.2, 15.6],
			"rotation": {"angle": -45, "axis": "x", "origin": [8, 0, 10]},
			"faces": {
				"north": {"uv": [15, 15, 16, 16], "texture": "#1"},
				"east": {"uv": [15, 15, 16, 16], "texture": "#1"},
				"south": {"uv": [15, 15, 16, 16], "texture": "#1"},
				"west": {"uv": [15, 15, 16, 16], "texture": "#1"},
				"up": {"uv": [15, 15, 16, 16], "texture": "#1"},
				"down": {"uv": [15, 15, 16, 16], "texture": "#1"}
			}
		},
		{
			"name": "B",
			"from": [11.2, 4.2, 13.6],
			"to": [12.2, 8.2, 15.6],
			"rotation": {"angle": -45, "axis": "x", "origin": [8, 0, 10]},
			"faces": {
				"north": {"uv": [15, 15, 16, 16], "texture": "#1"},
				"east": {"uv": [15, 15, 16, 16], "texture": "#1"},
				"south": {"uv": [15, 15, 16, 16], "texture": "#1"},
				"west": {"uv": [15, 15, 16, 16], "texture": "#1"},
				"up": {"uv": [15, 15, 16, 16], "texture": "#1"},
				"down": {"uv": [15, 15, 16, 16], "texture": "#1"}
			}
		},
		{
			"name": "B",
			"from": [4.6, 4, 12],
			"to": [11.6, 8, 14],
			"rotation": {"angle": -45, "axis": "x", "origin": [8, 0, 10]},
			"faces": {
				"north": {"uv": [15, 12.75, 16, 13.75], "texture": "#1"},
				"east": {"uv": [15, 12.75, 16, 13.75], "texture": "#1"},
				"south": {"uv": [15, 12.75, 16, 13.75], "texture": "#1"},
				"west": {"uv": [15, 12.75, 16, 13.75], "texture": "#1"},
				"up": {"uv": [15, 12.75, 16, 13.75], "texture": "#1"},
				"down": {"uv": [15, 12.75, 16, 13.75], "texture": "#1"}
			}
		},
		{
			"name": "B",
			"from": [8.3, 4.2, 11.6],
			"to": [12.2, 8.2, 13.6],
			"rotation": {"angle": -45, "axis": "x", "origin": [8, 0, 10]},
			"faces": {
				"north": {"uv": [15, 15, 16, 16], "texture": "#1"},
				"east": {"uv": [15, 15, 16, 16], "texture": "#1"},
				"south": {"uv": [15, 15, 16, 16], "texture": "#1"},
				"west": {"uv": [15, 15, 16, 16], "texture": "#1"},
				"up": {"uv": [15, 15, 16, 16], "texture": "#1"},
				"down": {"uv": [15, 15, 16, 16], "texture": "#1"}
			}
		},
		{
			"from": [3.7, 4, 7.7],
			"to": [12.3, 7, 12.3],
			"rotation": {"angle": 0, "axis": "y", "origin": [0, 0, 2]},
			"faces": {
				"north": {"uv": [13.85, 14, 16, 14.75], "texture": "#1"},
				"east": {"uv": [13.85, 14, 15, 14.75], "texture": "#1"},
				"south": {"uv": [13.85, 14, 16, 14.75], "texture": "#1"},
				"west": {"uv": [13.85, 14, 15, 14.75], "texture": "#1"},
				"up": {"uv": [13.85, 14, 16, 15.15], "texture": "#1"},
				"down": {"uv": [13.85, 14, 16, 15.15], "texture": "#1"}
			}
		},
		{
			"from": [3.9, 7.4, 8.6],
			"to": [12.1, 9.4, 12.2],
			"rotation": {"angle": 0, "axis": "y", "origin": [0, 0, 2]},
			"faces": {
				"north": {"uv": [13.85, 14, 16, 14.75], "texture": "#1"},
				"east": {"uv": [13.85, 14, 15, 14.75], "texture": "#1"},
				"south": {"uv": [13.85, 14, 16, 14.75], "texture": "#1"},
				"west": {"uv": [13.85, 14, 15, 14.75], "texture": "#1"},
				"up": {"uv": [13.85, 14, 16, 15.15], "texture": "#1"},
				"down": {"uv": [13.85, 14, 16, 15.15], "texture": "#1"}
			}
		},
		{
			"from": [3.8, 3, 7.8],
			"to": [5.8, 4, 12.2],
			"rotation": {"angle": 0, "axis": "y", "origin": [0, 0, 2]},
			"faces": {
				"north": {"uv": [14.25, 12.25, 14.75, 12.5], "texture": "#1"},
				"east": {"uv": [14.25, 12.25, 15.4, 12.5], "texture": "#1"},
				"south": {"uv": [14.25, 12.25, 14.75, 12.5], "texture": "#1"},
				"west": {"uv": [14.25, 12.25, 15.4, 12.5], "texture": "#1"},
				"up": {"uv": [14.25, 12.25, 14.75, 13.4], "texture": "#1"},
				"down": {"uv": [14.25, 12.25, 14.75, 13.4], "texture": "#1"}
			}
		},
		{
			"from": [10.2, 3, 7.8],
			"to": [12.2, 4, 12.2],
			"rotation": {"angle": 0, "axis": "y", "origin": [0, 0, 2]},
			"faces": {
				"north": {"uv": [14.25, 12.25, 14.75, 12.5], "texture": "#1"},
				"east": {"uv": [14.25, 12.25, 15.4, 12.5], "texture": "#1"},
				"south": {"uv": [14.25, 12.25, 14.75, 12.5], "texture": "#1"},
				"west": {"uv": [14.25, 12.25, 15.4, 12.5], "texture": "#1"},
				"up": {"uv": [14.25, 12.25, 14.75, 13.4], "texture": "#1"},
				"down": {"uv": [14.25, 12.25, 14.75, 13.4], "texture": "#1"}
			}
		},
		{
			"from": [11.1, -4.2, 7.8],
			"to": [12.1, -1.2, 12.2],
			"rotation": {"angle": 22.5, "axis": "z", "origin": [8, 0, 10]},
			"faces": {
				"north": {"uv": [14.75, 12.5, 15, 13.25], "texture": "#1"},
				"east": {"uv": [14.75, 12.5, 15.85, 13.25], "texture": "#1"},
				"south": {"uv": [14.75, 12.5, 15, 13.25], "texture": "#1"},
				"west": {"uv": [14.75, 12.5, 15.85, 13.25], "texture": "#1"},
				"up": {"uv": [14.75, 12.5, 15, 13.6], "rotation": 180, "texture": "#1"},
				"down": {"uv": [14.75, 12.5, 15, 13.6], "rotation": 180, "texture": "#1"}
			}
		},
		{
			"from": [11.1, -6.2, 7.8],
			"to": [12.1, -4.2, 12.2],
			"rotation": {"angle": 22.5, "axis": "z", "origin": [8, 0, 10]},
			"faces": {
				"north": {"uv": [14.75, 12.5, 15, 13.25], "texture": "#1"},
				"east": {"uv": [14.75, 12.5, 15.85, 13.25], "texture": "#1"},
				"south": {"uv": [14.75, 12.5, 15, 13.25], "texture": "#1"},
				"west": {"uv": [14.75, 12.5, 15.85, 13.25], "texture": "#1"},
				"up": {"uv": [14.75, 12.5, 15, 13.6], "rotation": 180, "texture": "#1"},
				"down": {"uv": [14.75, 12.5, 15, 13.6], "rotation": 180, "texture": "#1"}
			}
		},
		{
			"from": [11.5, -4.6, 7.5],
			"to": [12.5, -1.4, 12.5],
			"rotation": {"angle": 22.5, "axis": "z", "origin": [8, 0, 10]},
			"faces": {
				"north": {"uv": [14.75, 14.9, 15, 15.65], "texture": "#1"},
				"east": {"uv": [14.75, 14.9, 15.85, 15.65], "texture": "#1"},
				"south": {"uv": [14.75, 14.9, 15, 15.65], "texture": "#1"},
				"west": {"uv": [14.75, 14.9, 15.85, 15.65], "texture": "#1"},
				"up": {"uv": [14.75, 14.9, 15, 16], "rotation": 180, "texture": "#1"},
				"down": {"uv": [14.75, 14.9, 15, 16], "rotation": 180, "texture": "#1"}
			}
		},
		{
			"from": [11.3, -5, 7.5],
			"to": [12.3, -4.8, 12.5],
			"rotation": {"angle": 22.5, "axis": "z", "origin": [8, 0, 10]},
			"faces": {
				"north": {"uv": [14.75, 14.9, 15, 15.65], "texture": "#1"},
				"east": {"uv": [14.75, 14.9, 15.85, 15.65], "texture": "#1"},
				"south": {"uv": [14.75, 14.9, 15, 15.65], "texture": "#1"},
				"west": {"uv": [14.75, 14.9, 15.85, 15.65], "texture": "#1"},
				"up": {"uv": [14.75, 14.9, 15, 16], "rotation": 180, "texture": "#1"},
				"down": {"uv": [14.75, 14.9, 15, 16], "rotation": 180, "texture": "#1"}
			}
		},
		{
			"from": [11.3, -6, 7.5],
			"to": [12.3, -5.2, 12.5],
			"rotation": {"angle": 22.5, "axis": "z", "origin": [8, 0, 10]},
			"faces": {
				"north": {"uv": [14.75, 14.9, 15, 15.65], "texture": "#1"},
				"east": {"uv": [14.75, 14.9, 15.85, 15.65], "texture": "#1"},
				"south": {"uv": [14.75, 14.9, 15, 15.65], "texture": "#1"},
				"west": {"uv": [14.75, 14.9, 15.85, 15.65], "texture": "#1"},
				"up": {"uv": [14.75, 14.9, 15, 16], "rotation": 180, "texture": "#1"},
				"down": {"uv": [14.75, 14.9, 15, 16], "rotation": 180, "texture": "#1"}
			}
		},
		{
			"from": [9.1, -4.2, 11.2],
			"to": [11.1, -1.2, 12.2],
			"rotation": {"angle": 22.5, "axis": "z", "origin": [8, 0, 10]},
			"faces": {
				"north": {"uv": [14.75, 12.5, 15, 13.25], "texture": "#1"},
				"east": {"uv": [14.75, 12.5, 15.85, 13.25], "texture": "#1"},
				"south": {"uv": [14.75, 12.5, 15, 13.25], "texture": "#1"},
				"west": {"uv": [14.75, 12.5, 15.85, 13.25], "texture": "#1"},
				"up": {"uv": [14.75, 12.5, 15, 13.6], "rotation": 180, "texture": "#1"},
				"down": {"uv": [14.75, 12.5, 15, 13.6], "rotation": 180, "texture": "#1"}
			}
		},
		{
			"from": [10.1, -5.2, 11.2],
			"to": [11.1, -4.2, 12.2],
			"rotation": {"angle": 22.5, "axis": "z", "origin": [8, 0, 10]},
			"faces": {
				"north": {"uv": [14.75, 12.5, 15, 13.25], "texture": "#1"},
				"east": {"uv": [14.75, 12.5, 15.85, 13.25], "texture": "#1"},
				"south": {"uv": [14.75, 12.5, 15, 13.25], "texture": "#1"},
				"west": {"uv": [14.75, 12.5, 15.85, 13.25], "texture": "#1"},
				"up": {"uv": [14.75, 12.5, 15, 13.6], "rotation": 180, "texture": "#1"},
				"down": {"uv": [14.75, 12.5, 15, 13.6], "rotation": 180, "texture": "#1"}
			}
		},
		{
			"from": [10.1, -5.2, 7.8],
			"to": [11.1, -4.2, 8.8],
			"rotation": {"angle": 22.5, "axis": "z", "origin": [8, 0, 10]},
			"faces": {
				"north": {"uv": [14.75, 12.5, 15, 13.25], "texture": "#1"},
				"east": {"uv": [14.75, 12.5, 15.85, 13.25], "texture": "#1"},
				"south": {"uv": [14.75, 12.5, 15, 13.25], "texture": "#1"},
				"west": {"uv": [14.75, 12.5, 15.85, 13.25], "texture": "#1"},
				"up": {"uv": [14.75, 12.5, 15, 13.6], "rotation": 180, "texture": "#1"},
				"down": {"uv": [14.75, 12.5, 15, 13.6], "rotation": 180, "texture": "#1"}
			}
		},
		{
			"from": [9.3, -4, 12.2],
			"to": [11.3, -1.4, 12.7],
			"rotation": {"angle": 22.5, "axis": "z", "origin": [8, 0, 10]},
			"faces": {
				"north": {"uv": [14.75, 14.9, 15, 15.65], "texture": "#1"},
				"east": {"uv": [14.75, 14.9, 15.85, 15.65], "texture": "#1"},
				"south": {"uv": [14.75, 14.9, 15, 15.65], "texture": "#1"},
				"west": {"uv": [14.75, 14.9, 15.85, 15.65], "texture": "#1"},
				"up": {"uv": [14.75, 14.9, 15, 16], "rotation": 180, "texture": "#1"},
				"down": {"uv": [14.75, 14.9, 15, 16], "rotation": 180, "texture": "#1"}
			}
		},
		{
			"from": [10.3, -5, 7.4],
			"to": [11.3, -4, 7.9],
			"rotation": {"angle": 22.5, "axis": "z", "origin": [8, 0, 10]},
			"faces": {
				"north": {"uv": [14.75, 14.9, 15, 15.65], "texture": "#1"},
				"east": {"uv": [14.75, 14.9, 15.85, 15.65], "texture": "#1"},
				"south": {"uv": [14.75, 14.9, 15, 15.65], "texture": "#1"},
				"west": {"uv": [14.75, 14.9, 15.85, 15.65], "texture": "#1"},
				"up": {"uv": [14.75, 14.9, 15, 16], "rotation": 180, "texture": "#1"},
				"down": {"uv": [14.75, 14.9, 15, 16], "rotation": 180, "texture": "#1"}
			}
		},
		{
			"from": [9.3, -4, 7.4],
			"to": [11.3, -1.4, 7.9],
			"rotation": {"angle": 22.5, "axis": "z", "origin": [8, 0, 10]},
			"faces": {
				"north": {"uv": [14.75, 14.9, 15, 15.65], "texture": "#1"},
				"east": {"uv": [14.75, 14.9, 15.85, 15.65], "texture": "#1"},
				"south": {"uv": [14.75, 14.9, 15, 15.65], "texture": "#1"},
				"west": {"uv": [14.75, 14.9, 15.85, 15.65], "texture": "#1"},
				"up": {"uv": [14.75, 14.9, 15, 16], "rotation": 180, "texture": "#1"},
				"down": {"uv": [14.75, 14.9, 15, 16], "rotation": 180, "texture": "#1"}
			}
		},
		{
			"from": [10.3, -5, 12.2],
			"to": [11.3, -4, 12.7],
			"rotation": {"angle": 22.5, "axis": "z", "origin": [8, 0, 10]},
			"faces": {
				"north": {"uv": [14.75, 14.9, 15, 15.65], "texture": "#1"},
				"east": {"uv": [14.75, 14.9, 15.85, 15.65], "texture": "#1"},
				"south": {"uv": [14.75, 14.9, 15, 15.65], "texture": "#1"},
				"west": {"uv": [14.75, 14.9, 15.85, 15.65], "texture": "#1"},
				"up": {"uv": [14.75, 14.9, 15, 16], "rotation": 180, "texture": "#1"},
				"down": {"uv": [14.75, 14.9, 15, 16], "rotation": 180, "texture": "#1"}
			}
		},
		{
			"from": [9.1, -4.2, 7.8],
			"to": [11.1, -1.2, 8.8],
			"rotation": {"angle": 22.5, "axis": "z", "origin": [8, 0, 10]},
			"faces": {
				"north": {"uv": [14.75, 12.5, 15, 13.25], "texture": "#1"},
				"east": {"uv": [14.75, 12.5, 15.85, 13.25], "texture": "#1"},
				"south": {"uv": [14.75, 12.5, 15, 13.25], "texture": "#1"},
				"west": {"uv": [14.75, 12.5, 15.85, 13.25], "texture": "#1"},
				"up": {"uv": [14.75, 12.5, 15, 13.6], "rotation": 180, "texture": "#1"},
				"down": {"uv": [14.75, 12.5, 15, 13.6], "rotation": 180, "texture": "#1"}
			}
		},
		{
			"from": [3.9, -4.2, 7.8],
			"to": [4.9, -1.2, 12.2],
			"rotation": {"angle": -22.5, "axis": "z", "origin": [8, 0, 10]},
			"faces": {
				"north": {"uv": [14.75, 12.5, 15, 13.25], "texture": "#1"},
				"east": {"uv": [14.75, 12.5, 15.85, 13.25], "texture": "#1"},
				"south": {"uv": [14.75, 12.5, 15, 13.25], "texture": "#1"},
				"west": {"uv": [14.75, 12.5, 15.85, 13.25], "texture": "#1"},
				"up": {"uv": [14.75, 12.5, 15, 13.6], "texture": "#1"},
				"down": {"uv": [14.75, 12.5, 15, 13.6], "texture": "#1"}
			}
		},
		{
			"from": [3.9, -6.2, 7.8],
			"to": [4.9, -4.2, 12.2],
			"rotation": {"angle": -22.5, "axis": "z", "origin": [8, 0, 10]},
			"faces": {
				"north": {"uv": [14.75, 12.5, 15, 13.25], "texture": "#1"},
				"east": {"uv": [14.75, 12.5, 15.85, 13.25], "texture": "#1"},
				"south": {"uv": [14.75, 12.5, 15, 13.25], "texture": "#1"},
				"west": {"uv": [14.75, 12.5, 15.85, 13.25], "texture": "#1"},
				"up": {"uv": [14.75, 12.5, 15, 13.6], "texture": "#1"},
				"down": {"uv": [14.75, 12.5, 15, 13.6], "texture": "#1"}
			}
		},
		{
			"from": [3.5, -4.6, 7.5],
			"to": [4.5, -1.4, 12.5],
			"rotation": {"angle": -22.5, "axis": "z", "origin": [8, 0, 10]},
			"faces": {
				"north": {"uv": [14.75, 14.9, 15, 15.65], "texture": "#1"},
				"east": {"uv": [14.75, 14.9, 15.85, 15.65], "texture": "#1"},
				"south": {"uv": [14.75, 14.9, 15, 15.65], "texture": "#1"},
				"west": {"uv": [14.75, 14.9, 15.85, 15.65], "texture": "#1"},
				"up": {"uv": [14.75, 14.9, 15, 16], "texture": "#1"},
				"down": {"uv": [14.75, 14.9, 15, 16], "texture": "#1"}
			}
		},
		{
			"from": [3.7, -5, 7.5],
			"to": [4.7, -4.8, 12.5],
			"rotation": {"angle": -22.5, "axis": "z", "origin": [8, 0, 10]},
			"faces": {
				"north": {"uv": [14.75, 14.9, 15, 15.65], "texture": "#1"},
				"east": {"uv": [14.75, 14.9, 15.85, 15.65], "texture": "#1"},
				"south": {"uv": [14.75, 14.9, 15, 15.65], "texture": "#1"},
				"west": {"uv": [14.75, 14.9, 15.85, 15.65], "texture": "#1"},
				"up": {"uv": [14.75, 14.9, 15, 16], "texture": "#1"},
				"down": {"uv": [14.75, 14.9, 15, 16], "texture": "#1"}
			}
		},
		{
			"from": [3.7, -6, 7.5],
			"to": [4.7, -5.2, 12.5],
			"rotation": {"angle": -22.5, "axis": "z", "origin": [8, 0, 10]},
			"faces": {
				"north": {"uv": [14.75, 14.9, 15, 15.65], "texture": "#1"},
				"east": {"uv": [14.75, 14.9, 15.85, 15.65], "texture": "#1"},
				"south": {"uv": [14.75, 14.9, 15, 15.65], "texture": "#1"},
				"west": {"uv": [14.75, 14.9, 15.85, 15.65], "texture": "#1"},
				"up": {"uv": [14.75, 14.9, 15, 16], "texture": "#1"},
				"down": {"uv": [14.75, 14.9, 15, 16], "texture": "#1"}
			}
		},
		{
			"from": [4.9, -4.2, 7.8],
			"to": [6.9, -1.2, 8.8],
			"rotation": {"angle": -22.5, "axis": "z", "origin": [8, 0, 10]},
			"faces": {
				"north": {"uv": [14.75, 12.5, 15, 13.25], "texture": "#1"},
				"east": {"uv": [14.75, 12.5, 15.85, 13.25], "texture": "#1"},
				"south": {"uv": [14.75, 12.5, 15, 13.25], "texture": "#1"},
				"west": {"uv": [14.75, 12.5, 15.85, 13.25], "texture": "#1"},
				"up": {"uv": [14.75, 12.5, 15, 13.6], "texture": "#1"},
				"down": {"uv": [14.75, 12.5, 15, 13.6], "texture": "#1"}
			}
		},
		{
			"from": [4.9, -5.2, 7.8],
			"to": [5.9, -4.2, 8.8],
			"rotation": {"angle": -22.5, "axis": "z", "origin": [8, 0, 10]},
			"faces": {
				"north": {"uv": [14.75, 12.5, 15, 13.25], "texture": "#1"},
				"east": {"uv": [14.75, 12.5, 15.85, 13.25], "texture": "#1"},
				"south": {"uv": [14.75, 12.5, 15, 13.25], "texture": "#1"},
				"west": {"uv": [14.75, 12.5, 15.85, 13.25], "texture": "#1"},
				"up": {"uv": [14.75, 12.5, 15, 13.6], "texture": "#1"},
				"down": {"uv": [14.75, 12.5, 15, 13.6], "texture": "#1"}
			}
		},
		{
			"from": [4.9, -5.2, 11.2],
			"to": [5.9, -4.2, 12.2],
			"rotation": {"angle": -22.5, "axis": "z", "origin": [8, 0, 10]},
			"faces": {
				"north": {"uv": [14.75, 12.5, 15, 13.25], "texture": "#1"},
				"east": {"uv": [14.75, 12.5, 15.85, 13.25], "texture": "#1"},
				"south": {"uv": [14.75, 12.5, 15, 13.25], "texture": "#1"},
				"west": {"uv": [14.75, 12.5, 15.85, 13.25], "texture": "#1"},
				"up": {"uv": [14.75, 12.5, 15, 13.6], "texture": "#1"},
				"down": {"uv": [14.75, 12.5, 15, 13.6], "texture": "#1"}
			}
		},
		{
			"from": [4.7, -4, 7.3],
			"to": [6.7, -1.4, 7.8],
			"rotation": {"angle": -22.5, "axis": "z", "origin": [8, 0, 10]},
			"faces": {
				"north": {"uv": [14.75, 14.9, 15, 15.65], "texture": "#1"},
				"east": {"uv": [14.75, 14.9, 15.85, 15.65], "texture": "#1"},
				"south": {"uv": [14.75, 14.9, 15, 15.65], "texture": "#1"},
				"west": {"uv": [14.75, 14.9, 15.85, 15.65], "texture": "#1"},
				"up": {"uv": [14.75, 14.9, 15, 16], "texture": "#1"},
				"down": {"uv": [14.75, 14.9, 15, 16], "texture": "#1"}
			}
		},
		{
			"from": [4.7, -5, 12.1],
			"to": [5.7, -4, 12.6],
			"rotation": {"angle": -22.5, "axis": "z", "origin": [8, 0, 10]},
			"faces": {
				"north": {"uv": [14.75, 14.9, 15, 15.65], "texture": "#1"},
				"east": {"uv": [14.75, 14.9, 15.85, 15.65], "texture": "#1"},
				"south": {"uv": [14.75, 14.9, 15, 15.65], "texture": "#1"},
				"west": {"uv": [14.75, 14.9, 15.85, 15.65], "texture": "#1"},
				"up": {"uv": [14.75, 14.9, 15, 16], "texture": "#1"},
				"down": {"uv": [14.75, 14.9, 15, 16], "texture": "#1"}
			}
		},
		{
			"from": [4.7, -4, 12.1],
			"to": [6.7, -1.4, 12.6],
			"rotation": {"angle": -22.5, "axis": "z", "origin": [8, 0, 10]},
			"faces": {
				"north": {"uv": [14.75, 14.9, 15, 15.65], "texture": "#1"},
				"east": {"uv": [14.75, 14.9, 15.85, 15.65], "texture": "#1"},
				"south": {"uv": [14.75, 14.9, 15, 15.65], "texture": "#1"},
				"west": {"uv": [14.75, 14.9, 15.85, 15.65], "texture": "#1"},
				"up": {"uv": [14.75, 14.9, 15, 16], "texture": "#1"},
				"down": {"uv": [14.75, 14.9, 15, 16], "texture": "#1"}
			}
		},
		{
			"from": [4.7, -5, 7.3],
			"to": [5.7, -4, 7.8],
			"rotation": {"angle": -22.5, "axis": "z", "origin": [8, 0, 10]},
			"faces": {
				"north": {"uv": [14.75, 14.9, 15, 15.65], "texture": "#1"},
				"east": {"uv": [14.75, 14.9, 15.85, 15.65], "texture": "#1"},
				"south": {"uv": [14.75, 14.9, 15, 15.65], "texture": "#1"},
				"west": {"uv": [14.75, 14.9, 15.85, 15.65], "texture": "#1"},
				"up": {"uv": [14.75, 14.9, 15, 16], "texture": "#1"},
				"down": {"uv": [14.75, 14.9, 15, 16], "texture": "#1"}
			}
		},
		{
			"from": [4.9, -4.2, 11.2],
			"to": [6.9, -1.2, 12.2],
			"rotation": {"angle": -22.5, "axis": "z", "origin": [8, 0, 10]},
			"faces": {
				"north": {"uv": [14.75, 12.5, 15, 13.25], "texture": "#1"},
				"east": {"uv": [14.75, 12.5, 15.85, 13.25], "texture": "#1"},
				"south": {"uv": [14.75, 12.5, 15, 13.25], "texture": "#1"},
				"west": {"uv": [14.75, 12.5, 15.85, 13.25], "texture": "#1"},
				"up": {"uv": [14.75, 12.5, 15, 13.6], "texture": "#1"},
				"down": {"uv": [14.75, 12.5, 15, 13.6], "texture": "#1"}
			}
		},
		{
			"from": [7.1, -2.2, 7.7],
			"to": [10.1, 0.8, 8],
			"rotation": {"angle": -45, "axis": "z", "origin": [8, 0, 10]},
			"faces": {
				"north": {"uv": [15, 11, 16, 12], "rotation": 90, "texture": "#1"},
				"east": {"uv": [15, 11, 16, 11.15], "rotation": 270, "texture": "#1"},
				"south": {"uv": [15, 11, 16, 12], "rotation": 270, "texture": "#1"},
				"west": {"uv": [15, 11, 16, 11.15], "rotation": 270, "texture": "#1"},
				"up": {"uv": [15, 11, 15.15, 12], "rotation": 270, "texture": "#1"},
				"down": {"uv": [15, 11, 15.15, 12], "rotation": 270, "texture": "#1"}
			}
		},
		{
			"from": [7.6, -1.7, 7.4],
			"to": [9.6, 0.3, 8.4],
			"rotation": {"angle": -45, "axis": "z", "origin": [8, 0, 10]},
			"faces": {
				"north": {"uv": [14, 14, 15, 15], "rotation": 90, "texture": "#1"},
				"east": {"uv": [14, 14, 15, 14.15], "rotation": 270, "texture": "#1"},
				"south": {"uv": [14, 14, 15, 15], "rotation": 270, "texture": "#1"},
				"west": {"uv": [14, 14, 15, 14.15], "rotation": 270, "texture": "#1"},
				"up": {"uv": [14, 14, 14.15, 15], "rotation": 270, "texture": "#1"},
				"down": {"uv": [14, 14, 14.15, 15], "rotation": 270, "texture": "#1"}
			}
		},
		{
			"from": [4, -2.3, 7.9],
			"to": [12, -0.3, 8.4],
			"rotation": {"angle": 0, "axis": "y", "origin": [0, 0, 2]},
			"faces": {
				"north": {"uv": [13.75, 12, 15.75, 12.5], "texture": "#1"},
				"east": {"uv": [13.75, 12, 13.875, 12.5], "texture": "#1"},
				"south": {"uv": [13.75, 12, 15.75, 12.5], "texture": "#1"},
				"west": {"uv": [13.75, 12, 13.875, 12.5], "texture": "#1"},
				"up": {"uv": [13.75, 12, 15.75, 12.125], "texture": "#1"},
				"down": {"uv": [13.75, 12, 15.75, 12.125], "texture": "#1"}
			}
		},
		{
			"from": [4, -2.3, 11.6],
			"to": [12, -0.3, 12.1],
			"rotation": {"angle": 0, "axis": "y", "origin": [0, 0, 2]},
			"faces": {
				"north": {"uv": [13.75, 12, 15.75, 12.5], "texture": "#1"},
				"east": {"uv": [13.75, 12, 13.875, 12.5], "texture": "#1"},
				"south": {"uv": [13.75, 12, 15.75, 12.5], "texture": "#1"},
				"west": {"uv": [13.75, 12, 13.875, 12.5], "texture": "#1"},
				"up": {"uv": [13.75, 12, 15.75, 12.125], "texture": "#1"},
				"down": {"uv": [13.75, 12, 15.75, 12.125], "texture": "#1"}
			}
		},
		{
			"from": [3.8, -0.4, 7.9],
			"to": [5.8, 0.6, 12.1],
			"rotation": {"angle": 0, "axis": "y", "origin": [0, 0, 2]},
			"faces": {
				"north": {"uv": [14.25, 12.25, 14.75, 12.5], "texture": "#1"},
				"east": {"uv": [14.25, 12.25, 15.4, 12.5], "texture": "#1"},
				"south": {"uv": [14.25, 12.25, 14.75, 12.5], "texture": "#1"},
				"west": {"uv": [14.25, 12.25, 15.4, 12.5], "texture": "#1"},
				"up": {"uv": [14.25, 12.25, 14.75, 13.4], "texture": "#1"},
				"down": {"uv": [14.25, 12.25, 14.75, 13.4], "texture": "#1"}
			}
		},
		{
			"from": [10.2, -0.4, 7.9],
			"to": [12.2, 0.6, 12.1],
			"rotation": {"angle": 0, "axis": "y", "origin": [0, 0, 2]},
			"faces": {
				"north": {"uv": [14.25, 12.25, 14.75, 12.5], "texture": "#1"},
				"east": {"uv": [14.25, 12.25, 15.4, 12.5], "texture": "#1"},
				"south": {"uv": [14.25, 12.25, 14.75, 12.5], "texture": "#1"},
				"west": {"uv": [14.25, 12.25, 15.4, 12.5], "texture": "#1"},
				"up": {"uv": [14.25, 12.25, 14.75, 13.4], "texture": "#1"},
				"down": {"uv": [14.25, 12.25, 14.75, 13.4], "texture": "#1"}
			}
		}
	],
	"display": {
		"thirdperson_righthand": {
			"rotation": [60, 0, 0],
			"translation": [0, 1.5, 2],
			"scale": [0.2, 0.2, 0.2]
		},
		"thirdperson_lefthand": {
			"rotation": [60, 0, 0],
			"translation": [0, 1.5, 2],
			"scale": [0.2, 0.2, 0.2]
		},
		"firstperson_righthand": {
			"rotation": [0, 135, 0],
			"translation": [0, 6.5, 0],
			"scale": [0.2, 0.2, 0.2]
		},
		"firstperson_lefthand": {
			"rotation": [0, 135, 0],
			"translation": [0, 6.5, 0],
			"scale": [0.2, 0.2, 0.2]
		},
		"ground": {
			"translation": [0, 20, 0]
		},
		"gui": {
			"rotation": [30, 135, 0],
			"translation": [0, 11.5, 0]
		},
		"head": {
			"translation": [0, -8.75, -3],
			"scale": [1.5, 1.5, 1.5]
		},
		"fixed": {
			"translation": [0, 4, -1.5],
			"scale": [0.5, 0.5, 0.5]
		}
	},
	"groups": [
		{
			"name": "Charactor",
			"origin": [8, 8, 8],
			"color": 0,
			"children": [
				{
					"name": "B",
					"origin": [0, 0, 0],
					"color": 0,
					"children": [
						0,
						1,
						2,
						3,
						4,
						5,
						6,
						7,
						8,
						9,
						10,
						{
							"name": "skirt",
							"origin": [8, 0, 8],
							"color": 0,
							"children": [
								{
									"name": "group",
									"origin": [8, 0, 8],
									"color": 0,
									"children": [11, 12, 13, 14, 15, 16, 17, 18, 19, 20, 21, 22, 23]
								},
								{
									"name": "group",
									"origin": [8, 0, 8],
									"color": 0,
									"children": [24, 25, 26, 27, 28, 29, 30, 31, 32, 33, 34, 35, 36]
								},
								{
									"name": "group",
									"origin": [0, 0, 0],
									"color": 0,
									"children": [37, 38]
								},
								39,
								40,
								41,
								42
							]
						}
					]
				}
			]
		}
	]
}