{
	"credit": "Made with Blockbench",
	"texture_size": [64, 64],
	"textures": {
		"1": "item/braver/braver3",
		"particle": "item/braver/braver1"
	},
	"elements": [
		{
			"name": "RA",
			"from": [12, 6, 0],
			"to": [15, 10, 12],
			"rotation": {"angle": 0, "axis": "y", "origin": [14, 4, 6]},
			"faces": {
				"north": {"uv": [12, 4, 13, 5], "rotation": 180, "texture": "#1"},
				"east": {"uv": [10, 5, 11, 8], "rotation": 270, "texture": "#1"},
				"south": {"uv": [11, 4, 12, 5], "texture": "#1"},
				"west": {"uv": [12, 5, 13, 8], "rotation": 90, "texture": "#1"},
				"up": {"uv": [11, 5, 12, 8], "rotation": 180, "texture": "#1"},
				"down": {"uv": [13, 5, 14, 8], "texture": "#1"}
			}
		},
		{
			"from": [11.5, 5.5, 5],
			"to": [15.5, 10.5, 6],
			"rotation": {"angle": 0, "axis": "y", "origin": [14, 4, 6]},
			"faces": {
				"north": {"uv": [13.75, 13.75, 14.75, 15], "rotation": 180, "texture": "#1"},
				"east": {"uv": [13.75, 13.75, 15, 14], "rotation": 270, "texture": "#1"},
				"south": {"uv": [13.75, 13.75, 14.75, 15], "texture": "#1"},
				"west": {"uv": [13.75, 13.75, 15, 14], "rotation": 90, "texture": "#1"},
				"up": {"uv": [13.75, 13.75, 14.75, 14], "rotation": 180, "texture": "#1"},
				"down": {"uv": [13.75, 13.75, 14.75, 14], "texture": "#1"}
			}
		},
		{
			"from": [11.5, 5.5, 6.6],
			"to": [15.5, 10.5, 7.4],
			"rotation": {"angle": 0, "axis": "y", "origin": [14, 4, 6]},
			"faces": {
				"north": {"uv": [13.75, 13.75, 14.75, 15], "rotation": 180, "texture": "#1"},
				"east": {"uv": [13.75, 13.75, 15, 14], "rotation": 270, "texture": "#1"},
				"south": {"uv": [13.75, 13.75, 14.75, 15], "texture": "#1"},
				"west": {"uv": [13.75, 13.75, 15, 14], "rotation": 90, "texture": "#1"},
				"up": {"uv": [13.75, 13.75, 14.75, 14], "rotation": 180, "texture": "#1"},
				"down": {"uv": [13.75, 13.75, 14.75, 14], "texture": "#1"}
			}
		}
	],
	"display": {
		"thirdperson_righthand": {
			"rotation": [60, 0, 0],
			"translation": [0, 1.5, 2],
			"scale": [0.2, 0.2, 0.2]
		},
		"thirdperson_lefthand": {
			"rotation": [60, 0, 0],
			"translation": [0, 1.5, 2],
			"scale": [0.2, 0.2, 0.2]
		},
		"firstperson_righthand": {
			"rotation": [0, 135, 0],
			"translation": [0, 6.5, 0],
			"scale": [0.2, 0.2, 0.2]
		},
		"firstperson_lefthand": {
			"rotation": [0, 135, 0],
			"translation": [0, 6.5, 0],
			"scale": [0.2, 0.2, 0.2]
		},
		"ground": {
			"translation": [0, 20, 0]
		},
		"gui": {
			"rotation": [30, 135, 0],
			"translation": [0, 11.5, 0]
		},
		"head": {
			"rotation": [0, 0, 90],
			"translation": [0, -13, -6],
			"scale": [1.5, 1.5, 1.5]
		},
		"fixed": {
			"translation": [0, 4, -1.5],
			"scale": [0.5, 0.5, 0.5]
		}
	},
	"groups": [
		{
			"name": "Charactor",
			"origin": [8, 8, 8],
			"color": 0,
			"children": [
				{
					"name": "RA",
					"origin": [0, 0, 0],
					"color": 0,
					"children": [0, 1, 2]
				}
			]
		}
	]
}