{
	"credit": "Made with Blockbench",
	"texture_size": [64, 64],
	"textures": {
		"1": "item/braver/braver2",
		"particle": "item/braver/braver2"
	},
	"elements": [
		{
			"name": "LL",
			"from": [3.3, -13, 8.7],
			"to": [6.7, -1, 12.1],
			"rotation": {"angle": -22.5, "axis": "x", "origin": [6, -10, 9]},
			"faces": {
				"north": {"uv": [5, 13, 6, 16], "texture": "#1"},
				"east": {"uv": [4, 13, 5, 16], "texture": "#1"},
				"south": {"uv": [7, 13, 8, 16], "texture": "#1"},
				"west": {"uv": [6, 13, 7, 16], "texture": "#1"},
				"up": {"uv": [5, 12, 6, 13], "texture": "#1"},
				"down": {"uv": [6, 12, 7, 13], "texture": "#1"}
			}
		},
		{
			"from": [3, -13.1, 8.4],
			"to": [7, -9.1, 12.4],
			"rotation": {"angle": -22.5, "axis": "x", "origin": [6, -10, 9]},
			"faces": {
				"north": {"uv": [14.5, 14.25, 15.5, 15.25], "texture": "#1"},
				"east": {"uv": [14.5, 14.25, 15.5, 15.25], "texture": "#1"},
				"south": {"uv": [14.5, 14.25, 15.5, 15.25], "texture": "#1"},
				"west": {"uv": [14.5, 14.25, 15.5, 15.25], "texture": "#1"},
				"up": {"uv": [14.5, 14.25, 15.5, 15.25], "texture": "#1"},
				"down": {"uv": [14.5, 14.25, 15.5, 15.25], "texture": "#1"}
			}
		},
		{
			"from": [3, -8.5, 8.4],
			"to": [7, -7.5, 12.4],
			"rotation": {"angle": -22.5, "axis": "x", "origin": [6, -10, 9]},
			"faces": {
				"north": {"uv": [14.5, 14.25, 15.5, 15.25], "texture": "#1"},
				"east": {"uv": [14.5, 14.25, 15.5, 15.25], "texture": "#1"},
				"south": {"uv": [14.5, 14.25, 15.5, 15.25], "texture": "#1"},
				"west": {"uv": [14.5, 14.25, 15.5, 15.25], "texture": "#1"},
				"up": {"uv": [14.5, 14.25, 15.5, 15.25], "texture": "#1"},
				"down": {"uv": [14.5, 14.25, 15.5, 15.25], "texture": "#1"}
			}
		},
		{
			"from": [2.8, -13, 8.2],
			"to": [7.2, -12, 10.2],
			"rotation": {"angle": -22.5, "axis": "x", "origin": [6, -10, 9]},
			"faces": {
				"north": {"uv": [14.5, 10.75, 15.5, 11.75], "texture": "#1"},
				"east": {"uv": [14.5, 10.75, 15.5, 11.75], "texture": "#1"},
				"south": {"uv": [14.5, 10.75, 15.5, 11.75], "texture": "#1"},
				"west": {"uv": [14.5, 10.75, 15.5, 11.75], "texture": "#1"},
				"up": {"uv": [14.5, 10.75, 15.5, 11.75], "texture": "#1"},
				"down": {"uv": [14.5, 10.75, 15.5, 11.75], "texture": "#1"}
			}
		},
		{
			"name": "RL",
			"from": [8.9, -14, 3.3],
			"to": [12.3, -2, 6.7],
			"rotation": {"angle": 22.5, "axis": "x", "origin": [10, -10, 9]},
			"faces": {
				"north": {"uv": [1, 5, 2, 8], "texture": "#1"},
				"east": {"uv": [0, 5, 1, 8], "texture": "#1"},
				"south": {"uv": [3, 5, 4, 8], "texture": "#1"},
				"west": {"uv": [2, 5, 3, 8], "texture": "#1"},
				"up": {"uv": [1, 4, 2, 5], "texture": "#1"},
				"down": {"uv": [2, 4, 3, 5], "texture": "#1"}
			}
		},
		{
			"from": [8.6, -9.5, 3],
			"to": [12.6, -8.5, 7],
			"rotation": {"angle": 22.5, "axis": "x", "origin": [10, -10, 9]},
			"faces": {
				"north": {"uv": [14.5, 14.25, 15.5, 15.25], "texture": "#1"},
				"east": {"uv": [14.5, 14.25, 15.5, 15.25], "texture": "#1"},
				"south": {"uv": [14.5, 14.25, 15.5, 15.25], "texture": "#1"},
				"west": {"uv": [14.5, 14.25, 15.5, 15.25], "texture": "#1"},
				"up": {"uv": [14.5, 14.25, 15.5, 15.25], "texture": "#1"},
				"down": {"uv": [14.5, 14.25, 15.5, 15.25], "texture": "#1"}
			}
		},
		{
			"from": [8.6, -14.1, 3],
			"to": [12.6, -10.1, 7],
			"rotation": {"angle": 22.5, "axis": "x", "origin": [10, -10, 9]},
			"faces": {
				"north": {"uv": [14.5, 14.25, 15.5, 15.25], "texture": "#1"},
				"east": {"uv": [14.5, 14.25, 15.5, 15.25], "texture": "#1"},
				"south": {"uv": [14.5, 14.25, 15.5, 15.25], "texture": "#1"},
				"west": {"uv": [14.5, 14.25, 15.5, 15.25], "texture": "#1"},
				"up": {"uv": [14.5, 14.25, 15.5, 15.25], "texture": "#1"},
				"down": {"uv": [14.5, 14.25, 15.5, 15.25], "texture": "#1"}
			}
		},
		{
			"from": [8.4, -14, 2.8],
			"to": [12.8, -13, 4.8],
			"rotation": {"angle": 22.5, "axis": "x", "origin": [10, -10, 9]},
			"faces": {
				"north": {"uv": [14.5, 10.75, 15.5, 11.75], "texture": "#1"},
				"east": {"uv": [14.5, 10.75, 15.5, 11.75], "texture": "#1"},
				"south": {"uv": [14.5, 10.75, 15.5, 11.75], "texture": "#1"},
				"west": {"uv": [14.5, 10.75, 15.5, 11.75], "texture": "#1"},
				"up": {"uv": [14.5, 10.75, 15.5, 11.75], "texture": "#1"},
				"down": {"uv": [14.5, 10.75, 15.5, 11.75], "texture": "#1"}
			}
		}
	],
	"display": {
		"thirdperson_righthand": {
			"rotation": [60, 0, 0],
			"translation": [0, 1.5, 2],
			"scale": [0.2, 0.2, 0.2]
		},
		"thirdperson_lefthand": {
			"rotation": [60, 0, 0],
			"translation": [0, 1.5, 2],
			"scale": [0.2, 0.2, 0.2]
		},
		"firstperson_righthand": {
			"rotation": [0, 135, 0],
			"translation": [0, 6.5, 0],
			"scale": [0.2, 0.2, 0.2]
		},
		"firstperson_lefthand": {
			"rotation": [0, 135, 0],
			"translation": [0, 6.5, 0],
			"scale": [0.2, 0.2, 0.2]
		},
		"ground": {
			"translation": [0, 20, 0]
		},
		"gui": {
			"rotation": [30, 135, 0],
			"translation": [0, 11.5, 0]
		},
		"head": {
			"translation": [0, 8.5, 0],
			"scale": [1.5, 1.5, 1.5]
		},
		"fixed": {
			"translation": [0, 4, -1.5],
			"scale": [0.5, 0.5, 0.5]
		}
	},
	"groups": [
		{
			"name": "Charactor",
			"origin": [8, 8, 8],
			"color": 0,
			"children": [
				{
					"name": "LL",
					"origin": [0, 0, 0],
					"color": 0,
					"children": [0, 1, 2, 3]
				},
				{
					"name": "RL",
					"origin": [0, 0, 0],
					"color": 0,
					"children": [4, 5, 6, 7]
				}
			]
		}
	]
}