{
	"credit": "Made with Blockbench",
	"texture_size": [64, 64],
	"textures": {
		"1": "item/braver/braver1",
		"particle": "item/braver/braver1"
	},
	"elements": [
		{
			"from": [13.1, 5, 1.1],
			"to": [13.9, 12, 1.9],
			"rotation": {"angle": 0, "axis": "z", "origin": [14, 6, 1]},
			"faces": {
				"north": {"uv": [0, 14.25, 0.25, 16], "rotation": 180, "texture": "#1"},
				"east": {"uv": [0, 14.25, 0.25, 16], "rotation": 180, "texture": "#1"},
				"south": {"uv": [0, 14.25, 0.25, 16], "rotation": 180, "texture": "#1"},
				"west": {"uv": [0, 14.25, 0.25, 16], "rotation": 180, "texture": "#1"},
				"up": {"uv": [0, 14.25, 0.25, 14.5], "rotation": 180, "texture": "#1"},
				"down": {"uv": [0, 14.25, 0.25, 14.5], "rotation": 180, "texture": "#1"}
			}
		},
		{
			"from": [11, 4, 1],
			"to": [16, 5, 2],
			"rotation": {"angle": 0, "axis": "z", "origin": [14, 6, 1]},
			"faces": {
				"north": {"uv": [14, 10.5, 15.25, 11], "rotation": 180, "texture": "#1"},
				"east": {"uv": [14, 10.5, 14.25, 11], "rotation": 180, "texture": "#1"},
				"south": {"uv": [14, 10.5, 15.25, 11], "rotation": 180, "texture": "#1"},
				"west": {"uv": [14, 10.5, 14.25, 11], "rotation": 180, "texture": "#1"},
				"up": {"uv": [14, 10.5, 15.25, 10.75], "rotation": 180, "texture": "#1"},
				"down": {"uv": [14, 10.5, 15.25, 10.75], "rotation": 180, "texture": "#1"}
			}
		},
		{
			"from": [12.5, -12, 1.2],
			"to": [14.5, 4, 1.8],
			"rotation": {"angle": 0, "axis": "z", "origin": [14, 6, 1]},
			"faces": {
				"north": {"uv": [12, 12, 12.5, 16], "rotation": 180, "texture": "#1"},
				"east": {"uv": [12, 12, 12.15, 16], "rotation": 180, "texture": "#1"},
				"south": {"uv": [12, 12, 12.5, 16], "rotation": 180, "texture": "#1"},
				"west": {"uv": [12, 12, 12.15, 16], "rotation": 180, "texture": "#1"},
				"up": {"uv": [12, 12, 12.5, 12.15], "rotation": 180, "texture": "#1"},
				"down": {"uv": [12, 12, 12.5, 12.15], "rotation": 180, "texture": "#1"}
			}
		},
		{
			"from": [12.7, -12.5, 1.2],
			"to": [14.3, -12, 1.8],
			"rotation": {"angle": 0, "axis": "z", "origin": [14, 6, 1]},
			"faces": {
				"north": {"uv": [12, 12, 12.5, 16], "rotation": 180, "texture": "#1"},
				"east": {"uv": [12, 12, 12.15, 16], "rotation": 180, "texture": "#1"},
				"south": {"uv": [12, 12, 12.5, 16], "rotation": 180, "texture": "#1"},
				"west": {"uv": [12, 12, 12.15, 16], "rotation": 180, "texture": "#1"},
				"up": {"uv": [12, 12, 12.5, 12.15], "rotation": 180, "texture": "#1"},
				"down": {"uv": [12, 12, 12.5, 12.15], "rotation": 180, "texture": "#1"}
			}
		},
		{
			"from": [12.9, -13, 1.2],
			"to": [14.1, -12.5, 1.8],
			"rotation": {"angle": 0, "axis": "z", "origin": [14, 6, 1]},
			"faces": {
				"north": {"uv": [12, 12, 12.5, 16], "rotation": 180, "texture": "#1"},
				"east": {"uv": [12, 12, 12.15, 16], "rotation": 180, "texture": "#1"},
				"south": {"uv": [12, 12, 12.5, 16], "rotation": 180, "texture": "#1"},
				"west": {"uv": [12, 12, 12.15, 16], "rotation": 180, "texture": "#1"},
				"up": {"uv": [12, 12, 12.5, 12.15], "rotation": 180, "texture": "#1"},
				"down": {"uv": [12, 12, 12.5, 12.15], "rotation": 180, "texture": "#1"}
			}
		},
		{
			"from": [13.1, -13.5, 1.2],
			"to": [13.9, -13, 1.8],
			"rotation": {"angle": 0, "axis": "z", "origin": [14, 6, 1]},
			"faces": {
				"north": {"uv": [12, 12, 12.5, 16], "rotation": 180, "texture": "#1"},
				"east": {"uv": [12, 12, 12.15, 16], "rotation": 180, "texture": "#1"},
				"south": {"uv": [12, 12, 12.5, 16], "rotation": 180, "texture": "#1"},
				"west": {"uv": [12, 12, 12.15, 16], "rotation": 180, "texture": "#1"},
				"up": {"uv": [12, 12, 12.5, 12.15], "rotation": 180, "texture": "#1"},
				"down": {"uv": [12, 12, 12.5, 12.15], "rotation": 180, "texture": "#1"}
			}
		},
		{
			"from": [13.3, -14, 1.2],
			"to": [13.7, -13.5, 1.8],
			"rotation": {"angle": 0, "axis": "z", "origin": [14, 6, 1]},
			"faces": {
				"north": {"uv": [12, 12, 12.5, 16], "rotation": 180, "texture": "#1"},
				"east": {"uv": [12, 12, 12.15, 16], "rotation": 180, "texture": "#1"},
				"south": {"uv": [12, 12, 12.5, 16], "rotation": 180, "texture": "#1"},
				"west": {"uv": [12, 12, 12.15, 16], "rotation": 180, "texture": "#1"},
				"up": {"uv": [12, 12, 12.5, 12.15], "rotation": 180, "texture": "#1"},
				"down": {"uv": [12, 12, 12.5, 12.15], "rotation": 180, "texture": "#1"}
			}
		},
		{
			"from": [12, -12, 1.4],
			"to": [15, 4, 1.6],
			"rotation": {"angle": 0, "axis": "z", "origin": [14, 6, 1]},
			"faces": {
				"north": {"uv": [12.5, 12, 13, 16], "rotation": 180, "texture": "#1"},
				"east": {"uv": [12.5, 12, 12.65, 16], "rotation": 180, "texture": "#1"},
				"south": {"uv": [12.5, 12, 13, 16], "rotation": 180, "texture": "#1"},
				"west": {"uv": [12.5, 12, 12.65, 16], "rotation": 180, "texture": "#1"},
				"up": {"uv": [12.5, 12, 13, 12.15], "rotation": 180, "texture": "#1"},
				"down": {"uv": [12.5, 12, 13, 12.15], "rotation": 180, "texture": "#1"}
			}
		},
		{
			"from": [12.2, -12.5, 1.4],
			"to": [14.8, -12, 1.6],
			"rotation": {"angle": 0, "axis": "z", "origin": [14, 6, 1]},
			"faces": {
				"north": {"uv": [12.5, 12, 13, 16], "rotation": 180, "texture": "#1"},
				"east": {"uv": [12.5, 12, 12.65, 16], "rotation": 180, "texture": "#1"},
				"south": {"uv": [12.5, 12, 13, 16], "rotation": 180, "texture": "#1"},
				"west": {"uv": [12.5, 12, 12.65, 16], "rotation": 180, "texture": "#1"},
				"up": {"uv": [12.5, 12, 13, 12.15], "rotation": 180, "texture": "#1"},
				"down": {"uv": [12.5, 12, 13, 12.15], "rotation": 180, "texture": "#1"}
			}
		},
		{
			"from": [12.4, -13, 1.4],
			"to": [14.6, -12.5, 1.6],
			"rotation": {"angle": 0, "axis": "z", "origin": [14, 6, 1]},
			"faces": {
				"north": {"uv": [12.5, 12, 13, 16], "rotation": 180, "texture": "#1"},
				"east": {"uv": [12.5, 12, 12.65, 16], "rotation": 180, "texture": "#1"},
				"south": {"uv": [12.5, 12, 13, 16], "rotation": 180, "texture": "#1"},
				"west": {"uv": [12.5, 12, 12.65, 16], "rotation": 180, "texture": "#1"},
				"up": {"uv": [12.5, 12, 13, 12.15], "rotation": 180, "texture": "#1"},
				"down": {"uv": [12.5, 12, 13, 12.15], "rotation": 180, "texture": "#1"}
			}
		},
		{
			"from": [12.6, -13.5, 1.4],
			"to": [14.4, -13, 1.6],
			"rotation": {"angle": 0, "axis": "z", "origin": [14, 6, 1]},
			"faces": {
				"north": {"uv": [12.5, 12, 13, 16], "rotation": 180, "texture": "#1"},
				"east": {"uv": [12.5, 12, 12.65, 16], "rotation": 180, "texture": "#1"},
				"south": {"uv": [12.5, 12, 13, 16], "rotation": 180, "texture": "#1"},
				"west": {"uv": [12.5, 12, 12.65, 16], "rotation": 180, "texture": "#1"},
				"up": {"uv": [12.5, 12, 13, 12.15], "rotation": 180, "texture": "#1"},
				"down": {"uv": [12.5, 12, 13, 12.15], "rotation": 180, "texture": "#1"}
			}
		},
		{
			"from": [12.8, -14, 1.4],
			"to": [14.2, -13.5, 1.6],
			"rotation": {"angle": 0, "axis": "z", "origin": [14, 6, 1]},
			"faces": {
				"north": {"uv": [12.5, 12, 13, 16], "rotation": 180, "texture": "#1"},
				"east": {"uv": [12.5, 12, 12.65, 16], "rotation": 180, "texture": "#1"},
				"south": {"uv": [12.5, 12, 13, 16], "rotation": 180, "texture": "#1"},
				"west": {"uv": [12.5, 12, 12.65, 16], "rotation": 180, "texture": "#1"},
				"up": {"uv": [12.5, 12, 13, 12.15], "rotation": 180, "texture": "#1"},
				"down": {"uv": [12.5, 12, 13, 12.15], "rotation": 180, "texture": "#1"}
			}
		},
		{
			"from": [13, -14.5, 1.4],
			"to": [14, -14, 1.6],
			"rotation": {"angle": 0, "axis": "z", "origin": [14, 6, 1]},
			"faces": {
				"north": {"uv": [12.5, 12, 13, 16], "rotation": 180, "texture": "#1"},
				"east": {"uv": [12.5, 12, 12.65, 16], "rotation": 180, "texture": "#1"},
				"south": {"uv": [12.5, 12, 13, 16], "rotation": 180, "texture": "#1"},
				"west": {"uv": [12.5, 12, 12.65, 16], "rotation": 180, "texture": "#1"},
				"up": {"uv": [12.5, 12, 13, 12.15], "rotation": 180, "texture": "#1"},
				"down": {"uv": [12.5, 12, 13, 12.15], "rotation": 180, "texture": "#1"}
			}
		},
		{
			"from": [13.2, -15, 1.4],
			"to": [13.8, -14.5, 1.6],
			"rotation": {"angle": 0, "axis": "z", "origin": [14, 6, 1]},
			"faces": {
				"north": {"uv": [12.5, 12, 13, 16], "rotation": 180, "texture": "#1"},
				"east": {"uv": [12.5, 12, 12.65, 16], "rotation": 180, "texture": "#1"},
				"south": {"uv": [12.5, 12, 13, 16], "rotation": 180, "texture": "#1"},
				"west": {"uv": [12.5, 12, 12.65, 16], "rotation": 180, "texture": "#1"},
				"up": {"uv": [12.5, 12, 13, 12.15], "rotation": 180, "texture": "#1"},
				"down": {"uv": [12.5, 12, 13, 12.15], "rotation": 180, "texture": "#1"}
			}
		},
		{
			"from": [17.3, 0, 1],
			"to": [19.3, 2, 2],
			"rotation": {"angle": -45, "axis": "z", "origin": [14, 6, 1]},
			"faces": {
				"north": {"uv": [14.5, 10.75, 15, 11.25], "rotation": 270, "texture": "#1"},
				"east": {"uv": [14.5, 10.75, 15, 11], "rotation": 90, "texture": "#1"},
				"south": {"uv": [14.5, 10.75, 15, 11.25], "rotation": 90, "texture": "#1"},
				"west": {"uv": [14.5, 10.75, 15, 11], "rotation": 90, "texture": "#1"},
				"up": {"uv": [14.5, 10.75, 14.75, 11.25], "rotation": 90, "texture": "#1"},
				"down": {"uv": [14.5, 10.75, 14.75, 11.25], "rotation": 90, "texture": "#1"}
			}
		},
		{
			"from": [16.8, -0.5, 1.1],
			"to": [19.8, 2.5, 1.9],
			"rotation": {"angle": -45, "axis": "z", "origin": [14, 6, 1]},
			"faces": {
				"north": {"uv": [12, 12.25, 12.5, 12.75], "rotation": 270, "texture": "#1"},
				"east": {"uv": [12, 12.25, 12.5, 12.5], "rotation": 90, "texture": "#1"},
				"south": {"uv": [12, 12.25, 12.5, 12.75], "rotation": 90, "texture": "#1"},
				"west": {"uv": [12, 12.25, 12.5, 12.5], "rotation": 90, "texture": "#1"},
				"up": {"uv": [12, 12.25, 12.25, 12.75], "rotation": 90, "texture": "#1"},
				"down": {"uv": [12, 12.25, 12.25, 12.75], "rotation": 90, "texture": "#1"}
			}
		},
		{
			"from": [16.3, -1, 1.3],
			"to": [20.3, 3, 1.7],
			"rotation": {"angle": -45, "axis": "z", "origin": [14, 6, 1]},
			"faces": {
				"north": {"uv": [12.5, 12, 13, 12.5], "rotation": 270, "texture": "#1"},
				"east": {"uv": [12.5, 12, 13, 12.25], "rotation": 90, "texture": "#1"},
				"south": {"uv": [12.5, 12, 13, 12.5], "rotation": 90, "texture": "#1"},
				"west": {"uv": [12.5, 12, 13, 12.25], "rotation": 90, "texture": "#1"},
				"up": {"uv": [12.5, 12, 12.75, 12.5], "rotation": 90, "texture": "#1"},
				"down": {"uv": [12.5, 12, 12.75, 12.5], "rotation": 90, "texture": "#1"}
			}
		},
		{
			"from": [15.5, 5.4, 1.1],
			"to": [17.5, 7.4, 1.9],
			"rotation": {"angle": -45, "axis": "z", "origin": [14, 6, 1]},
			"faces": {
				"north": {"uv": [14.25, 11.25, 14.75, 11.75], "rotation": 270, "texture": "#1"},
				"east": {"uv": [14.25, 11.25, 14.75, 11.45], "rotation": 90, "texture": "#1"},
				"south": {"uv": [14.25, 11.25, 14.75, 11.75], "rotation": 90, "texture": "#1"},
				"west": {"uv": [14.25, 11.25, 14.75, 11.45], "rotation": 90, "texture": "#1"},
				"up": {"uv": [14.25, 11.25, 14.45, 11.75], "rotation": 90, "texture": "#1"},
				"down": {"uv": [14.25, 11.25, 14.45, 11.75], "rotation": 90, "texture": "#1"}
			}
		},
		{
			"from": [15.3, 5.2, 1.3],
			"to": [17.7, 7.6, 1.7],
			"rotation": {"angle": -45, "axis": "z", "origin": [14, 6, 1]},
			"faces": {
				"north": {"uv": [13.75, 10.25, 14.25, 10.75], "rotation": 270, "texture": "#1"},
				"east": {"uv": [13.75, 10.25, 14.25, 10.45], "rotation": 90, "texture": "#1"},
				"south": {"uv": [13.75, 10.25, 14.25, 10.75], "rotation": 90, "texture": "#1"},
				"west": {"uv": [13.75, 10.25, 14.25, 10.45], "rotation": 90, "texture": "#1"},
				"up": {"uv": [13.75, 10.25, 13.95, 10.75], "rotation": 90, "texture": "#1"},
				"down": {"uv": [13.75, 10.25, 13.95, 10.75], "rotation": 90, "texture": "#1"}
			}
		},
		{
			"from": [11.7, 1.6, 1.3],
			"to": [14.1, 4, 1.7],
			"rotation": {"angle": -45, "axis": "z", "origin": [14, 6, 1]},
			"faces": {
				"north": {"uv": [13.75, 10.25, 14.25, 10.75], "rotation": 270, "texture": "#1"},
				"east": {"uv": [13.75, 10.25, 14.25, 10.45], "rotation": 90, "texture": "#1"},
				"south": {"uv": [13.75, 10.25, 14.25, 10.75], "rotation": 90, "texture": "#1"},
				"west": {"uv": [13.75, 10.25, 14.25, 10.45], "rotation": 90, "texture": "#1"},
				"up": {"uv": [13.75, 10.25, 13.95, 10.75], "rotation": 90, "texture": "#1"},
				"down": {"uv": [13.75, 10.25, 13.95, 10.75], "rotation": 90, "texture": "#1"}
			}
		},
		{
			"from": [16, 5.9, 0.9],
			"to": [17, 6.9, 2.1],
			"rotation": {"angle": -45, "axis": "z", "origin": [14, 6, 1]},
			"faces": {
				"north": {"uv": [14.75, 12.25, 15.25, 12.75], "rotation": 270, "texture": "#1"},
				"east": {"uv": [14.75, 12.25, 15.25, 12.45], "rotation": 90, "texture": "#1"},
				"south": {"uv": [14.75, 12.25, 15.25, 12.75], "rotation": 90, "texture": "#1"},
				"west": {"uv": [14.75, 12.25, 15.25, 12.45], "rotation": 90, "texture": "#1"},
				"up": {"uv": [14.75, 12.25, 14.95, 12.75], "rotation": 90, "texture": "#1"},
				"down": {"uv": [14.75, 12.25, 14.95, 12.75], "rotation": 90, "texture": "#1"}
			}
		},
		{
			"from": [12.4, 2.3, 0.9],
			"to": [13.4, 3.3, 2.1],
			"rotation": {"angle": -45, "axis": "z", "origin": [14, 6, 1]},
			"faces": {
				"north": {"uv": [14.75, 12.25, 15.25, 12.75], "rotation": 270, "texture": "#1"},
				"east": {"uv": [14.75, 12.25, 15.25, 12.45], "rotation": 90, "texture": "#1"},
				"south": {"uv": [14.75, 12.25, 15.25, 12.75], "rotation": 90, "texture": "#1"},
				"west": {"uv": [14.75, 12.25, 15.25, 12.45], "rotation": 90, "texture": "#1"},
				"up": {"uv": [14.75, 12.25, 14.95, 12.75], "rotation": 90, "texture": "#1"},
				"down": {"uv": [14.75, 12.25, 14.95, 12.75], "rotation": 90, "texture": "#1"}
			}
		},
		{
			"from": [11.9, 1.8, 1.1],
			"to": [13.9, 3.8, 1.9],
			"rotation": {"angle": -45, "axis": "z", "origin": [14, 6, 1]},
			"faces": {
				"north": {"uv": [14.25, 11.25, 14.75, 11.75], "rotation": 270, "texture": "#1"},
				"east": {"uv": [14.25, 11.25, 14.75, 11.45], "rotation": 90, "texture": "#1"},
				"south": {"uv": [14.25, 11.25, 14.75, 11.75], "rotation": 90, "texture": "#1"},
				"west": {"uv": [14.25, 11.25, 14.75, 11.45], "rotation": 90, "texture": "#1"},
				"up": {"uv": [14.25, 11.25, 14.45, 11.75], "rotation": 90, "texture": "#1"},
				"down": {"uv": [14.25, 11.25, 14.45, 11.75], "rotation": 90, "texture": "#1"}
			}
		},
		{
			"from": [13.3, 3.5, 0.8],
			"to": [13.7, 5.5, 2.2],
			"rotation": {"angle": 0, "axis": "z", "origin": [14, 6, 1]},
			"faces": {
				"north": {"uv": [14.25, 11, 14.35, 11.5], "rotation": 180, "texture": "#1"},
				"east": {"uv": [14.25, 11, 14.6, 11.5], "rotation": 180, "texture": "#1"},
				"south": {"uv": [14.25, 11, 14.35, 11.5], "rotation": 180, "texture": "#1"},
				"west": {"uv": [14.25, 11, 14.6, 11.5], "rotation": 180, "texture": "#1"},
				"up": {"uv": [14.25, 11, 14.35, 11.35], "rotation": 180, "texture": "#1"},
				"down": {"uv": [14.25, 11, 14.35, 11.35], "rotation": 180, "texture": "#1"}
			}
		},
		{
			"from": [12.7, 3.8, 0.8],
			"to": [13.1, 5.2, 2.2],
			"rotation": {"angle": 0, "axis": "z", "origin": [14, 6, 1]},
			"faces": {
				"north": {"uv": [14.25, 11, 14.35, 11.5], "rotation": 180, "texture": "#1"},
				"east": {"uv": [14.25, 11, 14.6, 11.5], "rotation": 180, "texture": "#1"},
				"south": {"uv": [14.25, 11, 14.35, 11.5], "rotation": 180, "texture": "#1"},
				"west": {"uv": [14.25, 11, 14.6, 11.5], "rotation": 180, "texture": "#1"},
				"up": {"uv": [14.25, 11, 14.35, 11.35], "rotation": 180, "texture": "#1"},
				"down": {"uv": [14.25, 11, 14.35, 11.35], "rotation": 180, "texture": "#1"}
			}
		},
		{
			"from": [13.9, 3.8, 0.8],
			"to": [14.3, 5.2, 2.2],
			"rotation": {"angle": 0, "axis": "z", "origin": [14, 6, 1]},
			"faces": {
				"north": {"uv": [14.25, 11, 14.35, 11.5], "rotation": 180, "texture": "#1"},
				"east": {"uv": [14.25, 11, 14.6, 11.5], "rotation": 180, "texture": "#1"},
				"south": {"uv": [14.25, 11, 14.35, 11.5], "rotation": 180, "texture": "#1"},
				"west": {"uv": [14.25, 11, 14.6, 11.5], "rotation": 180, "texture": "#1"},
				"up": {"uv": [14.25, 11, 14.35, 11.35], "rotation": 180, "texture": "#1"},
				"down": {"uv": [14.25, 11, 14.35, 11.35], "rotation": 180, "texture": "#1"}
			}
		},
		{
			"from": [13, 3.9, 0.9],
			"to": [14, 5.1, 2.1],
			"rotation": {"angle": 0, "axis": "z", "origin": [14, 6, 1]},
			"faces": {
				"north": {"uv": [14.25, 12.75, 14.5, 13.05], "rotation": 180, "texture": "#1"},
				"east": {"uv": [14.25, 12.75, 14.55, 13.05], "rotation": 180, "texture": "#1"},
				"south": {"uv": [14.25, 12.75, 14.5, 13.05], "rotation": 180, "texture": "#1"},
				"west": {"uv": [14.25, 12.75, 14.55, 13.05], "rotation": 180, "texture": "#1"},
				"up": {"uv": [14.25, 12.75, 14.5, 13.05], "rotation": 180, "texture": "#1"},
				"down": {"uv": [14.25, 12.75, 14.5, 13.05], "rotation": 180, "texture": "#1"}
			}
		},
		{
			"from": [9, 9.3, 1],
			"to": [10, 10.3, 2],
			"rotation": {"angle": -45, "axis": "z", "origin": [14, 6, 1]},
			"faces": {
				"north": {"uv": [14, 10.75, 14.25, 11], "rotation": 270, "texture": "#1"},
				"east": {"uv": [14, 10.75, 14.25, 11], "rotation": 90, "texture": "#1"},
				"south": {"uv": [14, 10.75, 14.25, 11], "rotation": 90, "texture": "#1"},
				"west": {"uv": [14, 10.75, 14.25, 11], "rotation": 90, "texture": "#1"},
				"up": {"uv": [14, 10.75, 14.25, 11], "rotation": 90, "texture": "#1"},
				"down": {"uv": [14, 10.75, 14.25, 11], "rotation": 90, "texture": "#1"}
			}
		},
		{
			"from": [9.2, 9.5, 0.9],
			"to": [9.8, 10.1, 2.1],
			"rotation": {"angle": -45, "axis": "z", "origin": [14, 6, 1]},
			"faces": {
				"north": {"uv": [14.25, 12.5, 14.5, 12.75], "rotation": 270, "texture": "#1"},
				"east": {"uv": [14.25, 12.5, 14.5, 12.75], "rotation": 90, "texture": "#1"},
				"south": {"uv": [14.25, 12.5, 14.5, 12.75], "rotation": 90, "texture": "#1"},
				"west": {"uv": [14.25, 12.5, 14.5, 12.75], "rotation": 90, "texture": "#1"},
				"up": {"uv": [14.25, 12.5, 14.5, 12.75], "rotation": 90, "texture": "#1"},
				"down": {"uv": [14.25, 12.5, 14.5, 12.75], "rotation": 90, "texture": "#1"}
			}
		}
	],
	"display": {
		"thirdperson_righthand": {
			"rotation": [60, 0, 0],
			"translation": [0, 1.5, 2],
			"scale": [0.2, 0.2, 0.2]
		},
		"thirdperson_lefthand": {
			"rotation": [60, 0, 0],
			"translation": [0, 1.5, 2],
			"scale": [0.2, 0.2, 0.2]
		},
		"firstperson_righthand": {
			"rotation": [0, 135, 0],
			"translation": [0, 6.5, 0],
			"scale": [0.2, 0.2, 0.2]
		},
		"firstperson_lefthand": {
			"rotation": [0, 135, 0],
			"translation": [0, 6.5, 0],
			"scale": [0.2, 0.2, 0.2]
		},
		"ground": {
			"translation": [0, 20, 0]
		},
		"gui": {
			"rotation": [30, 135, 0],
			"translation": [0, 11.5, 0]
		},
		"head": {
			"rotation": [90, 90, 0],
			"translation": [9.75, -13, -0.75],
			"scale": [1.5, 1.5, 1.5]
		},
		"fixed": {
			"translation": [0, 4, -1.5],
			"scale": [0.5, 0.5, 0.5]
		}
	},
	"groups": [
		{
			"name": "Sword",
			"origin": [8, 8, 8],
			"color": 0,
			"children": [0, 1, 2, 3, 4, 5, 6, 7, 8, 9, 10, 11, 12, 13, 14, 15, 16, 17, 18, 19, 20, 21, 22, 23, 24, 25, 26, 27, 28]
		}
	]
}