{
	"credit": "Made with Blockbench",
	"texture_size": [64, 64],
	"textures": {
		"1": "item/braver/braver2",
		"particle": "item/braver/braver1"
	},
	"elements": [
		{
			"name": "H",
			"from": [4, 10, 6],
			"to": [12, 18, 14],
			"rotation": {"angle": 0, "axis": "y", "origin": [8, 14, 10]},
			"faces": {
				"north": {"uv": [2, 2, 4, 4], "texture": "#1"},
				"east": {"uv": [0, 2, 2, 4], "texture": "#1"},
				"south": {"uv": [6, 2, 8, 4], "texture": "#1"},
				"west": {"uv": [4, 2, 6, 4], "texture": "#1"},
				"up": {"uv": [2, 0, 4, 2], "texture": "#1"},
				"down": {"uv": [4, 0, 6, 2], "texture": "#1"}
			}
		},
		{
			"name": "H",
			"from": [3.7, 9.7, 5.7],
			"to": [12.3, 18.3, 14.3],
			"rotation": {"angle": 0, "axis": "y", "origin": [8, 14, 10]},
			"faces": {
				"north": {"uv": [10, 2, 12, 4], "texture": "#1"},
				"east": {"uv": [8, 2, 10, 4], "texture": "#1"},
				"south": {"uv": [14, 2, 16, 4], "texture": "#1"},
				"west": {"uv": [12, 2, 14, 4], "texture": "#1"},
				"up": {"uv": [10, 0, 12, 2], "texture": "#1"},
				"down": {"uv": [12, 0, 14, 2], "texture": "#1"}
			}
		},
		{
			"name": "H",
			"from": [3.5, 14.9, 5.4],
			"to": [12.5, 15.9, 14.4],
			"rotation": {"angle": 0, "axis": "y", "origin": [8, 14, 10]},
			"faces": {
				"north": {"uv": [14, 14, 16, 16], "texture": "#1"},
				"east": {"uv": [14, 14, 16, 16], "texture": "#1"},
				"south": {"uv": [14, 14, 16, 16], "texture": "#1"},
				"west": {"uv": [14, 14, 16, 16], "texture": "#1"},
				"up": {"uv": [14, 14, 16, 16], "texture": "#1"},
				"down": {"uv": [14, 14, 16, 16], "texture": "#1"}
			}
		},
		{
			"name": "H",
			"from": [3.5, 16.2, 5.4],
			"to": [12.5, 17.2, 14.4],
			"rotation": {"angle": 0, "axis": "y", "origin": [8, 14, 10]},
			"faces": {
				"north": {"uv": [14, 14, 16, 16], "texture": "#1"},
				"east": {"uv": [14, 14, 16, 16], "texture": "#1"},
				"south": {"uv": [14, 14, 16, 16], "texture": "#1"},
				"west": {"uv": [14, 14, 16, 16], "texture": "#1"},
				"up": {"uv": [14, 14, 16, 16], "texture": "#1"},
				"down": {"uv": [14, 14, 16, 16], "texture": "#1"}
			}
		},
		{
			"name": "H",
			"from": [3.6, 15.4, 5.5],
			"to": [12.4, 16.4, 14.3],
			"rotation": {"angle": 0, "axis": "y", "origin": [8, 14, 10]},
			"faces": {
				"north": {"uv": [14, 10.25, 15, 11.25], "texture": "#1"},
				"east": {"uv": [14, 10.25, 15, 11.25], "texture": "#1"},
				"south": {"uv": [14, 10.25, 15, 11.25], "texture": "#1"},
				"west": {"uv": [14, 10.25, 15, 11.25], "texture": "#1"},
				"up": {"uv": [14, 10.25, 15, 11.25], "texture": "#1"},
				"down": {"uv": [14, 10.25, 15, 11.25], "texture": "#1"}
			}
		},
		{
			"name": "H",
			"from": [6.5, 14.7, 5],
			"to": [9.5, 17.7, 6],
			"rotation": {"angle": 0, "axis": "y", "origin": [8, 14, 10]},
			"faces": {
				"north": {"uv": [15, 10.5, 16, 11.5], "texture": "#1"},
				"east": {"uv": [15, 10.5, 16, 11.5], "texture": "#1"},
				"south": {"uv": [15, 10.5, 16, 11.5], "texture": "#1"},
				"west": {"uv": [15, 10.5, 16, 11.5], "texture": "#1"},
				"up": {"uv": [15, 10.5, 16, 11.5], "texture": "#1"},
				"down": {"uv": [15, 10.5, 16, 11.5], "texture": "#1"}
			}
		},
		{
			"name": "H",
			"from": [7, 15.2, 4.8],
			"to": [9, 17.2, 5.8],
			"rotation": {"angle": 0, "axis": "y", "origin": [8, 14, 10]},
			"faces": {
				"north": {"uv": [15, 9.25, 16, 10.25], "texture": "#1"},
				"east": {"uv": [15, 9.25, 16, 10.25], "texture": "#1"},
				"south": {"uv": [15, 9.25, 16, 10.25], "texture": "#1"},
				"west": {"uv": [15, 9.25, 16, 10.25], "texture": "#1"},
				"up": {"uv": [15, 9.25, 16, 10.25], "texture": "#1"},
				"down": {"uv": [15, 9.25, 16, 10.25], "texture": "#1"}
			}
		}
	],
	"display": {
		"thirdperson_righthand": {
			"rotation": [60, 0, 0],
			"translation": [0, 1.5, 2],
			"scale": [0.2, 0.2, 0.2]
		},
		"thirdperson_lefthand": {
			"rotation": [60, 0, 0],
			"translation": [0, 1.5, 2],
			"scale": [0.2, 0.2, 0.2]
		},
		"firstperson_righthand": {
			"rotation": [0, 135, 0],
			"translation": [0, 6.5, 0],
			"scale": [0.2, 0.2, 0.2]
		},
		"firstperson_lefthand": {
			"rotation": [0, 135, 0],
			"translation": [0, 6.5, 0],
			"scale": [0.2, 0.2, 0.2]
		},
		"ground": {
			"translation": [0, 20, 0]
		},
		"gui": {
			"rotation": [30, 135, 0],
			"translation": [0, 11.5, 0]
		},
		"head": {
			"translation": [0, -8.75, -3],
			"scale": [1.5, 1.5, 1.5]
		},
		"fixed": {
			"translation": [0, 4, -1.5],
			"scale": [0.5, 0.5, 0.5]
		}
	},
	"groups": [
		{
			"name": "Charactor",
			"origin": [8, 8, 8],
			"color": 0,
			"children": [
				{
					"name": "H",
					"origin": [0, 0, 0],
					"color": 0,
					"children": [0, 1, 2, 3, 4, 5, 6]
				}
			]
		}
	]
}