{
	"credit": "Made with Blockbench",
	"texture_size": [64, 64],
	"textures": {
		"1": "item/braver/braver3",
		"3": "item/model_plate/model_plate_braver_2",
		"particle": "item/braver/braver3"
	},
	"elements": [
		{
			"from": [1, -15, 1],
			"to": [15, -14, 15],
			"rotation": {"angle": 0, "axis": "y", "origin": [0, -14, 0]},
			"faces": {
				"north": {"uv": [1, 1, 15, 2], "texture": "#3"},
				"east": {"uv": [1, 1, 15, 2], "texture": "#3"},
				"south": {"uv": [1, 1, 15, 2], "texture": "#3"},
				"west": {"uv": [1, 1, 15, 2], "texture": "#3"},
				"up": {"uv": [1, 1, 15, 15], "texture": "#3"},
				"down": {"uv": [0, 0, 3.5, 3.5], "texture": "#3"}
			}
		},
		{
			"from": [0, -16, 0],
			"to": [16, -15, 16],
			"rotation": {"angle": 0, "axis": "y", "origin": [0, -14, 0]},
			"faces": {
				"north": {"uv": [0, 0, 16, 0.75], "texture": "#3"},
				"east": {"uv": [0, 0, 16, 0.5], "texture": "#3"},
				"south": {"uv": [0, 0, 16, 0.75], "texture": "#3"},
				"west": {"uv": [0, 0, 16, 0.5], "texture": "#3"},
				"up": {"uv": [0, 0, 16, 16], "texture": "#3"},
				"down": {"uv": [0, 0, 16, 16], "texture": "#3"}
			}
		},
		{
			"from": [18.5, -15.5, 6.5],
			"to": [21.5, -14.5, 9.5],
			"rotation": {"angle": 45, "axis": "y", "origin": [8, 0, 8]},
			"faces": {
				"north": {"uv": [15, 9.25, 16, 10], "texture": "#1"},
				"east": {"uv": [15, 9.25, 16, 10], "texture": "#1"},
				"south": {"uv": [15, 9.25, 16, 10], "texture": "#1"},
				"west": {"uv": [15, 9.25, 16, 10], "texture": "#1"},
				"up": {"uv": [15, 9.25, 16, 10.25], "texture": "#1"},
				"down": {"uv": [15, 9.25, 16, 10.25], "texture": "#1"}
			}
		},
		{
			"from": [18, -16, 6],
			"to": [22, -14.9, 10],
			"rotation": {"angle": 45, "axis": "y", "origin": [8, 0, 8]},
			"faces": {
				"north": {"uv": [14, 10.5, 15, 11.25], "texture": "#1"},
				"east": {"uv": [14, 10.5, 15, 11.25], "texture": "#1"},
				"south": {"uv": [14, 10.5, 15, 11.25], "texture": "#1"},
				"west": {"uv": [14, 10.5, 15, 11.25], "texture": "#1"},
				"up": {"uv": [14, 10.5, 15, 11.5], "texture": "#1"},
				"down": {"uv": [14, 10.5, 15, 11.5], "texture": "#1"}
			}
		},
		{
			"from": [6.5, -15.5, 18.5],
			"to": [9.5, -14.5, 21.5],
			"rotation": {"angle": 45, "axis": "y", "origin": [8, 0, 8]},
			"faces": {
				"north": {"uv": [15, 9.25, 16, 10], "texture": "#1"},
				"east": {"uv": [15, 9.25, 16, 10], "texture": "#1"},
				"south": {"uv": [15, 9.25, 16, 10], "texture": "#1"},
				"west": {"uv": [15, 9.25, 16, 10], "texture": "#1"},
				"up": {"uv": [15, 9.25, 16, 10.25], "texture": "#1"},
				"down": {"uv": [15, 9.25, 16, 10.25], "texture": "#1"}
			}
		},
		{
			"from": [6, -16, 18],
			"to": [10, -14.9, 22],
			"rotation": {"angle": 45, "axis": "y", "origin": [8, 0, 8]},
			"faces": {
				"north": {"uv": [14, 10.5, 15, 11.25], "texture": "#1"},
				"east": {"uv": [14, 10.5, 15, 11.25], "texture": "#1"},
				"south": {"uv": [14, 10.5, 15, 11.25], "texture": "#1"},
				"west": {"uv": [14, 10.5, 15, 11.25], "texture": "#1"},
				"up": {"uv": [14, 10.5, 15, 11.5], "texture": "#1"},
				"down": {"uv": [14, 10.5, 15, 11.5], "texture": "#1"}
			}
		},
		{
			"from": [-5.5, -15.5, 6.5],
			"to": [-2.5, -14.5, 9.5],
			"rotation": {"angle": 45, "axis": "y", "origin": [8, 0, 8]},
			"faces": {
				"north": {"uv": [15, 9.25, 16, 10], "texture": "#1"},
				"east": {"uv": [15, 9.25, 16, 10], "texture": "#1"},
				"south": {"uv": [15, 9.25, 16, 10], "texture": "#1"},
				"west": {"uv": [15, 9.25, 16, 10], "texture": "#1"},
				"up": {"uv": [15, 9.25, 16, 10.25], "texture": "#1"},
				"down": {"uv": [15, 9.25, 16, 10.25], "texture": "#1"}
			}
		},
		{
			"from": [-6, -16, 6],
			"to": [-2, -14.9, 10],
			"rotation": {"angle": 45, "axis": "y", "origin": [8, 0, 8]},
			"faces": {
				"north": {"uv": [14, 10.5, 15, 11.25], "texture": "#1"},
				"east": {"uv": [14, 10.5, 15, 11.25], "texture": "#1"},
				"south": {"uv": [14, 10.5, 15, 11.25], "texture": "#1"},
				"west": {"uv": [14, 10.5, 15, 11.25], "texture": "#1"},
				"up": {"uv": [14, 10.5, 15, 11.5], "texture": "#1"},
				"down": {"uv": [14, 10.5, 15, 11.5], "texture": "#1"}
			}
		},
		{
			"from": [6.5, -15.5, -5.5],
			"to": [9.5, -14.5, -2.5],
			"rotation": {"angle": 45, "axis": "y", "origin": [8, 0, 8]},
			"faces": {
				"north": {"uv": [15, 9.25, 16, 10], "texture": "#1"},
				"east": {"uv": [15, 9.25, 16, 10], "texture": "#1"},
				"south": {"uv": [15, 9.25, 16, 10], "texture": "#1"},
				"west": {"uv": [15, 9.25, 16, 10], "texture": "#1"},
				"up": {"uv": [15, 9.25, 16, 10.25], "texture": "#1"},
				"down": {"uv": [15, 9.25, 16, 10.25], "texture": "#1"}
			}
		},
		{
			"from": [6, -16, -6],
			"to": [10, -14.9, -2],
			"rotation": {"angle": 45, "axis": "y", "origin": [8, 0, 8]},
			"faces": {
				"north": {"uv": [14, 10.5, 15, 11.25], "texture": "#1"},
				"east": {"uv": [14, 10.5, 15, 11.25], "texture": "#1"},
				"south": {"uv": [14, 10.5, 15, 11.25], "texture": "#1"},
				"west": {"uv": [14, 10.5, 15, 11.25], "texture": "#1"},
				"up": {"uv": [14, 10.5, 15, 11.5], "texture": "#1"},
				"down": {"uv": [14, 10.5, 15, 11.5], "texture": "#1"}
			}
		}
	],
	"display": {
		"thirdperson_righthand": {
			"rotation": [60, 0, 0],
			"translation": [0, 1.5, 2],
			"scale": [0.2, 0.2, 0.2]
		},
		"thirdperson_lefthand": {
			"rotation": [60, 0, 0],
			"translation": [0, 1.5, 2],
			"scale": [0.2, 0.2, 0.2]
		},
		"firstperson_righthand": {
			"rotation": [0, 135, 0],
			"translation": [0, 6.5, 0],
			"scale": [0.2, 0.2, 0.2]
		},
		"firstperson_lefthand": {
			"rotation": [0, 135, 0],
			"translation": [0, 6.5, 0],
			"scale": [0.2, 0.2, 0.2]
		},
		"ground": {
			"translation": [0, 20, 0]
		},
		"gui": {
			"rotation": [30, 135, 0],
			"translation": [0, 11.5, 0]
		},
		"head": {
			"translation": [0, -7.5, 0],
			"scale": [1.5, 1.5, 1.5]
		},
		"fixed": {
			"translation": [0, 4, -1.5],
			"scale": [0.5, 0.5, 0.5]
		}
	},
	"groups": [
		{
			"name": "plate",
			"origin": [0, 0, 0],
			"color": 0,
			"children": [
				0,
				1,
				{
					"name": "group",
					"origin": [8, 0, 8],
					"color": 0,
					"children": [2, 3]
				},
				{
					"name": "group",
					"origin": [8, 0, 8],
					"color": 0,
					"children": [4, 5]
				},
				{
					"name": "group",
					"origin": [8, 0, 8],
					"color": 0,
					"children": [6, 7]
				},
				{
					"name": "group",
					"origin": [8, 0, 8],
					"color": 0,
					"children": [8, 9]
				}
			]
		}
	]
}