{
	"credit": "Made with Blockbench",
	"texture_size": [64, 64],
	"textures": {
		"1": "item/braver/braver3",
		"particle": "item/braver/braver1"
	},
	"elements": [
		{
			"name": "LA",
			"from": [-1, -3, 9],
			"to": [2, 9, 13],
			"rotation": {"angle": -22.5, "axis": "z", "origin": [2, 4, 6]},
			"faces": {
				"north": {"uv": [9, 13, 10, 16], "texture": "#1"},
				"east": {"uv": [8, 13, 9, 16], "texture": "#1"},
				"south": {"uv": [11, 13, 12, 16], "texture": "#1"},
				"west": {"uv": [10, 13, 11, 16], "texture": "#1"},
				"up": {"uv": [9, 12, 10, 13], "texture": "#1"},
				"down": {"uv": [10, 12, 11, 13], "texture": "#1"}
			}
		},
		{
			"from": [-2, 6, 10],
			"to": [-1, 10, 12],
			"rotation": {"angle": -22.5, "axis": "z", "origin": [2, 4, 6]},
			"faces": {
				"north": {"uv": [15.5, 14.5, 15.75, 16], "texture": "#1"},
				"east": {"uv": [15.25, 14.5, 16, 16], "texture": "#1"},
				"south": {"uv": [15.5, 14.5, 15.75, 16], "texture": "#1"},
				"west": {"uv": [15.25, 14.5, 16, 16], "texture": "#1"},
				"up": {"uv": [15.5, 14.5, 15.75, 15], "texture": "#1"},
				"down": {"uv": [15.5, 14.5, 15.75, 15], "texture": "#1"}
			}
		},
		{
			"from": [-1.8, 5.4, 9.4],
			"to": [-0.8, 10.6, 12.6],
			"rotation": {"angle": -22.5, "axis": "z", "origin": [2, 4, 6]},
			"faces": {
				"north": {"uv": [14.25, 12.25, 14.5, 13.75], "texture": "#1"},
				"east": {"uv": [14, 12.25, 14.75, 13.75], "texture": "#1"},
				"south": {"uv": [14.25, 12.25, 14.5, 13.75], "texture": "#1"},
				"west": {"uv": [14, 12.25, 14.75, 13.75], "texture": "#1"},
				"up": {"uv": [14.25, 12.25, 14.5, 12.75], "texture": "#1"},
				"down": {"uv": [14.25, 12.25, 14.5, 12.75], "texture": "#1"}
			}
		},
		{
			"from": [-1.5, 6, 8.5],
			"to": [-0.5, 10, 9.5],
			"rotation": {"angle": -22.5, "axis": "z", "origin": [2, 4, 6]},
			"faces": {
				"north": {"uv": [15.5, 10.5, 15.75, 12], "texture": "#1"},
				"east": {"uv": [15.5, 10.5, 16, 12], "texture": "#1"},
				"south": {"uv": [15.5, 10.5, 15.75, 12], "texture": "#1"},
				"west": {"uv": [15.5, 10.5, 16, 12], "texture": "#1"},
				"up": {"uv": [15.5, 10.5, 15.75, 11], "texture": "#1"},
				"down": {"uv": [15.5, 10.5, 15.75, 11], "texture": "#1"}
			}
		},
		{
			"from": [-1.5, 6, 12.5],
			"to": [-0.5, 10, 13.5],
			"rotation": {"angle": -22.5, "axis": "z", "origin": [2, 4, 6]},
			"faces": {
				"north": {"uv": [15.5, 10.5, 15.75, 12], "texture": "#1"},
				"east": {"uv": [15.5, 10.5, 16, 12], "texture": "#1"},
				"south": {"uv": [15.5, 10.5, 15.75, 12], "texture": "#1"},
				"west": {"uv": [15.5, 10.5, 16, 12], "texture": "#1"},
				"up": {"uv": [15.5, 10.5, 15.75, 11], "texture": "#1"},
				"down": {"uv": [15.5, 10.5, 15.75, 11], "texture": "#1"}
			}
		},
		{
			"from": [-0.1, 7.4, 8.8],
			"to": [2.5, 9.5, 13.4],
			"rotation": {"angle": -22.5, "axis": "z", "origin": [2, 4, 6]},
			"faces": {
				"north": {"uv": [13.75, 13.75, 14.25, 14.25], "texture": "#1"},
				"east": {"uv": [13.75, 13.75, 15, 14.25], "texture": "#1"},
				"south": {"uv": [13.75, 13.75, 14.25, 14.25], "texture": "#1"},
				"west": {"uv": [13.75, 13.75, 15, 14.25], "texture": "#1"},
				"up": {"uv": [13.75, 13.75, 14.25, 15], "texture": "#1"},
				"down": {"uv": [13.75, 13.75, 14.25, 15], "texture": "#1"}
			}
		},
		{
			"from": [-0.5, 6, 8.8],
			"to": [2.5, 7, 13.4],
			"rotation": {"angle": -22.5, "axis": "z", "origin": [2, 4, 6]},
			"faces": {
				"north": {"uv": [13.75, 12.5, 14.5, 12.75], "texture": "#1"},
				"east": {"uv": [13.75, 12.5, 15, 12.75], "texture": "#1"},
				"south": {"uv": [13.75, 12.5, 14.5, 12.75], "texture": "#1"},
				"west": {"uv": [13.75, 12.5, 15, 12.75], "texture": "#1"},
				"up": {"uv": [13.75, 12.5, 14.5, 13.75], "texture": "#1"},
				"down": {"uv": [13.75, 12.5, 14.5, 13.75], "texture": "#1"}
			}
		},
		{
			"from": [-1.5, 2, 8.5],
			"to": [2.5, 3, 13.5],
			"rotation": {"angle": -22.5, "axis": "z", "origin": [2, 4, 6]},
			"faces": {
				"north": {"uv": [13.75, 13.75, 14.75, 14], "texture": "#1"},
				"east": {"uv": [13.75, 13.75, 15, 14], "texture": "#1"},
				"south": {"uv": [13.75, 13.75, 14.75, 14], "texture": "#1"},
				"west": {"uv": [13.75, 13.75, 15, 14], "texture": "#1"},
				"up": {"uv": [13.75, 13.75, 14.75, 15], "texture": "#1"},
				"down": {"uv": [13.75, 13.75, 14.75, 15], "texture": "#1"}
			}
		},
		{
			"from": [-1.5, 3.6, 8.5],
			"to": [2.5, 4.4, 13.5],
			"rotation": {"angle": -22.5, "axis": "z", "origin": [2, 4, 6]},
			"faces": {
				"north": {"uv": [13.75, 13.75, 14.75, 14], "texture": "#1"},
				"east": {"uv": [13.75, 13.75, 15, 14], "texture": "#1"},
				"south": {"uv": [13.75, 13.75, 14.75, 14], "texture": "#1"},
				"west": {"uv": [13.75, 13.75, 15, 14], "texture": "#1"},
				"up": {"uv": [13.75, 13.75, 14.75, 15], "texture": "#1"},
				"down": {"uv": [13.75, 13.75, 14.75, 15], "texture": "#1"}
			}
		},
		{
			"from": [-1.5, 5, 8.9],
			"to": [-0.5, 6, 13.1],
			"rotation": {"angle": -22.5, "axis": "z", "origin": [2, 4, 6]},
			"faces": {
				"north": {"uv": [13.75, 10.25, 14, 10.5], "texture": "#1"},
				"east": {"uv": [13.75, 10.25, 14.75, 10.5], "texture": "#1"},
				"south": {"uv": [13.75, 10.25, 14, 10.5], "texture": "#1"},
				"west": {"uv": [13.75, 10.25, 14.75, 10.5], "texture": "#1"},
				"up": {"uv": [13.75, 10.25, 14, 11.25], "texture": "#1"},
				"down": {"uv": [13.75, 10.25, 14, 11.25], "texture": "#1"}
			}
		},
		{
			"from": [-1.5, 10, 9],
			"to": [-0.5, 11, 13],
			"rotation": {"angle": -22.5, "axis": "z", "origin": [2, 4, 6]},
			"faces": {
				"north": {"uv": [13.75, 10.25, 14, 10.5], "texture": "#1"},
				"east": {"uv": [13.75, 10.25, 14.75, 10.5], "texture": "#1"},
				"south": {"uv": [13.75, 10.25, 14, 10.5], "texture": "#1"},
				"west": {"uv": [13.75, 10.25, 14.75, 10.5], "texture": "#1"},
				"up": {"uv": [13.75, 10.25, 14, 11.25], "texture": "#1"},
				"down": {"uv": [13.75, 10.25, 14, 11.25], "texture": "#1"}
			}
		},
		{
			"from": [-1.5, 11, 10],
			"to": [-0.5, 12, 12],
			"rotation": {"angle": -22.5, "axis": "z", "origin": [2, 4, 6]},
			"faces": {
				"north": {"uv": [13.75, 10.25, 14, 10.5], "texture": "#1"},
				"east": {"uv": [13.75, 10.25, 14.75, 10.5], "texture": "#1"},
				"south": {"uv": [13.75, 10.25, 14, 10.5], "texture": "#1"},
				"west": {"uv": [13.75, 10.25, 14.75, 10.5], "texture": "#1"},
				"up": {"uv": [13.75, 10.25, 14, 11.25], "texture": "#1"},
				"down": {"uv": [13.75, 10.25, 14, 11.25], "texture": "#1"}
			}
		}
	],
	"display": {
		"thirdperson_righthand": {
			"rotation": [60, 0, 0],
			"translation": [0, 1.5, 2],
			"scale": [0.2, 0.2, 0.2]
		},
		"thirdperson_lefthand": {
			"rotation": [60, 0, 0],
			"translation": [0, 1.5, 2],
			"scale": [0.2, 0.2, 0.2]
		},
		"firstperson_righthand": {
			"rotation": [0, 135, 0],
			"translation": [0, 6.5, 0],
			"scale": [0.2, 0.2, 0.2]
		},
		"firstperson_lefthand": {
			"rotation": [0, 135, 0],
			"translation": [0, 6.5, 0],
			"scale": [0.2, 0.2, 0.2]
		},
		"ground": {
			"translation": [0, 20, 0]
		},
		"gui": {
			"rotation": [30, 135, 0],
			"translation": [0, 11.5, 0]
		},
		"head": {
			"rotation": [67.5, -90, 0],
			"translation": [4.5, -13, 1.5],
			"scale": [1.5, 1.5, 1.5]
		},
		"fixed": {
			"translation": [0, 4, -1.5],
			"scale": [0.5, 0.5, 0.5]
		}
	},
	"groups": [
		{
			"name": "Charactor",
			"origin": [8, 8, 8],
			"color": 0,
			"children": [
				{
					"name": "LA",
					"origin": [0, 0, 0],
					"color": 0,
					"children": [
						0,
						{
							"name": "Arm",
							"origin": [2, 4, 8],
							"color": 0,
							"children": [1, 2, 3, 4, 5, 6, 7, 8, 9, 10, 11]
						}
					]
				}
			]
		}
	]
}