{
	"credit": "Made with Blockbench",
	"texture_size": [64, 64],
	"textures": {
		"1": "item/braver/braver3",
		"3": "item/model_plate/model_plate_braver_2",
		"particle": "item/braver/braver3"
	},
	"elements": [
		{
			"from": [1, -15, 1],
			"to": [15, -14, 15],
			"rotation": {"angle": 0, "axis": "y", "origin": [0, -14, 0]},
			"faces": {
				"north": {"uv": [1, 1, 15, 2], "texture": "#3"},
				"east": {"uv": [1, 1, 15, 2], "texture": "#3"},
				"south": {"uv": [1, 1, 15, 2], "texture": "#3"},
				"west": {"uv": [1, 1, 15, 2], "texture": "#3"},
				"up": {"uv": [1, 1, 15, 15], "texture": "#3"},
				"down": {"uv": [0, 0, 3.5, 3.5], "texture": "#3"}
			}
		},
		{
			"from": [0, -16, 0],
			"to": [16, -15, 16],
			"rotation": {"angle": 0, "axis": "y", "origin": [0, -14, 0]},
			"faces": {
				"north": {"uv": [0, 0, 16, 0.75], "texture": "#3"},
				"east": {"uv": [0, 0, 16, 0.5], "texture": "#3"},
				"south": {"uv": [0, 0, 16, 0.75], "texture": "#3"},
				"west": {"uv": [0, 0, 16, 0.5], "texture": "#3"},
				"up": {"uv": [0, 0, 16, 16], "texture": "#3"},
				"down": {"uv": [0, 0, 16, 16], "texture": "#3"}
			}
		},
		{
			"from": [18.5, -15.5, 6.5],
			"to": [21.5, -14.5, 9.5],
			"rotation": {"angle": 45, "axis": "y", "origin": [8, 0, 8]},
			"faces": {
				"north": {"uv": [15, 9.25, 16, 10], "texture": "#1"},
				"east": {"uv": [15, 9.25, 16, 10], "texture": "#1"},
				"south": {"uv": [15, 9.25, 16, 10], "texture": "#1"},
				"west": {"uv": [15, 9.25, 16, 10], "texture": "#1"},
				"up": {"uv": [15, 9.25, 16, 10.25], "texture": "#1"},
				"down": {"uv": [15, 9.25, 16, 10.25], "texture": "#1"}
			}
		},
		{
			"from": [18, -16, 6],
			"to": [22, -14.9, 10],
			"rotation": {"angle": 45, "axis": "y", "origin": [8, 0, 8]},
			"faces": {
				"north": {"uv": [14, 10.5, 15, 11.25], "texture": "#1"},
				"east": {"uv": [14, 10.5, 15, 11.25], "texture": "#1"},
				"south": {"uv": [14, 10.5, 15, 11.25], "texture": "#1"},
				"west": {"uv": [14, 10.5, 15, 11.25], "texture": "#1"},
				"up": {"uv": [14, 10.5, 15, 11.5], "texture": "#1"},
				"down": {"uv": [14, 10.5, 15, 11.5], "texture": "#1"}
			}
		},
		{
			"from": [6.5, -15.5, 18.5],
			"to": [9.5, -14.5, 21.5],
			"rotation": {"angle": 45, "axis": "y", "origin": [8, 0, 8]},
			"faces": {
				"north": {"uv": [15, 9.25, 16, 10], "texture": "#1"},
				"east": {"uv": [15, 9.25, 16, 10], "texture": "#1"},
				"south": {"uv": [15, 9.25, 16, 10], "texture": "#1"},
				"west": {"uv": [15, 9.25, 16, 10], "texture": "#1"},
				"up": {"uv": [15, 9.25, 16, 10.25], "texture": "#1"},
				"down": {"uv": [15, 9.25, 16, 10.25], "texture": "#1"}
			}
		},
		{
			"from": [6, -16, 18],
			"to": [10, -14.9, 22],
			"rotation": {"angle": 45, "axis": "y", "origin": [8, 0, 8]},
			"faces": {
				"north": {"uv": [14, 10.5, 15, 11.25], "texture": "#1"},
				"east": {"uv": [14, 10.5, 15, 11.25], "texture": "#1"},
				"south": {"uv": [14, 10.5, 15, 11.25], "texture": "#1"},
				"west": {"uv": [14, 10.5, 15, 11.25], "texture": "#1"},
				"up": {"uv": [14, 10.5, 15, 11.5], "texture": "#1"},
				"down": {"uv": [14, 10.5, 15, 11.5], "texture": "#1"}
			}
		},
		{
			"from": [-5.5, -15.5, 6.5],
			"to": [-2.5, -14.5, 9.5],
			"rotation": {"angle": 45, "axis": "y", "origin": [8, 0, 8]},
			"faces": {
				"north": {"uv": [15, 9.25, 16, 10], "texture": "#1"},
				"east": {"uv": [15, 9.25, 16, 10], "texture": "#1"},
				"south": {"uv": [15, 9.25, 16, 10], "texture": "#1"},
				"west": {"uv": [15, 9.25, 16, 10], "texture": "#1"},
				"up": {"uv": [15, 9.25, 16, 10.25], "texture": "#1"},
				"down": {"uv": [15, 9.25, 16, 10.25], "texture": "#1"}
			}
		},
		{
			"from": [-6, -16, 6],
			"to": [-2, -14.9, 10],
			"rotation": {"angle": 45, "axis": "y", "origin": [8, 0, 8]},
			"faces": {
				"north": {"uv": [14, 10.5, 15, 11.25], "texture": "#1"},
				"east": {"uv": [14, 10.5, 15, 11.25], "texture": "#1"},
				"south": {"uv": [14, 10.5, 15, 11.25], "texture": "#1"},
				"west": {"uv": [14, 10.5, 15, 11.25], "texture": "#1"},
				"up": {"uv": [14, 10.5, 15, 11.5], "texture": "#1"},
				"down": {"uv": [14, 10.5, 15, 11.5], "texture": "#1"}
			}
		},
		{
			"from": [6.5, -15.5, -5.5],
			"to": [9.5, -14.5, -2.5],
			"rotation": {"angle": 45, "axis": "y", "origin": [8, 0, 8]},
			"faces": {
				"north": {"uv": [15, 9.25, 16, 10], "texture": "#1"},
				"east": {"uv": [15, 9.25, 16, 10], "texture": "#1"},
				"south": {"uv": [15, 9.25, 16, 10], "texture": "#1"},
				"west": {"uv": [15, 9.25, 16, 10], "texture": "#1"},
				"up": {"uv": [15, 9.25, 16, 10.25], "texture": "#1"},
				"down": {"uv": [15, 9.25, 16, 10.25], "texture": "#1"}
			}
		},
		{
			"from": [6, -16, -6],
			"to": [10, -14.9, -2],
			"rotation": {"angle": 45, "axis": "y", "origin": [8, 0, 8]},
			"faces": {
				"north": {"uv": [14, 10.5, 15, 11.25], "texture": "#1"},
				"east": {"uv": [14, 10.5, 15, 11.25], "texture": "#1"},
				"south": {"uv": [14, 10.5, 15, 11.25], "texture": "#1"},
				"west": {"uv": [14, 10.5, 15, 11.25], "texture": "#1"},
				"up": {"uv": [14, 10.5, 15, 11.5], "texture": "#1"},
				"down": {"uv": [14, 10.5, 15, 11.5], "texture": "#1"}
			}
		},
		{
			"name": "LL",
			"from": [3.3, -14, 7.7],
			"to": [6.7, -2, 11.1],
			"rotation": {"angle": 45, "axis": "y", "origin": [6, -10, 9]},
			"faces": {
				"north": {"uv": [5, 13, 6, 16], "texture": "#1"},
				"east": {"uv": [4, 13, 5, 16], "texture": "#1"},
				"south": {"uv": [7, 13, 8, 16], "texture": "#1"},
				"west": {"uv": [6, 13, 7, 16], "texture": "#1"},
				"up": {"uv": [5, 12, 6, 13], "texture": "#1"},
				"down": {"uv": [6, 12, 7, 13], "texture": "#1"}
			}
		},
		{
			"from": [3, -14.1, 7.4],
			"to": [7, -10.1, 11.4],
			"rotation": {"angle": 45, "axis": "y", "origin": [6, -10, 9]},
			"faces": {
				"north": {"uv": [14.5, 14.25, 15.5, 15.25], "texture": "#1"},
				"east": {"uv": [14.5, 14.25, 15.5, 15.25], "texture": "#1"},
				"south": {"uv": [14.5, 14.25, 15.5, 15.25], "texture": "#1"},
				"west": {"uv": [14.5, 14.25, 15.5, 15.25], "texture": "#1"},
				"up": {"uv": [14.5, 14.25, 15.5, 15.25], "texture": "#1"},
				"down": {"uv": [14.5, 14.25, 15.5, 15.25], "texture": "#1"}
			}
		},
		{
			"from": [3, -9.5, 7.4],
			"to": [7, -8.5, 11.4],
			"rotation": {"angle": 45, "axis": "y", "origin": [6, -10, 9]},
			"faces": {
				"north": {"uv": [14.5, 14.25, 15.5, 15.25], "texture": "#1"},
				"east": {"uv": [14.5, 14.25, 15.5, 15.25], "texture": "#1"},
				"south": {"uv": [14.5, 14.25, 15.5, 15.25], "texture": "#1"},
				"west": {"uv": [14.5, 14.25, 15.5, 15.25], "texture": "#1"},
				"up": {"uv": [14.5, 14.25, 15.5, 15.25], "texture": "#1"},
				"down": {"uv": [14.5, 14.25, 15.5, 15.25], "texture": "#1"}
			}
		},
		{
			"from": [2.8, -14, 7.2],
			"to": [7.2, -13, 9.2],
			"rotation": {"angle": 45, "axis": "y", "origin": [6, -10, 9]},
			"faces": {
				"north": {"uv": [14.5, 10.75, 15.5, 11.75], "texture": "#1"},
				"east": {"uv": [14.5, 10.75, 15.5, 11.75], "texture": "#1"},
				"south": {"uv": [14.5, 10.75, 15.5, 11.75], "texture": "#1"},
				"west": {"uv": [14.5, 10.75, 15.5, 11.75], "texture": "#1"},
				"up": {"uv": [14.5, 10.75, 15.5, 11.75], "texture": "#1"},
				"down": {"uv": [14.5, 10.75, 15.5, 11.75], "texture": "#1"}
			}
		},
		{
			"name": "RL",
			"from": [8.9, -14, 8.3],
			"to": [12.3, -2, 11.7],
			"rotation": {"angle": 0, "axis": "y", "origin": [10, -10, 9]},
			"faces": {
				"north": {"uv": [1, 5, 2, 8], "texture": "#1"},
				"east": {"uv": [0, 5, 1, 8], "texture": "#1"},
				"south": {"uv": [3, 5, 4, 8], "texture": "#1"},
				"west": {"uv": [2, 5, 3, 8], "texture": "#1"},
				"up": {"uv": [1, 4, 2, 5], "texture": "#1"},
				"down": {"uv": [2, 4, 3, 5], "texture": "#1"}
			}
		},
		{
			"from": [8.6, -9.5, 8],
			"to": [12.6, -8.5, 12],
			"rotation": {"angle": 0, "axis": "y", "origin": [10, -10, 9]},
			"faces": {
				"north": {"uv": [14.5, 14.25, 15.5, 15.25], "texture": "#1"},
				"east": {"uv": [14.5, 14.25, 15.5, 15.25], "texture": "#1"},
				"south": {"uv": [14.5, 14.25, 15.5, 15.25], "texture": "#1"},
				"west": {"uv": [14.5, 14.25, 15.5, 15.25], "texture": "#1"},
				"up": {"uv": [14.5, 14.25, 15.5, 15.25], "texture": "#1"},
				"down": {"uv": [14.5, 14.25, 15.5, 15.25], "texture": "#1"}
			}
		},
		{
			"from": [8.6, -14.1, 8],
			"to": [12.6, -10.1, 12],
			"rotation": {"angle": 0, "axis": "y", "origin": [10, -10, 9]},
			"faces": {
				"north": {"uv": [14.5, 14.25, 15.5, 15.25], "texture": "#1"},
				"east": {"uv": [14.5, 14.25, 15.5, 15.25], "texture": "#1"},
				"south": {"uv": [14.5, 14.25, 15.5, 15.25], "texture": "#1"},
				"west": {"uv": [14.5, 14.25, 15.5, 15.25], "texture": "#1"},
				"up": {"uv": [14.5, 14.25, 15.5, 15.25], "texture": "#1"},
				"down": {"uv": [14.5, 14.25, 15.5, 15.25], "texture": "#1"}
			}
		},
		{
			"from": [8.4, -14, 7.8],
			"to": [12.8, -13, 9.8],
			"rotation": {"angle": 0, "axis": "y", "origin": [10, -10, 9]},
			"faces": {
				"north": {"uv": [14.5, 10.75, 15.5, 11.75], "texture": "#1"},
				"east": {"uv": [14.5, 10.75, 15.5, 11.75], "texture": "#1"},
				"south": {"uv": [14.5, 10.75, 15.5, 11.75], "texture": "#1"},
				"west": {"uv": [14.5, 10.75, 15.5, 11.75], "texture": "#1"},
				"up": {"uv": [14.5, 10.75, 15.5, 11.75], "texture": "#1"},
				"down": {"uv": [14.5, 10.75, 15.5, 11.75], "texture": "#1"}
			}
		},
		{
			"name": "RA",
			"from": [12, 6, 0],
			"to": [15, 10, 12],
			"rotation": {"angle": 0, "axis": "y", "origin": [14, 4, 6]},
			"faces": {
				"north": {"uv": [12, 4, 13, 5], "rotation": 180, "texture": "#1"},
				"east": {"uv": [10, 5, 11, 8], "rotation": 270, "texture": "#1"},
				"south": {"uv": [11, 4, 12, 5], "texture": "#1"},
				"west": {"uv": [12, 5, 13, 8], "rotation": 90, "texture": "#1"},
				"up": {"uv": [11, 5, 12, 8], "rotation": 180, "texture": "#1"},
				"down": {"uv": [13, 5, 14, 8], "texture": "#1"}
			}
		},
		{
			"from": [11.5, 5.5, 5],
			"to": [15.5, 10.5, 6],
			"rotation": {"angle": 0, "axis": "y", "origin": [14, 4, 6]},
			"faces": {
				"north": {"uv": [13.75, 13.75, 14.75, 15], "rotation": 180, "texture": "#1"},
				"east": {"uv": [13.75, 13.75, 15, 14], "rotation": 270, "texture": "#1"},
				"south": {"uv": [13.75, 13.75, 14.75, 15], "texture": "#1"},
				"west": {"uv": [13.75, 13.75, 15, 14], "rotation": 90, "texture": "#1"},
				"up": {"uv": [13.75, 13.75, 14.75, 14], "rotation": 180, "texture": "#1"},
				"down": {"uv": [13.75, 13.75, 14.75, 14], "texture": "#1"}
			}
		},
		{
			"from": [11.5, 5.5, 6.6],
			"to": [15.5, 10.5, 7.4],
			"rotation": {"angle": 0, "axis": "y", "origin": [14, 4, 6]},
			"faces": {
				"north": {"uv": [13.75, 13.75, 14.75, 15], "rotation": 180, "texture": "#1"},
				"east": {"uv": [13.75, 13.75, 15, 14], "rotation": 270, "texture": "#1"},
				"south": {"uv": [13.75, 13.75, 14.75, 15], "texture": "#1"},
				"west": {"uv": [13.75, 13.75, 15, 14], "rotation": 90, "texture": "#1"},
				"up": {"uv": [13.75, 13.75, 14.75, 14], "rotation": 180, "texture": "#1"},
				"down": {"uv": [13.75, 13.75, 14.75, 14], "texture": "#1"}
			}
		},
		{
			"name": "LA",
			"from": [-1, -3, 9],
			"to": [2, 9, 13],
			"rotation": {"angle": -22.5, "axis": "z", "origin": [2, 4, 6]},
			"faces": {
				"north": {"uv": [9, 13, 10, 16], "texture": "#1"},
				"east": {"uv": [8, 13, 9, 16], "texture": "#1"},
				"south": {"uv": [11, 13, 12, 16], "texture": "#1"},
				"west": {"uv": [10, 13, 11, 16], "texture": "#1"},
				"up": {"uv": [9, 12, 10, 13], "texture": "#1"},
				"down": {"uv": [10, 12, 11, 13], "texture": "#1"}
			}
		},
		{
			"from": [-2, 6, 10],
			"to": [-1, 10, 12],
			"rotation": {"angle": -22.5, "axis": "z", "origin": [2, 4, 6]},
			"faces": {
				"north": {"uv": [15.5, 14.5, 15.75, 16], "texture": "#1"},
				"east": {"uv": [15.25, 14.5, 16, 16], "texture": "#1"},
				"south": {"uv": [15.5, 14.5, 15.75, 16], "texture": "#1"},
				"west": {"uv": [15.25, 14.5, 16, 16], "texture": "#1"},
				"up": {"uv": [15.5, 14.5, 15.75, 15], "texture": "#1"},
				"down": {"uv": [15.5, 14.5, 15.75, 15], "texture": "#1"}
			}
		},
		{
			"from": [-1.8, 5.4, 9.4],
			"to": [-0.8, 10.6, 12.6],
			"rotation": {"angle": -22.5, "axis": "z", "origin": [2, 4, 6]},
			"faces": {
				"north": {"uv": [14.25, 12.25, 14.5, 13.75], "texture": "#1"},
				"east": {"uv": [14, 12.25, 14.75, 13.75], "texture": "#1"},
				"south": {"uv": [14.25, 12.25, 14.5, 13.75], "texture": "#1"},
				"west": {"uv": [14, 12.25, 14.75, 13.75], "texture": "#1"},
				"up": {"uv": [14.25, 12.25, 14.5, 12.75], "texture": "#1"},
				"down": {"uv": [14.25, 12.25, 14.5, 12.75], "texture": "#1"}
			}
		},
		{
			"from": [-1.5, 6, 8.5],
			"to": [-0.5, 10, 9.5],
			"rotation": {"angle": -22.5, "axis": "z", "origin": [2, 4, 6]},
			"faces": {
				"north": {"uv": [15.5, 10.5, 15.75, 12], "texture": "#1"},
				"east": {"uv": [15.5, 10.5, 16, 12], "texture": "#1"},
				"south": {"uv": [15.5, 10.5, 15.75, 12], "texture": "#1"},
				"west": {"uv": [15.5, 10.5, 16, 12], "texture": "#1"},
				"up": {"uv": [15.5, 10.5, 15.75, 11], "texture": "#1"},
				"down": {"uv": [15.5, 10.5, 15.75, 11], "texture": "#1"}
			}
		},
		{
			"from": [-1.5, 6, 12.5],
			"to": [-0.5, 10, 13.5],
			"rotation": {"angle": -22.5, "axis": "z", "origin": [2, 4, 6]},
			"faces": {
				"north": {"uv": [15.5, 10.5, 15.75, 12], "texture": "#1"},
				"east": {"uv": [15.5, 10.5, 16, 12], "texture": "#1"},
				"south": {"uv": [15.5, 10.5, 15.75, 12], "texture": "#1"},
				"west": {"uv": [15.5, 10.5, 16, 12], "texture": "#1"},
				"up": {"uv": [15.5, 10.5, 15.75, 11], "texture": "#1"},
				"down": {"uv": [15.5, 10.5, 15.75, 11], "texture": "#1"}
			}
		},
		{
			"from": [-0.1, 7.4, 8.8],
			"to": [2.5, 9.5, 13.4],
			"rotation": {"angle": -22.5, "axis": "z", "origin": [2, 4, 6]},
			"faces": {
				"north": {"uv": [13.75, 13.75, 14.25, 14.25], "texture": "#1"},
				"east": {"uv": [13.75, 13.75, 15, 14.25], "texture": "#1"},
				"south": {"uv": [13.75, 13.75, 14.25, 14.25], "texture": "#1"},
				"west": {"uv": [13.75, 13.75, 15, 14.25], "texture": "#1"},
				"up": {"uv": [13.75, 13.75, 14.25, 15], "texture": "#1"},
				"down": {"uv": [13.75, 13.75, 14.25, 15], "texture": "#1"}
			}
		},
		{
			"from": [-0.5, 6, 8.8],
			"to": [2.5, 7, 13.4],
			"rotation": {"angle": -22.5, "axis": "z", "origin": [2, 4, 6]},
			"faces": {
				"north": {"uv": [13.75, 12.5, 14.5, 12.75], "texture": "#1"},
				"east": {"uv": [13.75, 12.5, 15, 12.75], "texture": "#1"},
				"south": {"uv": [13.75, 12.5, 14.5, 12.75], "texture": "#1"},
				"west": {"uv": [13.75, 12.5, 15, 12.75], "texture": "#1"},
				"up": {"uv": [13.75, 12.5, 14.5, 13.75], "texture": "#1"},
				"down": {"uv": [13.75, 12.5, 14.5, 13.75], "texture": "#1"}
			}
		},
		{
			"from": [-1.5, 2, 8.5],
			"to": [2.5, 3, 13.5],
			"rotation": {"angle": -22.5, "axis": "z", "origin": [2, 4, 6]},
			"faces": {
				"north": {"uv": [13.75, 13.75, 14.75, 14], "texture": "#1"},
				"east": {"uv": [13.75, 13.75, 15, 14], "texture": "#1"},
				"south": {"uv": [13.75, 13.75, 14.75, 14], "texture": "#1"},
				"west": {"uv": [13.75, 13.75, 15, 14], "texture": "#1"},
				"up": {"uv": [13.75, 13.75, 14.75, 15], "texture": "#1"},
				"down": {"uv": [13.75, 13.75, 14.75, 15], "texture": "#1"}
			}
		},
		{
			"from": [-1.5, 3.6, 8.5],
			"to": [2.5, 4.4, 13.5],
			"rotation": {"angle": -22.5, "axis": "z", "origin": [2, 4, 6]},
			"faces": {
				"north": {"uv": [13.75, 13.75, 14.75, 14], "texture": "#1"},
				"east": {"uv": [13.75, 13.75, 15, 14], "texture": "#1"},
				"south": {"uv": [13.75, 13.75, 14.75, 14], "texture": "#1"},
				"west": {"uv": [13.75, 13.75, 15, 14], "texture": "#1"},
				"up": {"uv": [13.75, 13.75, 14.75, 15], "texture": "#1"},
				"down": {"uv": [13.75, 13.75, 14.75, 15], "texture": "#1"}
			}
		},
		{
			"from": [-1.5, 5, 8.9],
			"to": [-0.5, 6, 13.1],
			"rotation": {"angle": -22.5, "axis": "z", "origin": [2, 4, 6]},
			"faces": {
				"north": {"uv": [13.75, 10.25, 14, 10.5], "texture": "#1"},
				"east": {"uv": [13.75, 10.25, 14.75, 10.5], "texture": "#1"},
				"south": {"uv": [13.75, 10.25, 14, 10.5], "texture": "#1"},
				"west": {"uv": [13.75, 10.25, 14.75, 10.5], "texture": "#1"},
				"up": {"uv": [13.75, 10.25, 14, 11.25], "texture": "#1"},
				"down": {"uv": [13.75, 10.25, 14, 11.25], "texture": "#1"}
			}
		},
		{
			"from": [-1.5, 10, 9],
			"to": [-0.5, 11, 13],
			"rotation": {"angle": -22.5, "axis": "z", "origin": [2, 4, 6]},
			"faces": {
				"north": {"uv": [13.75, 10.25, 14, 10.5], "texture": "#1"},
				"east": {"uv": [13.75, 10.25, 14.75, 10.5], "texture": "#1"},
				"south": {"uv": [13.75, 10.25, 14, 10.5], "texture": "#1"},
				"west": {"uv": [13.75, 10.25, 14.75, 10.5], "texture": "#1"},
				"up": {"uv": [13.75, 10.25, 14, 11.25], "texture": "#1"},
				"down": {"uv": [13.75, 10.25, 14, 11.25], "texture": "#1"}
			}
		},
		{
			"from": [-1.5, 11, 10],
			"to": [-0.5, 12, 12],
			"rotation": {"angle": -22.5, "axis": "z", "origin": [2, 4, 6]},
			"faces": {
				"north": {"uv": [13.75, 10.25, 14, 10.5], "texture": "#1"},
				"east": {"uv": [13.75, 10.25, 14.75, 10.5], "texture": "#1"},
				"south": {"uv": [13.75, 10.25, 14, 10.5], "texture": "#1"},
				"west": {"uv": [13.75, 10.25, 14.75, 10.5], "texture": "#1"},
				"up": {"uv": [13.75, 10.25, 14, 11.25], "texture": "#1"},
				"down": {"uv": [13.75, 10.25, 14, 11.25], "texture": "#1"}
			}
		},
		{
			"name": "H",
			"from": [4, 10, 6],
			"to": [12, 18, 14],
			"rotation": {"angle": 22.5, "axis": "y", "origin": [8, 14, 10]},
			"faces": {
				"north": {"uv": [2, 2, 4, 4], "texture": "#1"},
				"east": {"uv": [0, 2, 2, 4], "texture": "#1"},
				"south": {"uv": [6, 2, 8, 4], "texture": "#1"},
				"west": {"uv": [4, 2, 6, 4], "texture": "#1"},
				"up": {"uv": [2, 0, 4, 2], "texture": "#1"},
				"down": {"uv": [4, 0, 6, 2], "texture": "#1"}
			}
		},
		{
			"name": "H",
			"from": [3.7, 9.7, 5.7],
			"to": [12.3, 18.3, 14.3],
			"rotation": {"angle": 22.5, "axis": "y", "origin": [8, 14, 10]},
			"faces": {
				"north": {"uv": [10, 2, 12, 4], "texture": "#1"},
				"east": {"uv": [8, 2, 10, 4], "texture": "#1"},
				"south": {"uv": [14, 2, 16, 4], "texture": "#1"},
				"west": {"uv": [12, 2, 14, 4], "texture": "#1"},
				"up": {"uv": [10, 0, 12, 2], "texture": "#1"},
				"down": {"uv": [12, 0, 14, 2], "texture": "#1"}
			}
		},
		{
			"name": "H",
			"from": [3.5, 14.9, 5.4],
			"to": [12.5, 15.9, 14.4],
			"rotation": {"angle": 22.5, "axis": "y", "origin": [8, 14, 10]},
			"faces": {
				"north": {"uv": [14, 14, 16, 16], "texture": "#1"},
				"east": {"uv": [14, 14, 16, 16], "texture": "#1"},
				"south": {"uv": [14, 14, 16, 16], "texture": "#1"},
				"west": {"uv": [14, 14, 16, 16], "texture": "#1"},
				"up": {"uv": [14, 14, 16, 16], "texture": "#1"},
				"down": {"uv": [14, 14, 16, 16], "texture": "#1"}
			}
		},
		{
			"name": "H",
			"from": [3.5, 16.2, 5.4],
			"to": [12.5, 17.2, 14.4],
			"rotation": {"angle": 22.5, "axis": "y", "origin": [8, 14, 10]},
			"faces": {
				"north": {"uv": [14, 14, 16, 16], "texture": "#1"},
				"east": {"uv": [14, 14, 16, 16], "texture": "#1"},
				"south": {"uv": [14, 14, 16, 16], "texture": "#1"},
				"west": {"uv": [14, 14, 16, 16], "texture": "#1"},
				"up": {"uv": [14, 14, 16, 16], "texture": "#1"},
				"down": {"uv": [14, 14, 16, 16], "texture": "#1"}
			}
		},
		{
			"name": "H",
			"from": [3.6, 15.4, 5.5],
			"to": [12.4, 16.4, 14.3],
			"rotation": {"angle": 22.5, "axis": "y", "origin": [8, 14, 10]},
			"faces": {
				"north": {"uv": [13.75, 10.25, 14.75, 11.25], "texture": "#1"},
				"east": {"uv": [13.75, 10.25, 14.75, 11.25], "texture": "#1"},
				"south": {"uv": [13.75, 10.25, 14.75, 11.25], "texture": "#1"},
				"west": {"uv": [13.75, 10.25, 14.75, 11.25], "texture": "#1"},
				"up": {"uv": [13.75, 10.25, 14.75, 11.25], "texture": "#1"},
				"down": {"uv": [13.75, 10.25, 14.75, 11.25], "texture": "#1"}
			}
		},
		{
			"name": "H",
			"from": [6.4, 14.6, 5],
			"to": [9.6, 17.7, 6],
			"rotation": {"angle": 22.5, "axis": "y", "origin": [8, 14, 10]},
			"faces": {
				"north": {"uv": [15, 10.5, 16, 11.5], "texture": "#1"},
				"east": {"uv": [15, 10.5, 16, 11.5], "texture": "#1"},
				"south": {"uv": [15, 10.5, 16, 11.5], "texture": "#1"},
				"west": {"uv": [15, 10.5, 16, 11.5], "texture": "#1"},
				"up": {"uv": [15, 10.5, 16, 11.5], "texture": "#1"},
				"down": {"uv": [15, 10.5, 16, 11.5], "texture": "#1"}
			}
		},
		{
			"name": "H",
			"from": [4.4, 14.8, 5],
			"to": [5.6, 17.4, 6],
			"rotation": {"angle": 22.5, "axis": "y", "origin": [8, 14, 10]},
			"faces": {
				"north": {"uv": [15, 10.5, 16, 11.5], "texture": "#1"},
				"east": {"uv": [15, 10.5, 16, 11.5], "texture": "#1"},
				"south": {"uv": [15, 10.5, 16, 11.5], "texture": "#1"},
				"west": {"uv": [15, 10.5, 16, 11.5], "texture": "#1"},
				"up": {"uv": [15, 10.5, 16, 11.5], "texture": "#1"},
				"down": {"uv": [15, 10.5, 16, 11.5], "texture": "#1"}
			}
		},
		{
			"name": "H",
			"from": [10.7, 15.2, 4.9],
			"to": [11.3, 17, 5.9],
			"rotation": {"angle": 22.5, "axis": "y", "origin": [8, 14, 10]},
			"faces": {
				"north": {"uv": [14.5, 12.25, 15.5, 13.25], "texture": "#1"},
				"east": {"uv": [14.5, 12.25, 15.5, 13.25], "texture": "#1"},
				"south": {"uv": [14.5, 12.25, 15.5, 13.25], "texture": "#1"},
				"west": {"uv": [14.5, 12.25, 15.5, 13.25], "texture": "#1"},
				"up": {"uv": [14.5, 12.25, 15.5, 13.25], "texture": "#1"},
				"down": {"uv": [14.5, 12.25, 15.5, 13.25], "texture": "#1"}
			}
		},
		{
			"name": "H",
			"from": [10.4, 14.8, 5],
			"to": [11.6, 17.4, 6],
			"rotation": {"angle": 22.5, "axis": "y", "origin": [8, 14, 10]},
			"faces": {
				"north": {"uv": [15, 10.5, 16, 11.5], "texture": "#1"},
				"east": {"uv": [15, 10.5, 16, 11.5], "texture": "#1"},
				"south": {"uv": [15, 10.5, 16, 11.5], "texture": "#1"},
				"west": {"uv": [15, 10.5, 16, 11.5], "texture": "#1"},
				"up": {"uv": [15, 10.5, 16, 11.5], "texture": "#1"},
				"down": {"uv": [15, 10.5, 16, 11.5], "texture": "#1"}
			}
		},
		{
			"name": "H",
			"from": [4.7, 15.2, 4.9],
			"to": [5.3, 17, 5.9],
			"rotation": {"angle": 22.5, "axis": "y", "origin": [8, 14, 10]},
			"faces": {
				"north": {"uv": [14.5, 12.25, 15.5, 13.25], "texture": "#1"},
				"east": {"uv": [14.5, 12.25, 15.5, 13.25], "texture": "#1"},
				"south": {"uv": [14.5, 12.25, 15.5, 13.25], "texture": "#1"},
				"west": {"uv": [14.5, 12.25, 15.5, 13.25], "texture": "#1"},
				"up": {"uv": [14.5, 12.25, 15.5, 13.25], "texture": "#1"},
				"down": {"uv": [14.5, 12.25, 15.5, 13.25], "texture": "#1"}
			}
		},
		{
			"name": "H",
			"from": [6.8, 15, 4.9],
			"to": [9.2, 17.4, 5.9],
			"rotation": {"angle": 22.5, "axis": "y", "origin": [8, 14, 10]},
			"faces": {
				"north": {"uv": [14.25, 12.25, 15.25, 13.25], "texture": "#1"},
				"east": {"uv": [14.25, 12.25, 15.25, 13.25], "texture": "#1"},
				"south": {"uv": [14.25, 12.25, 15.25, 13.25], "texture": "#1"},
				"west": {"uv": [14.25, 12.25, 15.25, 13.25], "texture": "#1"},
				"up": {"uv": [14.25, 12.25, 15.25, 13.25], "texture": "#1"},
				"down": {"uv": [14.25, 12.25, 15.25, 13.25], "texture": "#1"}
			}
		},
		{
			"name": "H",
			"from": [7, 15.2, 4.8],
			"to": [9, 17.2, 5.8],
			"rotation": {"angle": 22.5, "axis": "y", "origin": [8, 14, 10]},
			"faces": {
				"north": {"uv": [15, 9.25, 16, 10.25], "texture": "#1"},
				"east": {"uv": [15, 9.25, 16, 10.25], "texture": "#1"},
				"south": {"uv": [15, 9.25, 16, 10.25], "texture": "#1"},
				"west": {"uv": [15, 9.25, 16, 10.25], "texture": "#1"},
				"up": {"uv": [15, 9.25, 16, 10.25], "texture": "#1"},
				"down": {"uv": [15, 9.25, 16, 10.25], "texture": "#1"}
			}
		},
		{
			"name": "B",
			"from": [4, -2, 8],
			"to": [12, 10, 12],
			"rotation": {"angle": 0, "axis": "y", "origin": [8, 0, 10]},
			"faces": {
				"north": {"uv": [5, 5, 7, 8], "texture": "#1"},
				"east": {"uv": [4, 5, 5, 8], "texture": "#1"},
				"south": {"uv": [8, 5, 10, 8], "texture": "#1"},
				"west": {"uv": [7, 5, 8, 8], "texture": "#1"},
				"up": {"uv": [5, 4, 7, 5], "texture": "#1"},
				"down": {"uv": [7, 4, 9, 5], "texture": "#1"}
			}
		},
		{
			"name": "B",
			"from": [3, -11, 15],
			"to": [13, 9, 16],
			"rotation": {"angle": -22.5, "axis": "x", "origin": [8, 0, 10]},
			"faces": {
				"north": {"uv": [0, 8, 2.5, 13], "texture": "#1"},
				"east": {"uv": [0, 8, 0.25, 13], "texture": "#1"},
				"south": {"uv": [0, 8, 2.5, 13], "texture": "#1"},
				"west": {"uv": [0, 8, 0.25, 13], "texture": "#1"},
				"up": {"uv": [0, 8, 2.5, 8.25], "texture": "#1"},
				"down": {"uv": [0, 8, 2.5, 8.25], "texture": "#1"}
			}
		},
		{
			"name": "B",
			"from": [4.1, 4.8, 12.1],
			"to": [11.9, 7.8, 15.1],
			"rotation": {"angle": -45, "axis": "x", "origin": [8, 0, 10]},
			"faces": {
				"north": {"uv": [5, 5, 7, 6], "texture": "#1"},
				"east": {"uv": [4, 5, 5, 6], "texture": "#1"},
				"south": {"uv": [8, 5, 10, 6], "texture": "#1"},
				"west": {"uv": [7, 5, 8, 6], "texture": "#1"},
				"up": {"uv": [5, 4, 7, 5], "texture": "#1"},
				"down": {"uv": [5, 6.25, 7, 7.25], "texture": "#1"}
			}
		},
		{
			"name": "B",
			"from": [3.8, 4.2, 11.6],
			"to": [7.7, 8.2, 13.6],
			"rotation": {"angle": -45, "axis": "x", "origin": [8, 0, 10]},
			"faces": {
				"north": {"uv": [15, 15, 16, 16], "texture": "#1"},
				"east": {"uv": [15, 15, 16, 16], "texture": "#1"},
				"south": {"uv": [15, 15, 16, 16], "texture": "#1"},
				"west": {"uv": [15, 15, 16, 16], "texture": "#1"},
				"up": {"uv": [15, 15, 16, 16], "texture": "#1"},
				"down": {"uv": [15, 15, 16, 16], "texture": "#1"}
			}
		},
		{
			"name": "B",
			"from": [3.8, 4.2, 13.6],
			"to": [4.8, 8.2, 15.6],
			"rotation": {"angle": -45, "axis": "x", "origin": [8, 0, 10]},
			"faces": {
				"north": {"uv": [14.75, 10.75, 15.75, 11.75], "texture": "#1"},
				"east": {"uv": [14.75, 10.75, 15.75, 11.75], "texture": "#1"},
				"south": {"uv": [14.75, 10.75, 15.75, 11.75], "texture": "#1"},
				"west": {"uv": [14.75, 10.75, 15.75, 11.75], "texture": "#1"},
				"up": {"uv": [14.75, 10.75, 15.75, 11.75], "texture": "#1"},
				"down": {"uv": [14.75, 10.75, 15.75, 11.75], "texture": "#1"}
			}
		},
		{
			"name": "B",
			"from": [11.2, 4.2, 13.6],
			"to": [12.2, 8.2, 15.6],
			"rotation": {"angle": -45, "axis": "x", "origin": [8, 0, 10]},
			"faces": {
				"north": {"uv": [14.75, 10.75, 15.75, 11.75], "texture": "#1"},
				"east": {"uv": [14.75, 10.75, 15.75, 11.75], "texture": "#1"},
				"south": {"uv": [14.75, 10.75, 15.75, 11.75], "texture": "#1"},
				"west": {"uv": [14.75, 10.75, 15.75, 11.75], "texture": "#1"},
				"up": {"uv": [14.75, 10.75, 15.75, 11.75], "texture": "#1"},
				"down": {"uv": [14.75, 10.75, 15.75, 11.75], "texture": "#1"}
			}
		},
		{
			"name": "B",
			"from": [4.6, 4, 12],
			"to": [11.6, 8, 14],
			"rotation": {"angle": -45, "axis": "x", "origin": [8, 0, 10]},
			"faces": {
				"north": {"uv": [15, 12.75, 16, 13.75], "texture": "#1"},
				"east": {"uv": [15, 12.75, 16, 13.75], "texture": "#1"},
				"south": {"uv": [15, 12.75, 16, 13.75], "texture": "#1"},
				"west": {"uv": [15, 12.75, 16, 13.75], "texture": "#1"},
				"up": {"uv": [15, 12.75, 16, 13.75], "texture": "#1"},
				"down": {"uv": [15, 12.75, 16, 13.75], "texture": "#1"}
			}
		},
		{
			"name": "B",
			"from": [8.3, 4.2, 11.6],
			"to": [12.2, 8.2, 13.6],
			"rotation": {"angle": -45, "axis": "x", "origin": [8, 0, 10]},
			"faces": {
				"north": {"uv": [15, 15, 16, 16], "texture": "#1"},
				"east": {"uv": [15, 15, 16, 16], "texture": "#1"},
				"south": {"uv": [15, 15, 16, 16], "texture": "#1"},
				"west": {"uv": [15, 15, 16, 16], "texture": "#1"},
				"up": {"uv": [15, 15, 16, 16], "texture": "#1"},
				"down": {"uv": [15, 15, 16, 16], "texture": "#1"}
			}
		},
		{
			"from": [3.7, 4, 7.7],
			"to": [12.3, 7, 12.3],
			"rotation": {"angle": 0, "axis": "y", "origin": [0, 0, 2]},
			"faces": {
				"north": {"uv": [13.85, 13.75, 16, 14.5], "texture": "#1"},
				"east": {"uv": [13.85, 13.75, 15, 14.5], "texture": "#1"},
				"south": {"uv": [13.85, 13.75, 16, 14.5], "texture": "#1"},
				"west": {"uv": [13.85, 13.75, 15, 14.5], "texture": "#1"},
				"up": {"uv": [13.85, 13.75, 16, 14.9], "texture": "#1"},
				"down": {"uv": [13.85, 13.75, 16, 14.9], "texture": "#1"}
			}
		},
		{
			"from": [3.7, 3.6, 7.7],
			"to": [12.3, 4, 12.3],
			"rotation": {"angle": 0, "axis": "y", "origin": [0, 0, 2]},
			"faces": {
				"north": {"uv": [13.85, 10.25, 16, 11], "texture": "#1"},
				"east": {"uv": [13.85, 10.25, 15, 11], "texture": "#1"},
				"south": {"uv": [13.85, 10.25, 16, 11], "texture": "#1"},
				"west": {"uv": [13.85, 10.25, 15, 11], "texture": "#1"},
				"up": {"uv": [13.85, 10.25, 16, 11.4], "texture": "#1"},
				"down": {"uv": [13.85, 10.25, 16, 11.4], "texture": "#1"}
			}
		},
		{
			"from": [3.9, 7.4, 8.6],
			"to": [12.1, 9.4, 12.2],
			"rotation": {"angle": 0, "axis": "y", "origin": [0, 0, 2]},
			"faces": {
				"north": {"uv": [13.85, 10.25, 16, 11], "texture": "#1"},
				"east": {"uv": [13.85, 10.25, 15, 11], "texture": "#1"},
				"south": {"uv": [13.85, 10.25, 16, 11], "texture": "#1"},
				"west": {"uv": [13.85, 10.25, 15, 11], "texture": "#1"},
				"up": {"uv": [13.85, 10.25, 16, 11.4], "texture": "#1"},
				"down": {"uv": [13.85, 10.25, 16, 11.4], "texture": "#1"}
			}
		},
		{
			"from": [3.8, 3, 7.8],
			"to": [5.8, 4, 12.2],
			"rotation": {"angle": 0, "axis": "y", "origin": [0, 0, 2]},
			"faces": {
				"north": {"uv": [14.25, 12.25, 14.75, 12.5], "texture": "#1"},
				"east": {"uv": [14.25, 12.25, 15.4, 12.5], "texture": "#1"},
				"south": {"uv": [14.25, 12.25, 14.75, 12.5], "texture": "#1"},
				"west": {"uv": [14.25, 12.25, 15.4, 12.5], "texture": "#1"},
				"up": {"uv": [14.25, 12.25, 14.75, 13.4], "texture": "#1"},
				"down": {"uv": [14.25, 12.25, 14.75, 13.4], "texture": "#1"}
			}
		},
		{
			"from": [10.2, 3, 7.8],
			"to": [12.2, 4, 12.2],
			"rotation": {"angle": 0, "axis": "y", "origin": [0, 0, 2]},
			"faces": {
				"north": {"uv": [14.25, 12.25, 14.75, 12.5], "texture": "#1"},
				"east": {"uv": [14.25, 12.25, 15.4, 12.5], "texture": "#1"},
				"south": {"uv": [14.25, 12.25, 14.75, 12.5], "texture": "#1"},
				"west": {"uv": [14.25, 12.25, 15.4, 12.5], "texture": "#1"},
				"up": {"uv": [14.25, 12.25, 14.75, 13.4], "texture": "#1"},
				"down": {"uv": [14.25, 12.25, 14.75, 13.4], "texture": "#1"}
			}
		},
		{
			"from": [11.1, -4.2, 7.8],
			"to": [12.1, -1.2, 12.2],
			"rotation": {"angle": 22.5, "axis": "z", "origin": [8, 0, 10]},
			"faces": {
				"north": {"uv": [14.75, 12.5, 15, 13.25], "texture": "#1"},
				"east": {"uv": [14.75, 12.5, 15.85, 13.25], "texture": "#1"},
				"south": {"uv": [14.75, 12.5, 15, 13.25], "texture": "#1"},
				"west": {"uv": [14.75, 12.5, 15.85, 13.25], "texture": "#1"},
				"up": {"uv": [14.75, 12.5, 15, 13.6], "rotation": 180, "texture": "#1"},
				"down": {"uv": [14.75, 12.5, 15, 13.6], "rotation": 180, "texture": "#1"}
			}
		},
		{
			"from": [11.1, -6.2, 7.8],
			"to": [12.1, -4.2, 12.2],
			"rotation": {"angle": 22.5, "axis": "z", "origin": [8, 0, 10]},
			"faces": {
				"north": {"uv": [14.75, 12.5, 15, 13.25], "texture": "#1"},
				"east": {"uv": [14.75, 12.5, 15.85, 13.25], "texture": "#1"},
				"south": {"uv": [14.75, 12.5, 15, 13.25], "texture": "#1"},
				"west": {"uv": [14.75, 12.5, 15.85, 13.25], "texture": "#1"},
				"up": {"uv": [14.75, 12.5, 15, 13.6], "rotation": 180, "texture": "#1"},
				"down": {"uv": [14.75, 12.5, 15, 13.6], "rotation": 180, "texture": "#1"}
			}
		},
		{
			"from": [11.5, -4.6, 7.5],
			"to": [12.5, -1.4, 12.5],
			"rotation": {"angle": 22.5, "axis": "z", "origin": [8, 0, 10]},
			"faces": {
				"north": {"uv": [14.75, 14.9, 15, 15.65], "texture": "#1"},
				"east": {"uv": [14.75, 14.9, 15.85, 15.65], "texture": "#1"},
				"south": {"uv": [14.75, 14.9, 15, 15.65], "texture": "#1"},
				"west": {"uv": [14.75, 14.9, 15.85, 15.65], "texture": "#1"},
				"up": {"uv": [14.75, 14.9, 15, 16], "rotation": 180, "texture": "#1"},
				"down": {"uv": [14.75, 14.9, 15, 16], "rotation": 180, "texture": "#1"}
			}
		},
		{
			"from": [11.3, -5, 7.5],
			"to": [12.3, -4.8, 12.5],
			"rotation": {"angle": 22.5, "axis": "z", "origin": [8, 0, 10]},
			"faces": {
				"north": {"uv": [13.75, 10.15, 14, 10.9], "texture": "#1"},
				"east": {"uv": [13.75, 10.15, 14.85, 10.9], "texture": "#1"},
				"south": {"uv": [13.75, 10.15, 14, 10.9], "texture": "#1"},
				"west": {"uv": [13.75, 10.15, 14.85, 10.9], "texture": "#1"},
				"up": {"uv": [13.75, 10.15, 14, 11.25], "rotation": 180, "texture": "#1"},
				"down": {"uv": [13.75, 10.15, 14, 11.25], "rotation": 180, "texture": "#1"}
			}
		},
		{
			"from": [11.3, -6, 7.5],
			"to": [12.3, -5.2, 12.5],
			"rotation": {"angle": 22.5, "axis": "z", "origin": [8, 0, 10]},
			"faces": {
				"north": {"uv": [14.75, 14.9, 15, 15.65], "texture": "#1"},
				"east": {"uv": [14.75, 14.9, 15.85, 15.65], "texture": "#1"},
				"south": {"uv": [14.75, 14.9, 15, 15.65], "texture": "#1"},
				"west": {"uv": [14.75, 14.9, 15.85, 15.65], "texture": "#1"},
				"up": {"uv": [14.75, 14.9, 15, 16], "rotation": 180, "texture": "#1"},
				"down": {"uv": [14.75, 14.9, 15, 16], "rotation": 180, "texture": "#1"}
			}
		},
		{
			"from": [9.1, -4.2, 11.2],
			"to": [11.1, -1.2, 12.2],
			"rotation": {"angle": 22.5, "axis": "z", "origin": [8, 0, 10]},
			"faces": {
				"north": {"uv": [14.75, 12.5, 15, 13.25], "texture": "#1"},
				"east": {"uv": [14.75, 12.5, 15.85, 13.25], "texture": "#1"},
				"south": {"uv": [14.75, 12.5, 15, 13.25], "texture": "#1"},
				"west": {"uv": [14.75, 12.5, 15.85, 13.25], "texture": "#1"},
				"up": {"uv": [14.75, 12.5, 15, 13.6], "rotation": 180, "texture": "#1"},
				"down": {"uv": [14.75, 12.5, 15, 13.6], "rotation": 180, "texture": "#1"}
			}
		},
		{
			"from": [10.1, -5.2, 11.2],
			"to": [11.1, -4.2, 12.2],
			"rotation": {"angle": 22.5, "axis": "z", "origin": [8, 0, 10]},
			"faces": {
				"north": {"uv": [14.75, 12.5, 15, 13.25], "texture": "#1"},
				"east": {"uv": [14.75, 12.5, 15.85, 13.25], "texture": "#1"},
				"south": {"uv": [14.75, 12.5, 15, 13.25], "texture": "#1"},
				"west": {"uv": [14.75, 12.5, 15.85, 13.25], "texture": "#1"},
				"up": {"uv": [14.75, 12.5, 15, 13.6], "rotation": 180, "texture": "#1"},
				"down": {"uv": [14.75, 12.5, 15, 13.6], "rotation": 180, "texture": "#1"}
			}
		},
		{
			"from": [10.1, -5.2, 7.8],
			"to": [11.1, -4.2, 8.8],
			"rotation": {"angle": 22.5, "axis": "z", "origin": [8, 0, 10]},
			"faces": {
				"north": {"uv": [14.75, 12.5, 15, 13.25], "texture": "#1"},
				"east": {"uv": [14.75, 12.5, 15.85, 13.25], "texture": "#1"},
				"south": {"uv": [14.75, 12.5, 15, 13.25], "texture": "#1"},
				"west": {"uv": [14.75, 12.5, 15.85, 13.25], "texture": "#1"},
				"up": {"uv": [14.75, 12.5, 15, 13.6], "rotation": 180, "texture": "#1"},
				"down": {"uv": [14.75, 12.5, 15, 13.6], "rotation": 180, "texture": "#1"}
			}
		},
		{
			"from": [9.3, -4, 12.2],
			"to": [11.3, -1.4, 12.7],
			"rotation": {"angle": 22.5, "axis": "z", "origin": [8, 0, 10]},
			"faces": {
				"north": {"uv": [13.75, 10.4, 14, 11.15], "texture": "#1"},
				"east": {"uv": [13.75, 10.4, 14.85, 11.15], "texture": "#1"},
				"south": {"uv": [13.75, 10.4, 14, 11.15], "texture": "#1"},
				"west": {"uv": [13.75, 10.4, 14.85, 11.15], "texture": "#1"},
				"up": {"uv": [13.75, 10.4, 14, 11.5], "rotation": 180, "texture": "#1"},
				"down": {"uv": [13.75, 10.4, 14, 11.5], "rotation": 180, "texture": "#1"}
			}
		},
		{
			"from": [10.3, -5, 7.4],
			"to": [11.3, -4, 7.9],
			"rotation": {"angle": 22.5, "axis": "z", "origin": [8, 0, 10]},
			"faces": {
				"north": {"uv": [13.75, 10.4, 14, 11.15], "texture": "#1"},
				"east": {"uv": [13.75, 10.4, 14.85, 11.15], "texture": "#1"},
				"south": {"uv": [13.75, 10.4, 14, 11.15], "texture": "#1"},
				"west": {"uv": [13.75, 10.4, 14.85, 11.15], "texture": "#1"},
				"up": {"uv": [13.75, 10.4, 14, 11.5], "rotation": 180, "texture": "#1"},
				"down": {"uv": [13.75, 10.4, 14, 11.5], "rotation": 180, "texture": "#1"}
			}
		},
		{
			"from": [9.3, -4, 7.4],
			"to": [11.3, -1.4, 7.9],
			"rotation": {"angle": 22.5, "axis": "z", "origin": [8, 0, 10]},
			"faces": {
				"north": {"uv": [13.75, 10.4, 14, 11.15], "texture": "#1"},
				"east": {"uv": [13.75, 10.4, 14.85, 11.15], "texture": "#1"},
				"south": {"uv": [13.75, 10.4, 14, 11.15], "texture": "#1"},
				"west": {"uv": [13.75, 10.4, 14.85, 11.15], "texture": "#1"},
				"up": {"uv": [13.75, 10.4, 14, 11.5], "rotation": 180, "texture": "#1"},
				"down": {"uv": [13.75, 10.4, 14, 11.5], "rotation": 180, "texture": "#1"}
			}
		},
		{
			"from": [10.3, -5, 12.2],
			"to": [11.3, -4, 12.7],
			"rotation": {"angle": 22.5, "axis": "z", "origin": [8, 0, 10]},
			"faces": {
				"north": {"uv": [13.75, 10.4, 14, 11.15], "texture": "#1"},
				"east": {"uv": [13.75, 10.4, 14.85, 11.15], "texture": "#1"},
				"south": {"uv": [13.75, 10.4, 14, 11.15], "texture": "#1"},
				"west": {"uv": [13.75, 10.4, 14.85, 11.15], "texture": "#1"},
				"up": {"uv": [13.75, 10.4, 14, 11.5], "rotation": 180, "texture": "#1"},
				"down": {"uv": [13.75, 10.4, 14, 11.5], "rotation": 180, "texture": "#1"}
			}
		},
		{
			"from": [9.1, -4.2, 7.8],
			"to": [11.1, -1.2, 8.8],
			"rotation": {"angle": 22.5, "axis": "z", "origin": [8, 0, 10]},
			"faces": {
				"north": {"uv": [14.75, 12.5, 15, 13.25], "texture": "#1"},
				"east": {"uv": [14.75, 12.5, 15.85, 13.25], "texture": "#1"},
				"south": {"uv": [14.75, 12.5, 15, 13.25], "texture": "#1"},
				"west": {"uv": [14.75, 12.5, 15.85, 13.25], "texture": "#1"},
				"up": {"uv": [14.75, 12.5, 15, 13.6], "rotation": 180, "texture": "#1"},
				"down": {"uv": [14.75, 12.5, 15, 13.6], "rotation": 180, "texture": "#1"}
			}
		},
		{
			"from": [3.9, -4.2, 7.8],
			"to": [4.9, -1.2, 12.2],
			"rotation": {"angle": -22.5, "axis": "z", "origin": [8, 0, 10]},
			"faces": {
				"north": {"uv": [14.75, 12.5, 15, 13.25], "texture": "#1"},
				"east": {"uv": [14.75, 12.5, 15.85, 13.25], "texture": "#1"},
				"south": {"uv": [14.75, 12.5, 15, 13.25], "texture": "#1"},
				"west": {"uv": [14.75, 12.5, 15.85, 13.25], "texture": "#1"},
				"up": {"uv": [14.75, 12.5, 15, 13.6], "texture": "#1"},
				"down": {"uv": [14.75, 12.5, 15, 13.6], "texture": "#1"}
			}
		},
		{
			"from": [3.9, -6.2, 7.8],
			"to": [4.9, -4.2, 12.2],
			"rotation": {"angle": -22.5, "axis": "z", "origin": [8, 0, 10]},
			"faces": {
				"north": {"uv": [14.75, 12.5, 15, 13.25], "texture": "#1"},
				"east": {"uv": [14.75, 12.5, 15.85, 13.25], "texture": "#1"},
				"south": {"uv": [14.75, 12.5, 15, 13.25], "texture": "#1"},
				"west": {"uv": [14.75, 12.5, 15.85, 13.25], "texture": "#1"},
				"up": {"uv": [14.75, 12.5, 15, 13.6], "texture": "#1"},
				"down": {"uv": [14.75, 12.5, 15, 13.6], "texture": "#1"}
			}
		},
		{
			"from": [3.5, -4.6, 7.5],
			"to": [4.5, -1.4, 12.5],
			"rotation": {"angle": -22.5, "axis": "z", "origin": [8, 0, 10]},
			"faces": {
				"north": {"uv": [14.75, 14.9, 15, 15.65], "texture": "#1"},
				"east": {"uv": [14.75, 14.9, 15.85, 15.65], "texture": "#1"},
				"south": {"uv": [14.75, 14.9, 15, 15.65], "texture": "#1"},
				"west": {"uv": [14.75, 14.9, 15.85, 15.65], "texture": "#1"},
				"up": {"uv": [14.75, 14.9, 15, 16], "texture": "#1"},
				"down": {"uv": [14.75, 14.9, 15, 16], "texture": "#1"}
			}
		},
		{
			"from": [3.7, -5, 7.5],
			"to": [4.7, -4.8, 12.5],
			"rotation": {"angle": -22.5, "axis": "z", "origin": [8, 0, 10]},
			"faces": {
				"north": {"uv": [13.75, 10.15, 14, 10.9], "texture": "#1"},
				"east": {"uv": [13.75, 10.15, 14.85, 10.9], "texture": "#1"},
				"south": {"uv": [13.75, 10.15, 14, 10.9], "texture": "#1"},
				"west": {"uv": [13.75, 10.15, 14.85, 10.9], "texture": "#1"},
				"up": {"uv": [13.75, 10.15, 14, 11.25], "texture": "#1"},
				"down": {"uv": [13.75, 10.15, 14, 11.25], "texture": "#1"}
			}
		},
		{
			"from": [3.7, -6, 7.5],
			"to": [4.7, -5.2, 12.5],
			"rotation": {"angle": -22.5, "axis": "z", "origin": [8, 0, 10]},
			"faces": {
				"north": {"uv": [14.75, 14.9, 15, 15.65], "texture": "#1"},
				"east": {"uv": [14.75, 14.9, 15.85, 15.65], "texture": "#1"},
				"south": {"uv": [14.75, 14.9, 15, 15.65], "texture": "#1"},
				"west": {"uv": [14.75, 14.9, 15.85, 15.65], "texture": "#1"},
				"up": {"uv": [14.75, 14.9, 15, 16], "texture": "#1"},
				"down": {"uv": [14.75, 14.9, 15, 16], "texture": "#1"}
			}
		},
		{
			"from": [4.9, -4.2, 7.8],
			"to": [6.9, -1.2, 8.8],
			"rotation": {"angle": -22.5, "axis": "z", "origin": [8, 0, 10]},
			"faces": {
				"north": {"uv": [14.75, 12.5, 15, 13.25], "texture": "#1"},
				"east": {"uv": [14.75, 12.5, 15.85, 13.25], "texture": "#1"},
				"south": {"uv": [14.75, 12.5, 15, 13.25], "texture": "#1"},
				"west": {"uv": [14.75, 12.5, 15.85, 13.25], "texture": "#1"},
				"up": {"uv": [14.75, 12.5, 15, 13.6], "texture": "#1"},
				"down": {"uv": [14.75, 12.5, 15, 13.6], "texture": "#1"}
			}
		},
		{
			"from": [4.9, -5.2, 7.8],
			"to": [5.9, -4.2, 8.8],
			"rotation": {"angle": -22.5, "axis": "z", "origin": [8, 0, 10]},
			"faces": {
				"north": {"uv": [14.75, 12.5, 15, 13.25], "texture": "#1"},
				"east": {"uv": [14.75, 12.5, 15.85, 13.25], "texture": "#1"},
				"south": {"uv": [14.75, 12.5, 15, 13.25], "texture": "#1"},
				"west": {"uv": [14.75, 12.5, 15.85, 13.25], "texture": "#1"},
				"up": {"uv": [14.75, 12.5, 15, 13.6], "texture": "#1"},
				"down": {"uv": [14.75, 12.5, 15, 13.6], "texture": "#1"}
			}
		},
		{
			"from": [4.9, -5.2, 11.2],
			"to": [5.9, -4.2, 12.2],
			"rotation": {"angle": -22.5, "axis": "z", "origin": [8, 0, 10]},
			"faces": {
				"north": {"uv": [14.75, 12.5, 15, 13.25], "texture": "#1"},
				"east": {"uv": [14.75, 12.5, 15.85, 13.25], "texture": "#1"},
				"south": {"uv": [14.75, 12.5, 15, 13.25], "texture": "#1"},
				"west": {"uv": [14.75, 12.5, 15.85, 13.25], "texture": "#1"},
				"up": {"uv": [14.75, 12.5, 15, 13.6], "texture": "#1"},
				"down": {"uv": [14.75, 12.5, 15, 13.6], "texture": "#1"}
			}
		},
		{
			"from": [4.7, -4, 7.3],
			"to": [6.7, -1.4, 7.8],
			"rotation": {"angle": -22.5, "axis": "z", "origin": [8, 0, 10]},
			"faces": {
				"north": {"uv": [13.75, 10.4, 14, 11.15], "texture": "#1"},
				"east": {"uv": [13.75, 10.4, 14.85, 11.15], "texture": "#1"},
				"south": {"uv": [13.75, 10.4, 14, 11.15], "texture": "#1"},
				"west": {"uv": [13.75, 10.4, 14.85, 11.15], "texture": "#1"},
				"up": {"uv": [13.75, 10.4, 14, 11.5], "texture": "#1"},
				"down": {"uv": [13.75, 10.4, 14, 11.5], "texture": "#1"}
			}
		},
		{
			"from": [4.7, -5, 12.1],
			"to": [5.7, -4, 12.6],
			"rotation": {"angle": -22.5, "axis": "z", "origin": [8, 0, 10]},
			"faces": {
				"north": {"uv": [13.75, 10.4, 14, 11.15], "texture": "#1"},
				"east": {"uv": [13.75, 10.4, 14.85, 11.15], "texture": "#1"},
				"south": {"uv": [13.75, 10.4, 14, 11.15], "texture": "#1"},
				"west": {"uv": [13.75, 10.4, 14.85, 11.15], "texture": "#1"},
				"up": {"uv": [13.75, 10.4, 14, 11.5], "texture": "#1"},
				"down": {"uv": [13.75, 10.4, 14, 11.5], "texture": "#1"}
			}
		},
		{
			"from": [4.7, -4, 12.1],
			"to": [6.7, -1.4, 12.6],
			"rotation": {"angle": -22.5, "axis": "z", "origin": [8, 0, 10]},
			"faces": {
				"north": {"uv": [13.75, 10.4, 14, 11.15], "texture": "#1"},
				"east": {"uv": [13.75, 10.4, 14.85, 11.15], "texture": "#1"},
				"south": {"uv": [13.75, 10.4, 14, 11.15], "texture": "#1"},
				"west": {"uv": [13.75, 10.4, 14.85, 11.15], "texture": "#1"},
				"up": {"uv": [13.75, 10.4, 14, 11.5], "texture": "#1"},
				"down": {"uv": [13.75, 10.4, 14, 11.5], "texture": "#1"}
			}
		},
		{
			"from": [4.7, -5, 7.3],
			"to": [5.7, -4, 7.8],
			"rotation": {"angle": -22.5, "axis": "z", "origin": [8, 0, 10]},
			"faces": {
				"north": {"uv": [13.75, 10.4, 14, 11.15], "texture": "#1"},
				"east": {"uv": [13.75, 10.4, 14.85, 11.15], "texture": "#1"},
				"south": {"uv": [13.75, 10.4, 14, 11.15], "texture": "#1"},
				"west": {"uv": [13.75, 10.4, 14.85, 11.15], "texture": "#1"},
				"up": {"uv": [13.75, 10.4, 14, 11.5], "texture": "#1"},
				"down": {"uv": [13.75, 10.4, 14, 11.5], "texture": "#1"}
			}
		},
		{
			"from": [4.9, -4.2, 11.2],
			"to": [6.9, -1.2, 12.2],
			"rotation": {"angle": -22.5, "axis": "z", "origin": [8, 0, 10]},
			"faces": {
				"north": {"uv": [14.75, 12.5, 15, 13.25], "texture": "#1"},
				"east": {"uv": [14.75, 12.5, 15.85, 13.25], "texture": "#1"},
				"south": {"uv": [14.75, 12.5, 15, 13.25], "texture": "#1"},
				"west": {"uv": [14.75, 12.5, 15.85, 13.25], "texture": "#1"},
				"up": {"uv": [14.75, 12.5, 15, 13.6], "texture": "#1"},
				"down": {"uv": [14.75, 12.5, 15, 13.6], "texture": "#1"}
			}
		},
		{
			"from": [7.1, -2.2, 7.7],
			"to": [10.1, 0.8, 8],
			"rotation": {"angle": -45, "axis": "z", "origin": [8, 0, 10]},
			"faces": {
				"north": {"uv": [15, 11, 16, 12], "rotation": 90, "texture": "#1"},
				"east": {"uv": [15, 11, 16, 11.15], "rotation": 270, "texture": "#1"},
				"south": {"uv": [15, 11, 16, 12], "rotation": 270, "texture": "#1"},
				"west": {"uv": [15, 11, 16, 11.15], "rotation": 270, "texture": "#1"},
				"up": {"uv": [15, 11, 15.15, 12], "rotation": 270, "texture": "#1"},
				"down": {"uv": [15, 11, 15.15, 12], "rotation": 270, "texture": "#1"}
			}
		},
		{
			"from": [7.6, -1.7, 7.4],
			"to": [9.6, 0.3, 8.4],
			"rotation": {"angle": -45, "axis": "z", "origin": [8, 0, 10]},
			"faces": {
				"north": {"uv": [14, 12.25, 15, 13.25], "rotation": 90, "texture": "#1"},
				"east": {"uv": [14, 12.25, 15, 12.4], "rotation": 270, "texture": "#1"},
				"south": {"uv": [14, 12.25, 15, 13.25], "rotation": 270, "texture": "#1"},
				"west": {"uv": [14, 12.25, 15, 12.4], "rotation": 270, "texture": "#1"},
				"up": {"uv": [14, 12.25, 14.15, 13.25], "rotation": 270, "texture": "#1"},
				"down": {"uv": [14, 12.25, 14.15, 13.25], "rotation": 270, "texture": "#1"}
			}
		},
		{
			"from": [7.8, -1.5, 7.2],
			"to": [9.4, 0.1, 8.2],
			"rotation": {"angle": -45, "axis": "z", "origin": [8, 0, 10]},
			"faces": {
				"north": {"uv": [15, 9.25, 16, 10.25], "rotation": 90, "texture": "#1"},
				"east": {"uv": [15, 9.25, 16, 9.4], "rotation": 270, "texture": "#1"},
				"south": {"uv": [15, 9.25, 16, 10.25], "rotation": 270, "texture": "#1"},
				"west": {"uv": [15, 9.25, 16, 9.4], "rotation": 270, "texture": "#1"},
				"up": {"uv": [15, 9.25, 15.15, 10.25], "rotation": 270, "texture": "#1"},
				"down": {"uv": [15, 9.25, 15.15, 10.25], "rotation": 270, "texture": "#1"}
			}
		},
		{
			"from": [4, -2.3, 7.9],
			"to": [12, -0.3, 8.4],
			"rotation": {"angle": 0, "axis": "y", "origin": [0, 0, 2]},
			"faces": {
				"north": {"uv": [13.75, 12, 15.75, 12.5], "texture": "#1"},
				"east": {"uv": [13.75, 12, 13.875, 12.5], "texture": "#1"},
				"south": {"uv": [13.75, 12, 15.75, 12.5], "texture": "#1"},
				"west": {"uv": [13.75, 12, 13.875, 12.5], "texture": "#1"},
				"up": {"uv": [13.75, 12, 15.75, 12.125], "texture": "#1"},
				"down": {"uv": [13.75, 12, 15.75, 12.125], "texture": "#1"}
			}
		},
		{
			"from": [4, -2.3, 11.6],
			"to": [12, -0.3, 12.1],
			"rotation": {"angle": 0, "axis": "y", "origin": [0, 0, 2]},
			"faces": {
				"north": {"uv": [13.75, 12, 15.75, 12.5], "texture": "#1"},
				"east": {"uv": [13.75, 12, 13.875, 12.5], "texture": "#1"},
				"south": {"uv": [13.75, 12, 15.75, 12.5], "texture": "#1"},
				"west": {"uv": [13.75, 12, 13.875, 12.5], "texture": "#1"},
				"up": {"uv": [13.75, 12, 15.75, 12.125], "texture": "#1"},
				"down": {"uv": [13.75, 12, 15.75, 12.125], "texture": "#1"}
			}
		},
		{
			"from": [3.8, -0.4, 7.9],
			"to": [5.8, 0.6, 12.1],
			"rotation": {"angle": 0, "axis": "y", "origin": [0, 0, 2]},
			"faces": {
				"north": {"uv": [14.25, 12.25, 14.75, 12.5], "texture": "#1"},
				"east": {"uv": [14.25, 12.25, 15.4, 12.5], "texture": "#1"},
				"south": {"uv": [14.25, 12.25, 14.75, 12.5], "texture": "#1"},
				"west": {"uv": [14.25, 12.25, 15.4, 12.5], "texture": "#1"},
				"up": {"uv": [14.25, 12.25, 14.75, 13.4], "texture": "#1"},
				"down": {"uv": [14.25, 12.25, 14.75, 13.4], "texture": "#1"}
			}
		},
		{
			"from": [10.2, -0.4, 7.9],
			"to": [12.2, 0.6, 12.1],
			"rotation": {"angle": 0, "axis": "y", "origin": [0, 0, 2]},
			"faces": {
				"north": {"uv": [14.25, 12.25, 14.75, 12.5], "texture": "#1"},
				"east": {"uv": [14.25, 12.25, 15.4, 12.5], "texture": "#1"},
				"south": {"uv": [14.25, 12.25, 14.75, 12.5], "texture": "#1"},
				"west": {"uv": [14.25, 12.25, 15.4, 12.5], "texture": "#1"},
				"up": {"uv": [14.25, 12.25, 14.75, 13.4], "texture": "#1"},
				"down": {"uv": [14.25, 12.25, 14.75, 13.4], "texture": "#1"}
			}
		},
		{
			"from": [13.1, 5, 1.1],
			"to": [13.9, 12, 1.9],
			"rotation": {"angle": 0, "axis": "y", "origin": [14, 6, 1]},
			"faces": {
				"north": {"uv": [0, 14.25, 0.25, 16], "rotation": 180, "texture": "#1"},
				"east": {"uv": [0, 14.25, 0.25, 16], "rotation": 180, "texture": "#1"},
				"south": {"uv": [0, 14.25, 0.25, 16], "rotation": 180, "texture": "#1"},
				"west": {"uv": [0, 14.25, 0.25, 16], "rotation": 180, "texture": "#1"},
				"up": {"uv": [0, 14.25, 0.25, 14.5], "rotation": 180, "texture": "#1"},
				"down": {"uv": [0, 14.25, 0.25, 14.5], "rotation": 180, "texture": "#1"}
			}
		},
		{
			"from": [11, 4, 1],
			"to": [16, 5, 2],
			"rotation": {"angle": 0, "axis": "y", "origin": [14, 6, 1]},
			"faces": {
				"north": {"uv": [14, 10.5, 15.25, 11], "rotation": 180, "texture": "#1"},
				"east": {"uv": [14, 10.5, 14.25, 11], "rotation": 180, "texture": "#1"},
				"south": {"uv": [14, 10.5, 15.25, 11], "rotation": 180, "texture": "#1"},
				"west": {"uv": [14, 10.5, 14.25, 11], "rotation": 180, "texture": "#1"},
				"up": {"uv": [14, 10.5, 15.25, 10.75], "rotation": 180, "texture": "#1"},
				"down": {"uv": [14, 10.5, 15.25, 10.75], "rotation": 180, "texture": "#1"}
			}
		},
		{
			"from": [12.5, -12, 1.2],
			"to": [14.5, 4, 1.8],
			"rotation": {"angle": 0, "axis": "y", "origin": [14, 6, 1]},
			"faces": {
				"north": {"uv": [12, 12, 12.5, 16], "rotation": 180, "texture": "#1"},
				"east": {"uv": [12, 12, 12.15, 16], "rotation": 180, "texture": "#1"},
				"south": {"uv": [12, 12, 12.5, 16], "rotation": 180, "texture": "#1"},
				"west": {"uv": [12, 12, 12.15, 16], "rotation": 180, "texture": "#1"},
				"up": {"uv": [12, 12, 12.5, 12.15], "rotation": 180, "texture": "#1"},
				"down": {"uv": [12, 12, 12.5, 12.15], "rotation": 180, "texture": "#1"}
			}
		},
		{
			"from": [12.4, -12.1, 1.3],
			"to": [14.6, 4, 1.7],
			"rotation": {"angle": 0, "axis": "y", "origin": [14, 6, 1]},
			"faces": {
				"north": {"uv": [13, 12, 13.5, 16], "rotation": 180, "texture": "#1"},
				"east": {"uv": [13, 12, 13.15, 16], "rotation": 180, "texture": "#1"},
				"south": {"uv": [13, 12, 13.5, 16], "rotation": 180, "texture": "#1"},
				"west": {"uv": [13, 12, 13.15, 16], "rotation": 180, "texture": "#1"},
				"up": {"uv": [13, 12, 13.5, 12.15], "rotation": 180, "texture": "#1"},
				"down": {"uv": [13, 12, 13.5, 12.15], "rotation": 180, "texture": "#1"}
			}
		},
		{
			"from": [13.1, -9, 1.15],
			"to": [13.3, 4, 1.85],
			"rotation": {"angle": 0, "axis": "y", "origin": [14, 6, 1]},
			"faces": {
				"north": {"uv": [13, 12, 13.5, 16], "rotation": 180, "texture": "#1"},
				"east": {"uv": [13, 12, 13.15, 16], "rotation": 180, "texture": "#1"},
				"south": {"uv": [13, 12, 13.5, 16], "rotation": 180, "texture": "#1"},
				"west": {"uv": [13, 12, 13.15, 16], "rotation": 180, "texture": "#1"},
				"up": {"uv": [13, 12, 13.5, 12.15], "rotation": 180, "texture": "#1"},
				"down": {"uv": [13, 12, 13.5, 12.15], "rotation": 180, "texture": "#1"}
			}
		},
		{
			"from": [13.7, -9, 1.15],
			"to": [13.9, 4, 1.85],
			"rotation": {"angle": 0, "axis": "y", "origin": [14, 6, 1]},
			"faces": {
				"north": {"uv": [13, 12, 13.5, 16], "rotation": 180, "texture": "#1"},
				"east": {"uv": [13, 12, 13.15, 16], "rotation": 180, "texture": "#1"},
				"south": {"uv": [13, 12, 13.5, 16], "rotation": 180, "texture": "#1"},
				"west": {"uv": [13, 12, 13.15, 16], "rotation": 180, "texture": "#1"},
				"up": {"uv": [13, 12, 13.5, 12.15], "rotation": 180, "texture": "#1"},
				"down": {"uv": [13, 12, 13.5, 12.15], "rotation": 180, "texture": "#1"}
			}
		},
		{
			"from": [12.6, -12.6, 1.3],
			"to": [14.4, -12.1, 1.7],
			"rotation": {"angle": 0, "axis": "y", "origin": [14, 6, 1]},
			"faces": {
				"north": {"uv": [13, 12, 13.5, 16], "rotation": 180, "texture": "#1"},
				"east": {"uv": [13, 12, 13.15, 16], "rotation": 180, "texture": "#1"},
				"south": {"uv": [13, 12, 13.5, 16], "rotation": 180, "texture": "#1"},
				"west": {"uv": [13, 12, 13.15, 16], "rotation": 180, "texture": "#1"},
				"up": {"uv": [13, 12, 13.5, 12.15], "rotation": 180, "texture": "#1"},
				"down": {"uv": [13, 12, 13.5, 12.15], "rotation": 180, "texture": "#1"}
			}
		},
		{
			"from": [12.8, -13.1, 1.3],
			"to": [14.2, -12.6, 1.7],
			"rotation": {"angle": 0, "axis": "y", "origin": [14, 6, 1]},
			"faces": {
				"north": {"uv": [13, 12, 13.5, 16], "rotation": 180, "texture": "#1"},
				"east": {"uv": [13, 12, 13.15, 16], "rotation": 180, "texture": "#1"},
				"south": {"uv": [13, 12, 13.5, 16], "rotation": 180, "texture": "#1"},
				"west": {"uv": [13, 12, 13.15, 16], "rotation": 180, "texture": "#1"},
				"up": {"uv": [13, 12, 13.5, 12.15], "rotation": 180, "texture": "#1"},
				"down": {"uv": [13, 12, 13.5, 12.15], "rotation": 180, "texture": "#1"}
			}
		},
		{
			"from": [13, -13.6, 1.3],
			"to": [14, -13.1, 1.7],
			"rotation": {"angle": 0, "axis": "y", "origin": [14, 6, 1]},
			"faces": {
				"north": {"uv": [13, 12, 13.5, 16], "rotation": 180, "texture": "#1"},
				"east": {"uv": [13, 12, 13.15, 16], "rotation": 180, "texture": "#1"},
				"south": {"uv": [13, 12, 13.5, 16], "rotation": 180, "texture": "#1"},
				"west": {"uv": [13, 12, 13.15, 16], "rotation": 180, "texture": "#1"},
				"up": {"uv": [13, 12, 13.5, 12.15], "rotation": 180, "texture": "#1"},
				"down": {"uv": [13, 12, 13.5, 12.15], "rotation": 180, "texture": "#1"}
			}
		},
		{
			"from": [13.2, -14.1, 1.3],
			"to": [13.8, -13.6, 1.7],
			"rotation": {"angle": 0, "axis": "y", "origin": [14, 6, 1]},
			"faces": {
				"north": {"uv": [13, 12, 13.5, 16], "rotation": 180, "texture": "#1"},
				"east": {"uv": [13, 12, 13.15, 16], "rotation": 180, "texture": "#1"},
				"south": {"uv": [13, 12, 13.5, 16], "rotation": 180, "texture": "#1"},
				"west": {"uv": [13, 12, 13.15, 16], "rotation": 180, "texture": "#1"},
				"up": {"uv": [13, 12, 13.5, 12.15], "rotation": 180, "texture": "#1"},
				"down": {"uv": [13, 12, 13.5, 12.15], "rotation": 180, "texture": "#1"}
			}
		},
		{
			"from": [12.7, -12.5, 1.2],
			"to": [14.3, -12, 1.8],
			"rotation": {"angle": 0, "axis": "y", "origin": [14, 6, 1]},
			"faces": {
				"north": {"uv": [12, 12, 12.5, 16], "rotation": 180, "texture": "#1"},
				"east": {"uv": [12, 12, 12.15, 16], "rotation": 180, "texture": "#1"},
				"south": {"uv": [12, 12, 12.5, 16], "rotation": 180, "texture": "#1"},
				"west": {"uv": [12, 12, 12.15, 16], "rotation": 180, "texture": "#1"},
				"up": {"uv": [12, 12, 12.5, 12.15], "rotation": 180, "texture": "#1"},
				"down": {"uv": [12, 12, 12.5, 12.15], "rotation": 180, "texture": "#1"}
			}
		},
		{
			"from": [12.9, -13, 1.2],
			"to": [14.1, -12.5, 1.8],
			"rotation": {"angle": 0, "axis": "y", "origin": [14, 6, 1]},
			"faces": {
				"north": {"uv": [12, 12, 12.5, 16], "rotation": 180, "texture": "#1"},
				"east": {"uv": [12, 12, 12.15, 16], "rotation": 180, "texture": "#1"},
				"south": {"uv": [12, 12, 12.5, 16], "rotation": 180, "texture": "#1"},
				"west": {"uv": [12, 12, 12.15, 16], "rotation": 180, "texture": "#1"},
				"up": {"uv": [12, 12, 12.5, 12.15], "rotation": 180, "texture": "#1"},
				"down": {"uv": [12, 12, 12.5, 12.15], "rotation": 180, "texture": "#1"}
			}
		},
		{
			"from": [13.1, -13.5, 1.2],
			"to": [13.9, -13, 1.8],
			"rotation": {"angle": 0, "axis": "y", "origin": [14, 6, 1]},
			"faces": {
				"north": {"uv": [12, 12, 12.5, 16], "rotation": 180, "texture": "#1"},
				"east": {"uv": [12, 12, 12.15, 16], "rotation": 180, "texture": "#1"},
				"south": {"uv": [12, 12, 12.5, 16], "rotation": 180, "texture": "#1"},
				"west": {"uv": [12, 12, 12.15, 16], "rotation": 180, "texture": "#1"},
				"up": {"uv": [12, 12, 12.5, 12.15], "rotation": 180, "texture": "#1"},
				"down": {"uv": [12, 12, 12.5, 12.15], "rotation": 180, "texture": "#1"}
			}
		},
		{
			"from": [13.3, -14, 1.2],
			"to": [13.7, -13.5, 1.8],
			"rotation": {"angle": 0, "axis": "y", "origin": [14, 6, 1]},
			"faces": {
				"north": {"uv": [12, 12, 12.5, 16], "rotation": 180, "texture": "#1"},
				"east": {"uv": [12, 12, 12.15, 16], "rotation": 180, "texture": "#1"},
				"south": {"uv": [12, 12, 12.5, 16], "rotation": 180, "texture": "#1"},
				"west": {"uv": [12, 12, 12.15, 16], "rotation": 180, "texture": "#1"},
				"up": {"uv": [12, 12, 12.5, 12.15], "rotation": 180, "texture": "#1"},
				"down": {"uv": [12, 12, 12.5, 12.15], "rotation": 180, "texture": "#1"}
			}
		},
		{
			"from": [12, -12, 1.4],
			"to": [15, 4, 1.6],
			"rotation": {"angle": 0, "axis": "y", "origin": [14, 6, 1]},
			"faces": {
				"north": {"uv": [12.5, 12, 13, 16], "rotation": 180, "texture": "#1"},
				"east": {"uv": [12.5, 12, 12.65, 16], "rotation": 180, "texture": "#1"},
				"south": {"uv": [12.5, 12, 13, 16], "rotation": 180, "texture": "#1"},
				"west": {"uv": [12.5, 12, 12.65, 16], "rotation": 180, "texture": "#1"},
				"up": {"uv": [12.5, 12, 13, 12.15], "rotation": 180, "texture": "#1"},
				"down": {"uv": [12.5, 12, 13, 12.15], "rotation": 180, "texture": "#1"}
			}
		},
		{
			"from": [12.2, -12.5, 1.4],
			"to": [14.8, -12, 1.6],
			"rotation": {"angle": 0, "axis": "y", "origin": [14, 6, 1]},
			"faces": {
				"north": {"uv": [12.5, 12, 13, 16], "rotation": 180, "texture": "#1"},
				"east": {"uv": [12.5, 12, 12.65, 16], "rotation": 180, "texture": "#1"},
				"south": {"uv": [12.5, 12, 13, 16], "rotation": 180, "texture": "#1"},
				"west": {"uv": [12.5, 12, 12.65, 16], "rotation": 180, "texture": "#1"},
				"up": {"uv": [12.5, 12, 13, 12.15], "rotation": 180, "texture": "#1"},
				"down": {"uv": [12.5, 12, 13, 12.15], "rotation": 180, "texture": "#1"}
			}
		},
		{
			"from": [12.4, -13, 1.4],
			"to": [14.6, -12.5, 1.6],
			"rotation": {"angle": 0, "axis": "y", "origin": [14, 6, 1]},
			"faces": {
				"north": {"uv": [12.5, 12, 13, 16], "rotation": 180, "texture": "#1"},
				"east": {"uv": [12.5, 12, 12.65, 16], "rotation": 180, "texture": "#1"},
				"south": {"uv": [12.5, 12, 13, 16], "rotation": 180, "texture": "#1"},
				"west": {"uv": [12.5, 12, 12.65, 16], "rotation": 180, "texture": "#1"},
				"up": {"uv": [12.5, 12, 13, 12.15], "rotation": 180, "texture": "#1"},
				"down": {"uv": [12.5, 12, 13, 12.15], "rotation": 180, "texture": "#1"}
			}
		},
		{
			"from": [12.6, -13.5, 1.4],
			"to": [14.4, -13, 1.6],
			"rotation": {"angle": 0, "axis": "y", "origin": [14, 6, 1]},
			"faces": {
				"north": {"uv": [12.5, 12, 13, 16], "rotation": 180, "texture": "#1"},
				"east": {"uv": [12.5, 12, 12.65, 16], "rotation": 180, "texture": "#1"},
				"south": {"uv": [12.5, 12, 13, 16], "rotation": 180, "texture": "#1"},
				"west": {"uv": [12.5, 12, 12.65, 16], "rotation": 180, "texture": "#1"},
				"up": {"uv": [12.5, 12, 13, 12.15], "rotation": 180, "texture": "#1"},
				"down": {"uv": [12.5, 12, 13, 12.15], "rotation": 180, "texture": "#1"}
			}
		},
		{
			"from": [12.8, -14, 1.4],
			"to": [14.2, -13.5, 1.6],
			"rotation": {"angle": 0, "axis": "y", "origin": [14, 6, 1]},
			"faces": {
				"north": {"uv": [12.5, 12, 13, 16], "rotation": 180, "texture": "#1"},
				"east": {"uv": [12.5, 12, 12.65, 16], "rotation": 180, "texture": "#1"},
				"south": {"uv": [12.5, 12, 13, 16], "rotation": 180, "texture": "#1"},
				"west": {"uv": [12.5, 12, 12.65, 16], "rotation": 180, "texture": "#1"},
				"up": {"uv": [12.5, 12, 13, 12.15], "rotation": 180, "texture": "#1"},
				"down": {"uv": [12.5, 12, 13, 12.15], "rotation": 180, "texture": "#1"}
			}
		},
		{
			"from": [13, -14.5, 1.4],
			"to": [14, -14, 1.6],
			"rotation": {"angle": 0, "axis": "y", "origin": [14, 6, 1]},
			"faces": {
				"north": {"uv": [12.5, 12, 13, 16], "rotation": 180, "texture": "#1"},
				"east": {"uv": [12.5, 12, 12.65, 16], "rotation": 180, "texture": "#1"},
				"south": {"uv": [12.5, 12, 13, 16], "rotation": 180, "texture": "#1"},
				"west": {"uv": [12.5, 12, 12.65, 16], "rotation": 180, "texture": "#1"},
				"up": {"uv": [12.5, 12, 13, 12.15], "rotation": 180, "texture": "#1"},
				"down": {"uv": [12.5, 12, 13, 12.15], "rotation": 180, "texture": "#1"}
			}
		},
		{
			"from": [13.2, -15, 1.4],
			"to": [13.8, -14.5, 1.6],
			"rotation": {"angle": 0, "axis": "y", "origin": [14, 6, 1]},
			"faces": {
				"north": {"uv": [12.5, 12, 13, 16], "rotation": 180, "texture": "#1"},
				"east": {"uv": [12.5, 12, 12.65, 16], "rotation": 180, "texture": "#1"},
				"south": {"uv": [12.5, 12, 13, 16], "rotation": 180, "texture": "#1"},
				"west": {"uv": [12.5, 12, 12.65, 16], "rotation": 180, "texture": "#1"},
				"up": {"uv": [12.5, 12, 13, 12.15], "rotation": 180, "texture": "#1"},
				"down": {"uv": [12.5, 12, 13, 12.15], "rotation": 180, "texture": "#1"}
			}
		},
		{
			"from": [17.2, -0.1, 1],
			"to": [19.4, 2.1, 2],
			"rotation": {"angle": -45, "axis": "z", "origin": [14, 6, 1]},
			"faces": {
				"north": {"uv": [13, 12, 13.5, 12.5], "rotation": 270, "texture": "#1"},
				"east": {"uv": [13, 12, 13.5, 12.25], "rotation": 90, "texture": "#1"},
				"south": {"uv": [13, 12, 13.5, 12.5], "rotation": 90, "texture": "#1"},
				"west": {"uv": [13, 12, 13.5, 12.25], "rotation": 90, "texture": "#1"},
				"up": {"uv": [13, 12, 13.25, 12.5], "rotation": 90, "texture": "#1"},
				"down": {"uv": [13, 12, 13.25, 12.5], "rotation": 90, "texture": "#1"}
			}
		},
		{
			"from": [15.6, 2.7, 1.1],
			"to": [16.6, 3.7, 1.9],
			"rotation": {"angle": -45, "axis": "z", "origin": [14, 6, 1]},
			"faces": {
				"north": {"uv": [13, 12, 13.5, 12.5], "rotation": 270, "texture": "#1"},
				"east": {"uv": [13, 12, 13.5, 12.25], "rotation": 90, "texture": "#1"},
				"south": {"uv": [13, 12, 13.5, 12.5], "rotation": 90, "texture": "#1"},
				"west": {"uv": [13, 12, 13.5, 12.25], "rotation": 90, "texture": "#1"},
				"up": {"uv": [13, 12, 13.25, 12.5], "rotation": 90, "texture": "#1"},
				"down": {"uv": [13, 12, 13.25, 12.5], "rotation": 90, "texture": "#1"}
			}
		},
		{
			"from": [20, -1.7, 1.1],
			"to": [21, -0.7, 1.9],
			"rotation": {"angle": -45, "axis": "z", "origin": [14, 6, 1]},
			"faces": {
				"north": {"uv": [13, 12, 13.5, 12.5], "rotation": 270, "texture": "#1"},
				"east": {"uv": [13, 12, 13.5, 12.25], "rotation": 90, "texture": "#1"},
				"south": {"uv": [13, 12, 13.5, 12.5], "rotation": 90, "texture": "#1"},
				"west": {"uv": [13, 12, 13.5, 12.25], "rotation": 90, "texture": "#1"},
				"up": {"uv": [13, 12, 13.25, 12.5], "rotation": 90, "texture": "#1"},
				"down": {"uv": [13, 12, 13.25, 12.5], "rotation": 90, "texture": "#1"}
			}
		},
		{
			"from": [22, -3.7, 1.1],
			"to": [23, -2.7, 1.9],
			"rotation": {"angle": -45, "axis": "z", "origin": [14, 6, 1]},
			"faces": {
				"north": {"uv": [13, 12, 13.5, 12.5], "rotation": 270, "texture": "#1"},
				"east": {"uv": [13, 12, 13.5, 12.25], "rotation": 90, "texture": "#1"},
				"south": {"uv": [13, 12, 13.5, 12.5], "rotation": 90, "texture": "#1"},
				"west": {"uv": [13, 12, 13.5, 12.25], "rotation": 90, "texture": "#1"},
				"up": {"uv": [13, 12, 13.25, 12.5], "rotation": 90, "texture": "#1"},
				"down": {"uv": [13, 12, 13.25, 12.5], "rotation": 90, "texture": "#1"}
			}
		},
		{
			"from": [24, -5.7, 1.1],
			"to": [25, -4.7, 1.9],
			"rotation": {"angle": -45, "axis": "z", "origin": [14, 6, 1]},
			"faces": {
				"north": {"uv": [13, 12, 13.5, 12.5], "rotation": 270, "texture": "#1"},
				"east": {"uv": [13, 12, 13.5, 12.25], "rotation": 90, "texture": "#1"},
				"south": {"uv": [13, 12, 13.5, 12.5], "rotation": 90, "texture": "#1"},
				"west": {"uv": [13, 12, 13.5, 12.25], "rotation": 90, "texture": "#1"},
				"up": {"uv": [13, 12, 13.25, 12.5], "rotation": 90, "texture": "#1"},
				"down": {"uv": [13, 12, 13.25, 12.5], "rotation": 90, "texture": "#1"}
			}
		},
		{
			"from": [17.4, 0.1, 0.9],
			"to": [19.2, 1.9, 2.1],
			"rotation": {"angle": -45, "axis": "z", "origin": [14, 6, 1]},
			"faces": {
				"north": {"uv": [15, 9.25, 16, 10.25], "rotation": 270, "texture": "#1"},
				"east": {"uv": [15, 9.25, 16, 10.25], "rotation": 90, "texture": "#1"},
				"south": {"uv": [15, 9.25, 16, 10.25], "rotation": 90, "texture": "#1"},
				"west": {"uv": [15, 9.25, 16, 10.25], "rotation": 90, "texture": "#1"},
				"up": {"uv": [15, 9.25, 16, 10], "rotation": 90, "texture": "#1"},
				"down": {"uv": [15, 9.25, 16, 10.25], "rotation": 90, "texture": "#1"}
			}
		},
		{
			"from": [16.8, -0.5, 1.1],
			"to": [19.8, 2.5, 1.9],
			"rotation": {"angle": -45, "axis": "z", "origin": [14, 6, 1]},
			"faces": {
				"north": {"uv": [13.75, 10.25, 14.25, 10.75], "rotation": 270, "texture": "#1"},
				"east": {"uv": [13.75, 10.25, 14.25, 10.5], "rotation": 90, "texture": "#1"},
				"south": {"uv": [13.75, 10.25, 14.25, 10.75], "rotation": 90, "texture": "#1"},
				"west": {"uv": [13.75, 10.25, 14.25, 10.5], "rotation": 90, "texture": "#1"},
				"up": {"uv": [13.75, 10.25, 14, 10.75], "rotation": 90, "texture": "#1"},
				"down": {"uv": [13.75, 10.25, 14, 10.75], "rotation": 90, "texture": "#1"}
			}
		},
		{
			"from": [16.3, -1, 1.35],
			"to": [20.3, 3, 1.65],
			"rotation": {"angle": -45, "axis": "z", "origin": [14, 6, 1]},
			"faces": {
				"north": {"uv": [12.5, 12, 13, 12.5], "rotation": 270, "texture": "#1"},
				"east": {"uv": [12.5, 12, 13, 12.25], "rotation": 90, "texture": "#1"},
				"south": {"uv": [12.5, 12, 13, 12.5], "rotation": 90, "texture": "#1"},
				"west": {"uv": [12.5, 12, 13, 12.25], "rotation": 90, "texture": "#1"},
				"up": {"uv": [12.5, 12, 12.75, 12.5], "rotation": 90, "texture": "#1"},
				"down": {"uv": [12.5, 12, 12.75, 12.5], "rotation": 90, "texture": "#1"}
			}
		},
		{
			"from": [15.5, 5.4, 0.9],
			"to": [17.5, 7.4, 2.1],
			"rotation": {"angle": -45, "axis": "z", "origin": [14, 6, 1]},
			"faces": {
				"north": {"uv": [14.25, 11.25, 14.75, 11.75], "rotation": 270, "texture": "#1"},
				"east": {"uv": [14.25, 11.25, 14.75, 11.45], "rotation": 90, "texture": "#1"},
				"south": {"uv": [14.25, 11.25, 14.75, 11.75], "rotation": 90, "texture": "#1"},
				"west": {"uv": [14.25, 11.25, 14.75, 11.45], "rotation": 90, "texture": "#1"},
				"up": {"uv": [14.25, 11.25, 14.45, 11.75], "rotation": 90, "texture": "#1"},
				"down": {"uv": [14.25, 11.25, 14.45, 11.75], "rotation": 90, "texture": "#1"}
			}
		},
		{
			"from": [15.3, 5.2, 1.3],
			"to": [17.7, 7.6, 1.7],
			"rotation": {"angle": -45, "axis": "z", "origin": [14, 6, 1]},
			"faces": {
				"north": {"uv": [13.75, 12, 14.25, 12.5], "rotation": 270, "texture": "#1"},
				"east": {"uv": [13.75, 12, 14.25, 12.2], "rotation": 90, "texture": "#1"},
				"south": {"uv": [13.75, 12, 14.25, 12.5], "rotation": 90, "texture": "#1"},
				"west": {"uv": [13.75, 12, 14.25, 12.2], "rotation": 90, "texture": "#1"},
				"up": {"uv": [13.75, 12, 13.95, 12.5], "rotation": 90, "texture": "#1"},
				"down": {"uv": [13.75, 12, 13.95, 12.5], "rotation": 90, "texture": "#1"}
			}
		},
		{
			"from": [11.7, 1.6, 1.3],
			"to": [14.1, 4, 1.7],
			"rotation": {"angle": -45, "axis": "z", "origin": [14, 6, 1]},
			"faces": {
				"north": {"uv": [13.75, 12, 14.25, 12.5], "rotation": 270, "texture": "#1"},
				"east": {"uv": [13.75, 12, 14.25, 12.2], "rotation": 90, "texture": "#1"},
				"south": {"uv": [13.75, 12, 14.25, 12.5], "rotation": 90, "texture": "#1"},
				"west": {"uv": [13.75, 12, 14.25, 12.2], "rotation": 90, "texture": "#1"},
				"up": {"uv": [13.75, 12, 13.95, 12.5], "rotation": 90, "texture": "#1"},
				"down": {"uv": [13.75, 12, 13.95, 12.5], "rotation": 90, "texture": "#1"}
			}
		},
		{
			"from": [15.8, 5.7, 0.8],
			"to": [17.2, 7.1, 2.2],
			"rotation": {"angle": -45, "axis": "z", "origin": [14, 6, 1]},
			"faces": {
				"north": {"uv": [14.75, 12.25, 15.25, 12.75], "rotation": 270, "texture": "#1"},
				"east": {"uv": [14.75, 12.25, 15.25, 12.45], "rotation": 90, "texture": "#1"},
				"south": {"uv": [14.75, 12.25, 15.25, 12.75], "rotation": 90, "texture": "#1"},
				"west": {"uv": [14.75, 12.25, 15.25, 12.45], "rotation": 90, "texture": "#1"},
				"up": {"uv": [14.75, 12.25, 14.95, 12.75], "rotation": 90, "texture": "#1"},
				"down": {"uv": [14.75, 12.25, 14.95, 12.75], "rotation": 90, "texture": "#1"}
			}
		},
		{
			"from": [12.2, 2.1, 0.8],
			"to": [13.6, 3.5, 2.2],
			"rotation": {"angle": -45, "axis": "z", "origin": [14, 6, 1]},
			"faces": {
				"north": {"uv": [14.75, 12.25, 15.25, 12.75], "rotation": 270, "texture": "#1"},
				"east": {"uv": [14.75, 12.25, 15.25, 12.45], "rotation": 90, "texture": "#1"},
				"south": {"uv": [14.75, 12.25, 15.25, 12.75], "rotation": 90, "texture": "#1"},
				"west": {"uv": [14.75, 12.25, 15.25, 12.45], "rotation": 90, "texture": "#1"},
				"up": {"uv": [14.75, 12.25, 14.95, 12.75], "rotation": 90, "texture": "#1"},
				"down": {"uv": [14.75, 12.25, 14.95, 12.75], "rotation": 90, "texture": "#1"}
			}
		},
		{
			"from": [12.4, 2.3, 0.7],
			"to": [13.4, 3.3, 2.3],
			"rotation": {"angle": -45, "axis": "z", "origin": [14, 6, 1]},
			"faces": {
				"north": {"uv": [15, 9.25, 16, 10.25], "rotation": 270, "texture": "#1"},
				"east": {"uv": [15, 9.25, 16, 10.25], "rotation": 90, "texture": "#1"},
				"south": {"uv": [15, 9.25, 16, 10.25], "rotation": 90, "texture": "#1"},
				"west": {"uv": [15, 9.25, 16, 10.25], "rotation": 90, "texture": "#1"},
				"up": {"uv": [15, 9.25, 16, 10.25], "rotation": 90, "texture": "#1"},
				"down": {"uv": [15, 9.25, 16, 10.25], "rotation": 90, "texture": "#1"}
			}
		},
		{
			"from": [16, 5.9, 0.7],
			"to": [17, 6.9, 2.3],
			"rotation": {"angle": -45, "axis": "z", "origin": [14, 6, 1]},
			"faces": {
				"north": {"uv": [15, 9.25, 16, 10.25], "rotation": 270, "texture": "#1"},
				"east": {"uv": [15, 9.25, 16, 10.25], "rotation": 90, "texture": "#1"},
				"south": {"uv": [15, 9.25, 16, 10.25], "rotation": 90, "texture": "#1"},
				"west": {"uv": [15, 9.25, 16, 10.25], "rotation": 90, "texture": "#1"},
				"up": {"uv": [15, 9.25, 16, 10.25], "rotation": 90, "texture": "#1"},
				"down": {"uv": [15, 9.25, 16, 10.25], "rotation": 90, "texture": "#1"}
			}
		},
		{
			"from": [11.9, 1.8, 0.9],
			"to": [13.9, 3.8, 2.1],
			"rotation": {"angle": -45, "axis": "z", "origin": [14, 6, 1]},
			"faces": {
				"north": {"uv": [14.25, 11.25, 14.75, 11.75], "rotation": 270, "texture": "#1"},
				"east": {"uv": [14.25, 11.25, 14.75, 11.45], "rotation": 90, "texture": "#1"},
				"south": {"uv": [14.25, 11.25, 14.75, 11.75], "rotation": 90, "texture": "#1"},
				"west": {"uv": [14.25, 11.25, 14.75, 11.45], "rotation": 90, "texture": "#1"},
				"up": {"uv": [14.25, 11.25, 14.45, 11.75], "rotation": 90, "texture": "#1"},
				"down": {"uv": [14.25, 11.25, 14.45, 11.75], "rotation": 90, "texture": "#1"}
			}
		},
		{
			"from": [13.3, 3.5, 0.8],
			"to": [13.7, 5.5, 2.2],
			"rotation": {"angle": 0, "axis": "y", "origin": [14, 6, 1]},
			"faces": {
				"north": {"uv": [14.25, 11, 14.35, 11.5], "rotation": 180, "texture": "#1"},
				"east": {"uv": [14.25, 11, 14.6, 11.5], "rotation": 180, "texture": "#1"},
				"south": {"uv": [14.25, 11, 14.35, 11.5], "rotation": 180, "texture": "#1"},
				"west": {"uv": [14.25, 11, 14.6, 11.5], "rotation": 180, "texture": "#1"},
				"up": {"uv": [14.25, 11, 14.35, 11.35], "rotation": 180, "texture": "#1"},
				"down": {"uv": [14.25, 11, 14.35, 11.35], "rotation": 180, "texture": "#1"}
			}
		},
		{
			"from": [12.7, 3.8, 0.8],
			"to": [13.1, 5.2, 2.2],
			"rotation": {"angle": 0, "axis": "y", "origin": [14, 6, 1]},
			"faces": {
				"north": {"uv": [14.25, 11, 14.35, 11.5], "rotation": 180, "texture": "#1"},
				"east": {"uv": [14.25, 11, 14.6, 11.5], "rotation": 180, "texture": "#1"},
				"south": {"uv": [14.25, 11, 14.35, 11.5], "rotation": 180, "texture": "#1"},
				"west": {"uv": [14.25, 11, 14.6, 11.5], "rotation": 180, "texture": "#1"},
				"up": {"uv": [14.25, 11, 14.35, 11.35], "rotation": 180, "texture": "#1"},
				"down": {"uv": [14.25, 11, 14.35, 11.35], "rotation": 180, "texture": "#1"}
			}
		},
		{
			"from": [13.9, 3.8, 0.8],
			"to": [14.3, 5.2, 2.2],
			"rotation": {"angle": 0, "axis": "y", "origin": [14, 6, 1]},
			"faces": {
				"north": {"uv": [14.25, 11, 14.35, 11.5], "rotation": 180, "texture": "#1"},
				"east": {"uv": [14.25, 11, 14.6, 11.5], "rotation": 180, "texture": "#1"},
				"south": {"uv": [14.25, 11, 14.35, 11.5], "rotation": 180, "texture": "#1"},
				"west": {"uv": [14.25, 11, 14.6, 11.5], "rotation": 180, "texture": "#1"},
				"up": {"uv": [14.25, 11, 14.35, 11.35], "rotation": 180, "texture": "#1"},
				"down": {"uv": [14.25, 11, 14.35, 11.35], "rotation": 180, "texture": "#1"}
			}
		},
		{
			"from": [13, 3.9, 0.9],
			"to": [14, 5.1, 2.1],
			"rotation": {"angle": 0, "axis": "y", "origin": [14, 6, 1]},
			"faces": {
				"north": {"uv": [14.25, 12.75, 14.5, 13.05], "rotation": 180, "texture": "#1"},
				"east": {"uv": [14.25, 12.75, 14.55, 13.05], "rotation": 180, "texture": "#1"},
				"south": {"uv": [14.25, 12.75, 14.5, 13.05], "rotation": 180, "texture": "#1"},
				"west": {"uv": [14.25, 12.75, 14.55, 13.05], "rotation": 180, "texture": "#1"},
				"up": {"uv": [14.25, 12.75, 14.5, 13.05], "rotation": 180, "texture": "#1"},
				"down": {"uv": [14.25, 12.75, 14.5, 13.05], "rotation": 180, "texture": "#1"}
			}
		},
		{
			"from": [9, 9.3, 1],
			"to": [10, 10.3, 2],
			"rotation": {"angle": -45, "axis": "z", "origin": [14, 6, 1]},
			"faces": {
				"north": {"uv": [14, 10.75, 14.25, 11], "rotation": 270, "texture": "#1"},
				"east": {"uv": [14, 10.75, 14.25, 11], "rotation": 90, "texture": "#1"},
				"south": {"uv": [14, 10.75, 14.25, 11], "rotation": 90, "texture": "#1"},
				"west": {"uv": [14, 10.75, 14.25, 11], "rotation": 90, "texture": "#1"},
				"up": {"uv": [14, 10.75, 14.25, 11], "rotation": 90, "texture": "#1"},
				"down": {"uv": [14, 10.75, 14.25, 11], "rotation": 90, "texture": "#1"}
			}
		},
		{
			"from": [9.2, 9.5, 0.9],
			"to": [9.8, 10.1, 2.1],
			"rotation": {"angle": -45, "axis": "z", "origin": [14, 6, 1]},
			"faces": {
				"north": {"uv": [15, 9.25, 16, 10.25], "rotation": 270, "texture": "#1"},
				"east": {"uv": [15, 9.25, 16, 10.25], "rotation": 90, "texture": "#1"},
				"south": {"uv": [15, 9.25, 16, 10.25], "rotation": 90, "texture": "#1"},
				"west": {"uv": [15, 9.25, 16, 10.25], "rotation": 90, "texture": "#1"},
				"up": {"uv": [15, 9.25, 16, 10.25], "rotation": 90, "texture": "#1"},
				"down": {"uv": [15, 9.25, 16, 10.25], "rotation": 90, "texture": "#1"}
			}
		}
	],
	"display": {
		"thirdperson_righthand": {
			"rotation": [60, 0, 0],
			"translation": [0, 1.5, 2],
			"scale": [0.2, 0.2, 0.2]
		},
		"thirdperson_lefthand": {
			"rotation": [60, 0, 0],
			"translation": [0, 1.5, 2],
			"scale": [0.2, 0.2, 0.2]
		},
		"firstperson_righthand": {
			"rotation": [0, 135, 0],
			"translation": [0, 6.5, 0],
			"scale": [0.2, 0.2, 0.2]
		},
		"firstperson_lefthand": {
			"rotation": [0, 135, 0],
			"translation": [0, 6.5, 0],
			"scale": [0.2, 0.2, 0.2]
		},
		"ground": {
			"translation": [0, 20, 0]
		},
		"gui": {
			"rotation": [30, 135, 0],
			"translation": [0, 11.5, 0]
		},
		"head": {
			"translation": [0, -7.5, 0],
			"scale": [1.5, 1.5, 1.5]
		},
		"fixed": {
			"translation": [0, 4, -1.5],
			"scale": [0.5, 0.5, 0.5]
		}
	},
	"groups": [
		{
			"name": "plate",
			"origin": [0, 0, 0],
			"color": 0,
			"children": [
				0,
				1,
				{
					"name": "group",
					"origin": [8, 0, 8],
					"color": 0,
					"children": [2, 3]
				},
				{
					"name": "group",
					"origin": [8, 0, 8],
					"color": 0,
					"children": [4, 5]
				},
				{
					"name": "group",
					"origin": [8, 0, 8],
					"color": 0,
					"children": [6, 7]
				},
				{
					"name": "group",
					"origin": [8, 0, 8],
					"color": 0,
					"children": [8, 9]
				}
			]
		},
		{
			"name": "Charactor",
			"origin": [8, 8, 8],
			"color": 0,
			"children": [
				{
					"name": "LL",
					"origin": [0, 0, 0],
					"color": 0,
					"children": [10, 11, 12, 13]
				},
				{
					"name": "RL",
					"origin": [0, 0, 0],
					"color": 0,
					"children": [14, 15, 16, 17]
				},
				{
					"name": "RA",
					"origin": [0, 0, 0],
					"color": 0,
					"children": [18, 19, 20]
				},
				{
					"name": "LA",
					"origin": [0, 0, 0],
					"color": 0,
					"children": [
						21,
						{
							"name": "Arm",
							"origin": [2, 4, 8],
							"color": 0,
							"children": [22, 23, 24, 25, 26, 27, 28, 29, 30, 31, 32]
						}
					]
				},
				{
					"name": "H",
					"origin": [0, 0, 0],
					"color": 0,
					"children": [33, 34, 35, 36, 37, 38, 39, 40, 41, 42, 43, 44]
				},
				{
					"name": "B",
					"origin": [0, 0, 0],
					"color": 0,
					"children": [
						45,
						{
							"name": "group",
							"origin": [8, 0, 10],
							"color": 0,
							"children": [46]
						},
						47,
						48,
						49,
						50,
						51,
						52,
						53,
						54,
						55,
						56,
						57,
						{
							"name": "skirt",
							"origin": [8, 0, 8],
							"color": 0,
							"children": [
								{
									"name": "group",
									"origin": [8, 0, 8],
									"color": 0,
									"children": [58, 59, 60, 61, 62, 63, 64, 65, 66, 67, 68, 69, 70]
								},
								{
									"name": "group",
									"origin": [8, 0, 8],
									"color": 0,
									"children": [71, 72, 73, 74, 75, 76, 77, 78, 79, 80, 81, 82, 83]
								},
								{
									"name": "group",
									"origin": [0, 0, 0],
									"color": 0,
									"children": [84, 85, 86]
								},
								87,
								88,
								89,
								90
							]
						}
					]
				}
			]
		},
		{
			"name": "Sword",
			"origin": [8, 8, 8],
			"color": 0,
			"children": [91, 92, 93, 94, 95, 96, 97, 98, 99, 100, 101, 102, 103, 104, 105, 106, 107, 108, 109, 110, 111, 112, 113, 114, 115, 116, 117, 118, 119, 120, 121, 122, 123, 124, 125, 126, 127, 128, 129, 130, 131, 132, 133]
		}
	]
}