{
	"credit": "Made with Blockbench",
	"texture_size": [64, 64],
	"textures": {
		"0": "item/enemy/blazy",
		"1": "item/campfire_fire",
		"particle": "item/enemy/blazy"
	},
	"elements": [
		{
			"from": [4, 12, 2],
			"to": [12, 20, 10],
			"rotation": {"angle": 22.5, "axis": "x", "origin": [8, 8, 8]},
			"faces": {
				"north": {"uv": [2, 2, 4, 4], "texture": "#0"},
				"east": {"uv": [0, 2, 2, 4], "texture": "#0"},
				"south": {"uv": [6, 2, 8, 4], "texture": "#0"},
				"west": {"uv": [4, 2, 6, 4], "texture": "#0"},
				"up": {"uv": [4, 2, 2, 0], "texture": "#0"},
				"down": {"uv": [6, 0, 4, 2], "texture": "#0"}
			}
		},
		{
			"from": [3.8, 11.8, 1.8],
			"to": [12.2, 20.2, 10.2],
			"rotation": {"angle": 22.5, "axis": "x", "origin": [8, 8, 8]},
			"faces": {
				"north": {"uv": [10, 2, 12, 4], "texture": "#0"},
				"east": {"uv": [8, 2, 10, 4], "texture": "#0"},
				"south": {"uv": [14, 2, 16, 4], "texture": "#0"},
				"west": {"uv": [12, 2, 14, 4], "texture": "#0"},
				"up": {"uv": [12, 2, 10, 0], "texture": "#0"},
				"down": {"uv": [14, 0, 12, 2], "texture": "#0"}
			}
		},
		{
			"from": [4, 0, 6],
			"to": [12, 12, 10],
			"faces": {
				"north": {"uv": [5, 5, 7, 8], "texture": "#0"},
				"east": {"uv": [4, 5, 5, 8], "texture": "#0"},
				"south": {"uv": [8, 5, 10, 8], "texture": "#0"},
				"west": {"uv": [7, 5, 8, 8], "texture": "#0"},
				"up": {"uv": [7, 5, 5, 4], "texture": "#0"},
				"down": {"uv": [9, 4, 7, 5], "texture": "#0"}
			}
		},
		{
			"from": [12, -5, 6],
			"to": [16, 7, 10],
			"rotation": {"angle": 45, "axis": "z", "origin": [8, 8, 8]},
			"faces": {
				"north": {"uv": [11, 5, 12, 8], "texture": "#0"},
				"east": {"uv": [10, 5, 11, 8], "texture": "#0"},
				"south": {"uv": [13, 5, 14, 8], "texture": "#0"},
				"west": {"uv": [12, 5, 13, 8], "texture": "#0"},
				"up": {"uv": [12, 5, 11, 4], "texture": "#0"},
				"down": {"uv": [13, 4, 12, 5], "texture": "#0"}
			}
		},
		{
			"from": [3.9, -3, -2],
			"to": [7.9, 9, 2],
			"rotation": {"angle": -45, "axis": "x", "origin": [8, 8, 8]},
			"faces": {
				"north": {"uv": [1, 5, 2, 8], "texture": "#0"},
				"east": {"uv": [0, 5, 1, 8], "texture": "#0"},
				"south": {"uv": [3, 5, 4, 8], "texture": "#0"},
				"west": {"uv": [2, 5, 3, 8], "texture": "#0"},
				"up": {"uv": [2, 5, 1, 4], "texture": "#0"},
				"down": {"uv": [3, 4, 2, 5], "texture": "#0"}
			}
		},
		{
			"from": [8.1, -10, 1],
			"to": [12.1, 2, 5],
			"rotation": {"angle": -22.5, "axis": "x", "origin": [8, 8, 8]},
			"faces": {
				"north": {"uv": [1, 5, 2, 8], "texture": "#0"},
				"east": {"uv": [0, 5, 1, 8], "texture": "#0"},
				"south": {"uv": [3, 5, 4, 8], "texture": "#0"},
				"west": {"uv": [2, 5, 3, 8], "texture": "#0"},
				"up": {"uv": [2, 5, 1, 4], "texture": "#0"},
				"down": {"uv": [3, 4, 2, 5], "texture": "#0"}
			}
		},
		{
			"from": [-0.2, -4, 5.8],
			"to": [4.2, 3.4, 10.2],
			"rotation": {"angle": -45, "axis": "z", "origin": [8, 8, 8]},
			"faces": {
				"north": {"uv": [2, 0, 14, 16], "texture": "#1"},
				"east": {"uv": [2, 0, 14, 16], "texture": "#1"},
				"south": {"uv": [2, 0, 14, 16], "texture": "#1"},
				"west": {"uv": [2, 0, 14, 16], "texture": "#1"}
			}
		},
		{
			"from": [3.7, -2.9, -2.2],
			"to": [8.1, 4.5, 2.2],
			"rotation": {"angle": -45, "axis": "x", "origin": [8, 8, 8]},
			"faces": {
				"north": {"uv": [2, 0, 14, 16], "texture": "#1"},
				"east": {"uv": [2, 0, 14, 16], "texture": "#1"},
				"south": {"uv": [2, 0, 14, 16], "texture": "#1"},
				"west": {"uv": [2, 0, 14, 16], "texture": "#1"}
			}
		},
		{
			"from": [7.8, -9.9, 0.8],
			"to": [12.2, -2.5, 5.2],
			"rotation": {"angle": -22.5, "axis": "x", "origin": [8, 8, 8]},
			"faces": {
				"north": {"uv": [2, 0, 14, 16], "texture": "#1"},
				"east": {"uv": [2, 0, 14, 16], "texture": "#1"},
				"south": {"uv": [2, 0, 14, 16], "texture": "#1"},
				"west": {"uv": [2, 0, 14, 16], "texture": "#1"}
			}
		},
		{
			"from": [11.8, -5, 5.8],
			"to": [16.2, 2.4, 10.2],
			"rotation": {"angle": 45, "axis": "z", "origin": [8, 8, 8]},
			"faces": {
				"north": {"uv": [2, 0, 14, 16], "texture": "#1"},
				"east": {"uv": [2, 0, 14, 16], "texture": "#1"},
				"south": {"uv": [2, 0, 14, 16], "texture": "#1"},
				"west": {"uv": [2, 0, 14, 16], "texture": "#1"}
			}
		},
		{
			"from": [0, -4, 6],
			"to": [4, 8, 10],
			"rotation": {"angle": -45, "axis": "z", "origin": [8, 8, 8]},
			"faces": {
				"north": {"uv": [11, 5, 12, 8], "texture": "#0"},
				"east": {"uv": [10, 5, 11, 8], "texture": "#0"},
				"south": {"uv": [13, 5, 14, 8], "texture": "#0"},
				"west": {"uv": [12, 5, 13, 8], "texture": "#0"},
				"up": {"uv": [12, 5, 11, 4], "texture": "#0"},
				"down": {"uv": [13, 4, 12, 5], "texture": "#0"}
			}
		},
		{
			"from": [-5, 4, 12],
			"to": [-1, 16, 16],
			"rotation": {"angle": -22.5, "axis": "z", "origin": [0, 0, 0]},
			"faces": {
				"north": {"uv": [6, 5, 7, 8], "texture": "#0"},
				"east": {"uv": [5, 5, 6, 8], "texture": "#0"},
				"south": {"uv": [8, 5, 9, 8], "texture": "#0"},
				"west": {"uv": [7, 5, 8, 8], "texture": "#0"},
				"up": {"uv": [7, 5, 6, 4], "texture": "#0"},
				"down": {"uv": [8, 4, 7, 5], "texture": "#0"}
			}
		},
		{
			"from": [16, -2, 12],
			"to": [20, 10, 16],
			"rotation": {"angle": 22.5, "axis": "z", "origin": [0, 0, 0]},
			"faces": {
				"north": {"uv": [6, 5, 7, 8], "texture": "#0"},
				"east": {"uv": [5, 5, 6, 8], "texture": "#0"},
				"south": {"uv": [8, 5, 9, 8], "texture": "#0"},
				"west": {"uv": [7, 5, 8, 8], "texture": "#0"},
				"up": {"uv": [7, 5, 6, 4], "texture": "#0"},
				"down": {"uv": [8, 4, 7, 5], "texture": "#0"}
			}
		},
		{
			"from": [4.1, -1, 8],
			"to": [11.9, 3, 12],
			"rotation": {"angle": -45, "axis": "x", "origin": [0, 0, 0]},
			"faces": {
				"north": {"uv": [5, 6, 6.75, 7], "texture": "#0"},
				"east": {"uv": [4, 6, 5, 7], "texture": "#0"},
				"south": {"uv": [7.75, 6, 9.5, 7], "texture": "#0"},
				"west": {"uv": [6.75, 6, 7.75, 7], "texture": "#0"},
				"up": {"uv": [6.75, 6, 5, 5], "texture": "#0"},
				"down": {"uv": [8.5, 5, 6.75, 6], "texture": "#0"}
			}
		}
	],
	"display": {
		"head": {
			"rotation": [-56, 0, 0],
			"translation": [0, -11, -3.5],
			"scale": [1.61, 1.61, 1.61]
		}
	}
}