{
	"credit": "Made with Blockbench",
	"texture_size": [64, 64],
	"textures": {
		"0": "item/enemy/blazy",
		"particle": "item/enemy/blazy"
	},
	"elements": [
		{
			"from": [4, 12, 1],
			"to": [12, 20, 9],
			"rotation": {"angle": 22.5, "axis": "x", "origin": [8, 8, 8]},
			"faces": {
				"north": {"uv": [2, 10, 4, 12], "texture": "#0"},
				"east": {"uv": [0, 10, 2, 12], "texture": "#0"},
				"south": {"uv": [6, 10, 8, 12], "texture": "#0"},
				"west": {"uv": [4, 10, 6, 12], "texture": "#0"},
				"up": {"uv": [4, 10, 2, 8], "texture": "#0"},
				"down": {"uv": [6, 8, 4, 10], "texture": "#0"}
			}
		},
		{
			"from": [3.8, 11.8, 0.8],
			"to": [12.2, 20.2, 9.2],
			"rotation": {"angle": 22.5, "axis": "x", "origin": [8, 8, 8]},
			"faces": {
				"north": {"uv": [10, 10, 12, 12], "texture": "#0"},
				"east": {"uv": [8, 10, 10, 12], "texture": "#0"},
				"south": {"uv": [14, 10, 16, 12], "texture": "#0"},
				"west": {"uv": [12, 10, 14, 12], "texture": "#0"},
				"up": {"uv": [12, 10, 10, 8], "texture": "#0"},
				"down": {"uv": [14, 8, 12, 10], "texture": "#0"}
			}
		},
		{
			"from": [4, 4, -7],
			"to": [12, 8, 5],
			"rotation": {"angle": -22.5, "axis": "x", "origin": [0, 14, -7]},
			"faces": {
				"north": {"uv": [9, 12, 7, 13], "rotation": 180, "texture": "#0"},
				"east": {"uv": [4, 13, 5, 16], "rotation": 270, "texture": "#0"},
				"south": {"uv": [7, 13, 5, 12], "texture": "#0"},
				"west": {"uv": [7, 13, 8, 16], "rotation": 90, "texture": "#0"},
				"up": {"uv": [5, 13, 7, 16], "rotation": 180, "texture": "#0"},
				"down": {"uv": [8, 13, 10, 16], "texture": "#0"}
			}
		},
		{
			"from": [11, 9, -6],
			"to": [15, 13, 6],
			"rotation": {"angle": -22.5, "axis": "y", "origin": [8, 8, 8]},
			"faces": {
				"north": {"uv": [13, 12, 12, 13], "rotation": 180, "texture": "#0"},
				"east": {"uv": [10, 13, 11, 16], "rotation": 270, "texture": "#0"},
				"south": {"uv": [12, 13, 11, 12], "texture": "#0"},
				"west": {"uv": [12, 13, 13, 16], "rotation": 90, "texture": "#0"},
				"up": {"uv": [11, 13, 12, 16], "rotation": 180, "texture": "#0"},
				"down": {"uv": [13, 13, 14, 16], "texture": "#0"}
			}
		},
		{
			"from": [3.9, 10, -13],
			"to": [7.9, 14, -1],
			"rotation": {"angle": 0, "axis": "x", "origin": [8, 8, 8]},
			"faces": {
				"north": {"uv": [3, 12, 2, 13], "rotation": 180, "texture": "#0"},
				"east": {"uv": [0, 13, 1, 16], "rotation": 270, "texture": "#0"},
				"south": {"uv": [2, 13, 1, 12], "texture": "#0"},
				"west": {"uv": [2, 13, 3, 16], "rotation": 90, "texture": "#0"},
				"up": {"uv": [1, 13, 2, 16], "rotation": 180, "texture": "#0"},
				"down": {"uv": [3, 13, 4, 16], "texture": "#0"}
			}
		},
		{
			"from": [8.1, -4, -7],
			"to": [12.1, 8, -3],
			"rotation": {"angle": 22.5, "axis": "x", "origin": [8, 8, 8]},
			"faces": {
				"north": {"uv": [1, 13, 2, 16], "texture": "#0"},
				"east": {"uv": [0, 13, 1, 16], "texture": "#0"},
				"south": {"uv": [3, 13, 4, 16], "texture": "#0"},
				"west": {"uv": [2, 13, 3, 16], "texture": "#0"},
				"up": {"uv": [2, 13, 1, 12], "texture": "#0"},
				"down": {"uv": [3, 12, 2, 13], "texture": "#0"}
			}
		},
		{
			"from": [-2, 8, 2],
			"to": [2, 20, 6],
			"rotation": {"angle": -22.5, "axis": "z", "origin": [8, 8, 8]},
			"faces": {
				"north": {"uv": [13, 13, 14, 16], "rotation": 180, "texture": "#0"},
				"east": {"uv": [10, 13, 11, 16], "rotation": 180, "texture": "#0"},
				"south": {"uv": [11, 13, 12, 16], "rotation": 180, "texture": "#0"},
				"west": {"uv": [12, 13, 13, 16], "rotation": 180, "texture": "#0"},
				"up": {"uv": [13, 12, 12, 13], "texture": "#0"},
				"down": {"uv": [12, 13, 11, 12], "texture": "#0"}
			}
		},
		{
			"from": [-5, 4, 10],
			"to": [-1, 16, 14],
			"rotation": {"angle": -22.5, "axis": "z", "origin": [0, 0, 0]},
			"faces": {
				"north": {"uv": [6, 13, 7, 16], "texture": "#0"},
				"east": {"uv": [5, 13, 6, 16], "texture": "#0"},
				"south": {"uv": [8, 13, 9, 16], "texture": "#0"},
				"west": {"uv": [7, 13, 8, 16], "texture": "#0"},
				"up": {"uv": [7, 13, 6, 12], "texture": "#0"},
				"down": {"uv": [8, 12, 7, 13], "texture": "#0"}
			}
		},
		{
			"from": [16, -2, 10],
			"to": [20, 10, 14],
			"rotation": {"angle": 22.5, "axis": "z", "origin": [0, 0, 0]},
			"faces": {
				"north": {"uv": [6, 13, 7, 16], "texture": "#0"},
				"east": {"uv": [5, 13, 6, 16], "texture": "#0"},
				"south": {"uv": [8, 13, 9, 16], "texture": "#0"},
				"west": {"uv": [7, 13, 8, 16], "texture": "#0"},
				"up": {"uv": [7, 13, 6, 12], "texture": "#0"},
				"down": {"uv": [8, 12, 7, 13], "texture": "#0"}
			}
		},
		{
			"from": [4.1, 13, 1],
			"to": [11.9, 17, 5],
			"rotation": {"angle": 22.5, "axis": "x", "origin": [0, 14, -7]},
			"faces": {
				"north": {"uv": [5, 14, 6.75, 15], "texture": "#0"},
				"east": {"uv": [4, 14, 5, 15], "texture": "#0"},
				"south": {"uv": [7.75, 14, 9.5, 15], "texture": "#0"},
				"west": {"uv": [6.75, 14, 7.75, 15], "texture": "#0"},
				"up": {"uv": [6.75, 14, 5, 13], "texture": "#0"},
				"down": {"uv": [8.5, 13, 6.75, 14], "texture": "#0"}
			}
		},
		{
			"from": [8.4, 15.5, -2.7],
			"to": [11.4, 18.5, -2.7],
			"rotation": {"angle": 22.5, "axis": "x", "origin": [0, 0, 0]},
			"faces": {
				"north": {"uv": [14, 14, 16, 16], "texture": "#0"}
			}
		},
		{
			"from": [4.4, 15.5, -2.7],
			"to": [7.4, 18.5, -2.7],
			"rotation": {"angle": 22.5, "axis": "x", "origin": [0, 0, 0]},
			"faces": {
				"north": {"uv": [14, 14, 16, 16], "rotation": 180, "texture": "#0"}
			}
		}
	],
	"display": {
		"head": {
			"rotation": [-78, 0, 0],
			"translation": [0, -13.5, 3.75],
			"scale": [1.61, 1.61, 1.61]
		}
	}
}