{
	"credit": "Made with Blockbench",
	"textures": {
		"0": "item/enemy/cannon",
		"particle": "item/enemy/cannon"
	},
	"elements": [
		{
			"from": [4, 0, 8],
			"to": [12, 8, 24],
			"faces": {
				"north": {"uv": [0, 0, 8, 8], "texture": "#0"},
				"east": {"uv": [0, 0, 8, 8], "texture": "#0"},
				"south": {"uv": [0, 0, 8, 8], "texture": "#0"},
				"west": {"uv": [0, 0, 8, 8], "texture": "#0"},
				"up": {"uv": [0, 0, 8, 8], "texture": "#0"},
				"down": {"uv": [0, 0, 8, 8], "texture": "#0"}
			}
		},
		{
			"from": [5, 1, 24],
			"to": [11, 7, 26],
			"faces": {
				"north": {"uv": [0, 0, 8, 8], "texture": "#0"},
				"east": {"uv": [0, 0, 8, 8], "texture": "#0"},
				"south": {"uv": [0, 0, 8, 8], "texture": "#0"},
				"west": {"uv": [0, 0, 8, 8], "texture": "#0"},
				"up": {"uv": [0, 0, 8, 8], "texture": "#0"},
				"down": {"uv": [0, 0, 8, 8], "texture": "#0"}
			}
		},
		{
			"from": [5, 1, -8],
			"to": [11, 7, 8],
			"faces": {
				"north": {"uv": [0, 0, 8, 8], "texture": "#0"},
				"east": {"uv": [0, 0, 8, 8], "texture": "#0"},
				"south": {"uv": [0, 0, 8, 8], "texture": "#0"},
				"west": {"uv": [0, 0, 8, 8], "texture": "#0"},
				"up": {"uv": [0, 0, 8, 8], "texture": "#0"},
				"down": {"uv": [0, 0, 8, 8], "texture": "#0"}
			}
		},
		{
			"from": [4.2, 0.2, -9],
			"to": [11.8, 7.8, -8],
			"faces": {
				"north": {"uv": [8, 0, 16, 8], "texture": "#0"},
				"east": {"uv": [0, 0, 1, 8], "texture": "#0"},
				"south": {"uv": [0, 0, 8, 8], "texture": "#0"},
				"west": {"uv": [7, 0, 8, 8], "texture": "#0"},
				"up": {"uv": [0, 0, 8, 1], "texture": "#0"},
				"down": {"uv": [0, 0, 8, 1], "texture": "#0"}
			}
		},
		{
			"from": [3, -1, 7],
			"to": [13, 0, 25],
			"faces": {
				"north": {"uv": [0, 15, 8, 16], "texture": "#0"},
				"east": {"uv": [0, 15, 8, 16], "texture": "#0"},
				"south": {"uv": [0, 15, 8, 16], "texture": "#0"},
				"west": {"uv": [0, 15, 8, 16], "texture": "#0"},
				"up": {"uv": [0, 8, 8, 16], "texture": "#0"},
				"down": {"uv": [0, 8, 8, 16], "texture": "#0"}
			}
		},
		{
			"from": [2, -4, 18],
			"to": [3, 2, 24],
			"faces": {
				"north": {"uv": [15, 8, 16, 16], "texture": "#0"},
				"east": {"uv": [8, 8, 16, 16], "texture": "#0"},
				"south": {"uv": [15, 8, 16, 16], "texture": "#0"},
				"west": {"uv": [8, 8, 16, 16], "texture": "#0"},
				"up": {"uv": [15, 8, 16, 16], "texture": "#0"},
				"down": {"uv": [15, 8, 16, 16], "texture": "#0"}
			}
		},
		{
			"from": [2, -4, 8],
			"to": [3, 2, 14],
			"faces": {
				"north": {"uv": [15, 8, 16, 16], "texture": "#0"},
				"east": {"uv": [8, 8, 16, 16], "texture": "#0"},
				"south": {"uv": [15, 8, 16, 16], "texture": "#0"},
				"west": {"uv": [8, 8, 16, 16], "texture": "#0"},
				"up": {"uv": [15, 8, 16, 16], "texture": "#0"},
				"down": {"uv": [15, 8, 16, 16], "texture": "#0"}
			}
		},
		{
			"from": [13, -4, 8],
			"to": [14, 2, 14],
			"faces": {
				"north": {"uv": [15, 8, 16, 16], "texture": "#0"},
				"east": {"uv": [8, 8, 16, 16], "texture": "#0"},
				"south": {"uv": [15, 8, 16, 16], "texture": "#0"},
				"west": {"uv": [8, 8, 16, 16], "texture": "#0"},
				"up": {"uv": [15, 8, 16, 16], "texture": "#0"},
				"down": {"uv": [15, 8, 16, 16], "texture": "#0"}
			}
		},
		{
			"from": [13, -4, 17],
			"to": [14, 2, 23],
			"faces": {
				"north": {"uv": [15, 8, 16, 16], "texture": "#0"},
				"east": {"uv": [8, 8, 16, 16], "texture": "#0"},
				"south": {"uv": [15, 8, 16, 16], "texture": "#0"},
				"west": {"uv": [8, 8, 16, 16], "texture": "#0"},
				"up": {"uv": [15, 8, 16, 16], "texture": "#0"},
				"down": {"uv": [15, 8, 16, 16], "texture": "#0"}
			}
		}
	],
	"display": {
		"head": {
			"translation": [0, -14.25, -9.5],
			"scale": [2.5, 2.5, 2.5]
		}
	}
}