{
	"credit": "Made with Blockbench",
	"texture_size": [64, 64],
	"textures": {
		"0": "item/enemy/clown_face",
		"particle": "item/enemy/clown_face"
	},
	"elements": [
		{
			"from": [0, 0, 0],
			"to": [16, 16, 16],
			"faces": {
				"north": {"uv": [4, 4, 8, 8], "texture": "#0"},
				"east": {"uv": [0, 4, 4, 8], "texture": "#0"},
				"south": {"uv": [12, 4, 16, 8], "texture": "#0"},
				"west": {"uv": [8, 4, 12, 8], "texture": "#0"},
				"up": {"uv": [8, 4, 4, 0], "texture": "#0"},
				"down": {"uv": [12, 0, 8, 4], "texture": "#0"}
			}
		},
		{
			"from": [-6, 4, 4],
			"to": [2, 12, 12],
			"faces": {
				"north": {"uv": [2, 14, 4, 16], "texture": "#0"},
				"east": {"uv": [0, 14, 2, 16], "texture": "#0"},
				"south": {"uv": [6, 14, 8, 16], "texture": "#0"},
				"west": {"uv": [4, 14, 6, 16], "texture": "#0"},
				"up": {"uv": [4, 14, 2, 12], "texture": "#0"},
				"down": {"uv": [6, 12, 4, 14], "texture": "#0"}
			}
		},
		{
			"from": [-9, 5, 5],
			"to": [-3, 11, 11],
			"faces": {
				"north": {"uv": [2.5, 14.5, 4, 16], "texture": "#0"},
				"east": {"uv": [1, 14.5, 2.5, 16], "texture": "#0"},
				"south": {"uv": [5.5, 14.5, 7, 16], "texture": "#0"},
				"west": {"uv": [4, 14.5, 5.5, 16], "texture": "#0"},
				"up": {"uv": [4, 14.5, 2.5, 13], "texture": "#0"},
				"down": {"uv": [5.5, 13, 4, 14.5], "texture": "#0"}
			}
		},
		{
			"from": [19, 5, 5],
			"to": [25, 11, 11],
			"faces": {
				"north": {"uv": [2.5, 14.5, 4, 16], "texture": "#0"},
				"east": {"uv": [1, 14.5, 2.5, 16], "texture": "#0"},
				"south": {"uv": [5.5, 14.5, 7, 16], "texture": "#0"},
				"west": {"uv": [4, 14.5, 5.5, 16], "texture": "#0"},
				"up": {"uv": [4, 14.5, 2.5, 13], "texture": "#0"},
				"down": {"uv": [5.5, 13, 4, 14.5], "texture": "#0"}
			}
		},
		{
			"from": [14, 4, 4],
			"to": [22, 12, 12],
			"faces": {
				"north": {"uv": [2, 14, 4, 16], "texture": "#0"},
				"east": {"uv": [0, 14, 2, 16], "texture": "#0"},
				"south": {"uv": [6, 14, 8, 16], "texture": "#0"},
				"west": {"uv": [4, 14, 6, 16], "texture": "#0"},
				"up": {"uv": [4, 14, 2, 12], "texture": "#0"},
				"down": {"uv": [6, 12, 4, 14], "texture": "#0"}
			}
		}
	],
	"display": {
		"head": {
			"scale": [0.81, 0.81, 0.81]
		}
	}
}