{
	"credit": "Made with Blockbench",
	"texture_size": [64, 64],
	"textures": {
		"0": "item/enemy/elite_mage_zombie",
		"1": "item/enemy/chaos_ball",
		"particle": "item/enemy/elite_mage_zombie"
	},
	"elements": [
		{
			"from": [4, 3, 5],
			"to": [12, 11, 13],
			"rotation": {"angle": -22.5, "axis": "x", "origin": [0, 0, 0]},
			"faces": {
				"north": {"uv": [2, 2, 4, 4], "texture": "#0"},
				"east": {"uv": [0, 2, 2, 4], "texture": "#0"},
				"south": {"uv": [6, 2, 8, 4], "texture": "#0"},
				"west": {"uv": [4, 2, 6, 4], "texture": "#0"},
				"up": {"uv": [4, 2, 2, 0], "texture": "#0"},
				"down": {"uv": [6, 0, 4, 2], "texture": "#0"}
			}
		},
		{
			"from": [4, -4, 6],
			"to": [12, 8, 10],
			"faces": {
				"north": {"uv": [5, 5, 7, 8], "texture": "#0"},
				"east": {"uv": [4, 5, 5, 8], "texture": "#0"},
				"south": {"uv": [8, 5, 10, 8], "texture": "#0"},
				"west": {"uv": [7, 5, 8, 8], "texture": "#0"},
				"up": {"uv": [7, 5, 5, 4], "texture": "#0"},
				"down": {"uv": [9, 4, 7, 5], "texture": "#0"}
			}
		},
		{
			"from": [3.6, -16, 6],
			"to": [12.6, -4, 11],
			"faces": {
				"north": {"uv": [5, 5, 7, 8], "texture": "#0"},
				"east": {"uv": [4, 5, 5, 8], "texture": "#0"},
				"south": {"uv": [8, 5, 10, 8], "texture": "#0"},
				"west": {"uv": [7, 5, 8, 8], "texture": "#0"},
				"up": {"uv": [7, 5, 5, 4], "texture": "#0"},
				"down": {"uv": [9, 4, 7, 5], "texture": "#0"}
			}
		},
		{
			"from": [0, -2, 3],
			"to": [4, 10, 7],
			"rotation": {"angle": 22.5, "axis": "x", "origin": [0, 0, 0]},
			"faces": {
				"north": {"uv": [11, 5, 12, 8], "texture": "#0"},
				"east": {"uv": [10, 5, 11, 8], "texture": "#0"},
				"south": {"uv": [13, 5, 14, 8], "texture": "#0"},
				"west": {"uv": [12, 5, 13, 8], "texture": "#0"},
				"up": {"uv": [11, 4, 12, 5], "texture": "#0"},
				"down": {"uv": [12, 4, 13, 5], "texture": "#0"}
			}
		},
		{
			"from": [12, -2, 3],
			"to": [16, 10, 7],
			"rotation": {"angle": 22.5, "axis": "x", "origin": [0, 0, 0]},
			"faces": {
				"north": {"uv": [11, 5, 12, 8], "texture": "#0"},
				"east": {"uv": [10, 5, 11, 8], "texture": "#0"},
				"south": {"uv": [13, 5, 14, 8], "texture": "#0"},
				"west": {"uv": [12, 5, 13, 8], "texture": "#0"},
				"up": {"uv": [11, 4, 12, 5], "texture": "#0"},
				"down": {"uv": [12, 4, 13, 5], "texture": "#0"}
			}
		},
		{
			"from": [6, -2, 0],
			"to": [10, 2, 4],
			"faces": {
				"north": {"uv": [8, 8, 16, 16], "texture": "#1"},
				"east": {"uv": [8, 8, 16, 16], "texture": "#1"},
				"south": {"uv": [8, 8, 16, 16], "texture": "#1"},
				"west": {"uv": [8, 8, 16, 16], "texture": "#1"},
				"up": {"uv": [8, 8, 16, 16], "texture": "#1"},
				"down": {"uv": [8, 8, 16, 16], "texture": "#1"}
			}
		},
		{
			"from": [6, -2, 0],
			"to": [10, 2, 4],
			"rotation": {"angle": 45, "axis": "x", "origin": [8, 0, 2]},
			"faces": {
				"north": {"uv": [0, 8, 8, 16], "texture": "#1"},
				"east": {"uv": [0, 8, 8, 16], "texture": "#1"},
				"south": {"uv": [0, 8, 8, 16], "texture": "#1"},
				"west": {"uv": [0, 8, 8, 16], "texture": "#1"},
				"up": {"uv": [0, 8, 8, 16], "texture": "#1"},
				"down": {"uv": [0, 8, 8, 16], "texture": "#1"}
			}
		},
		{
			"from": [6, -2, 0],
			"to": [10, 2, 4],
			"rotation": {"angle": 45, "axis": "y", "origin": [8, 0, 2]},
			"faces": {
				"north": {"uv": [8, 0, 16, 8], "texture": "#1"},
				"east": {"uv": [8, 0, 16, 8], "texture": "#1"},
				"south": {"uv": [8, 0, 16, 8], "texture": "#1"},
				"west": {"uv": [8, 0, 16, 8], "texture": "#1"},
				"up": {"uv": [8, 0, 16, 8], "texture": "#1"},
				"down": {"uv": [8, 0, 16, 8], "texture": "#1"}
			}
		},
		{
			"from": [6, -2, 0],
			"to": [10, 2, 4],
			"rotation": {"angle": 45, "axis": "z", "origin": [8, 0, 2]},
			"faces": {
				"north": {"uv": [0, 0, 8, 8], "texture": "#1"},
				"east": {"uv": [0, 0, 8, 8], "texture": "#1"},
				"south": {"uv": [0, 0, 8, 8], "texture": "#1"},
				"west": {"uv": [0, 0, 8, 8], "texture": "#1"},
				"up": {"uv": [0, 0, 8, 8], "texture": "#1"},
				"down": {"uv": [0, 0, 8, 8], "texture": "#1"}
			}
		},
		{
			"from": [2, 8, 9],
			"to": [4, 10, 11],
			"rotation": {"angle": -22.5, "axis": "x", "origin": [0, 0, 0]},
			"faces": {
				"north": {"uv": [0, 0, 0.5, 0.5], "texture": "#0"},
				"east": {"uv": [0, 0, 0.5, 0.5], "texture": "#0"},
				"south": {"uv": [0, 0, 0.5, 0.5], "texture": "#0"},
				"west": {"uv": [0, 0, 0.5, 0.5], "texture": "#0"},
				"up": {"uv": [0, 0, 0.5, 0.5], "texture": "#0"},
				"down": {"uv": [0, 0, 0.5, 0.5], "texture": "#0"}
			}
		},
		{
			"from": [12, 8, 9],
			"to": [14, 10, 11],
			"rotation": {"angle": -22.5, "axis": "x", "origin": [0, 0, 0]},
			"faces": {
				"north": {"uv": [0, 0, 0.5, 0.5], "texture": "#0"},
				"east": {"uv": [0, 0, 0.5, 0.5], "texture": "#0"},
				"south": {"uv": [0, 0, 0.5, 0.5], "texture": "#0"},
				"west": {"uv": [0, 0, 0.5, 0.5], "texture": "#0"},
				"up": {"uv": [0, 0, 0.5, 0.5], "texture": "#0"},
				"down": {"uv": [0, 0, 0.5, 0.5], "texture": "#0"}
			}
		},
		{
			"from": [13, 10, 9.5],
			"to": [14, 12, 10.5],
			"rotation": {"angle": -22.5, "axis": "x", "origin": [0, 0, 0]},
			"faces": {
				"north": {"uv": [0, 0, 0.25, 0.5], "texture": "#0"},
				"east": {"uv": [0, 0, 0.25, 0.5], "texture": "#0"},
				"south": {"uv": [0, 0, 0.25, 0.5], "texture": "#0"},
				"west": {"uv": [0, 0, 0.25, 0.5], "texture": "#0"},
				"up": {"uv": [0, 0, 0.25, 0.25], "texture": "#0"},
				"down": {"uv": [0, 0, 0.25, 0.25], "texture": "#0"}
			}
		},
		{
			"from": [2, 10, 9.5],
			"to": [3, 12, 10.5],
			"rotation": {"angle": -22.5, "axis": "x", "origin": [0, 0, 0]},
			"faces": {
				"north": {"uv": [0, 0, 0.25, 0.5], "texture": "#0"},
				"east": {"uv": [0, 0, 0.25, 0.5], "texture": "#0"},
				"south": {"uv": [0, 0, 0.25, 0.5], "texture": "#0"},
				"west": {"uv": [0, 0, 0.25, 0.5], "texture": "#0"},
				"up": {"uv": [0, 0, 0.25, 0.25], "texture": "#0"},
				"down": {"uv": [0, 0, 0.25, 0.25], "texture": "#0"}
			}
		}
	],
	"display": {
		"head": {
			"translation": [0, 3.25, 0],
			"scale": [2, 2, 2]
		}
	}
}