{
	"credit": "Made with Blockbench",
	"textures": {
		"0": "item/enemy/ghost",
		"particle": "item/enemy/ghost"
	},
	"elements": [
		{
			"from": [4, 0, 4],
			"to": [12, 8, 12],
			"faces": {
				"north": {"uv": [0, 8, 8, 16], "texture": "#0"},
				"east": {"uv": [8, 0, 16, 8], "texture": "#0"},
				"south": {"uv": [8, 0, 16, 8], "texture": "#0"},
				"west": {"uv": [8, 0, 16, 8], "texture": "#0"},
				"up": {"uv": [8, 0, 16, 8], "texture": "#0"},
				"down": {"uv": [8, 0, 16, 8], "texture": "#0"}
			}
		},
		{
			"from": [7, 3, 7],
			"to": [9, 7, 9],
			"rotation": {"angle": 45, "axis": "z", "origin": [0, 0, 0]},
			"faces": {
				"north": {"uv": [8, 12, 10, 16], "texture": "#0"},
				"east": {"uv": [8, 12, 10, 16], "texture": "#0"},
				"south": {"uv": [8, 12, 10, 16], "texture": "#0"},
				"west": {"uv": [8, 12, 10, 16], "texture": "#0"},
				"up": {"uv": [8, 8, 10, 10], "texture": "#0"},
				"down": {"uv": [8, 0, 10, 2], "texture": "#0"}
			}
		},
		{
			"from": [0, 10, 7.3],
			"to": [1.4, 13, 8.7],
			"faces": {
				"north": {"uv": [8, 11, 9.4, 14], "texture": "#0"},
				"east": {"uv": [8, 11, 9.4, 14], "texture": "#0"},
				"south": {"uv": [8, 11, 9.4, 14], "texture": "#0"},
				"west": {"uv": [8, 11, 9.4, 14], "texture": "#0"},
				"up": {"uv": [8, 8, 9.4, 9.4], "texture": "#0"},
				"down": {"uv": [8, 0, 9.4, 1.4], "texture": "#0"}
			}
		},
		{
			"from": [-4.8, 12, 7.5],
			"to": [-3.8, 14, 8.5],
			"rotation": {"angle": -22.5, "axis": "z", "origin": [0, 0, 0]},
			"faces": {
				"north": {"uv": [8, 10, 9, 12], "texture": "#0"},
				"east": {"uv": [8, 10, 9, 12], "texture": "#0"},
				"south": {"uv": [8, 10, 9, 12], "texture": "#0"},
				"west": {"uv": [8, 10, 9, 12], "texture": "#0"},
				"up": {"uv": [8, 8, 9, 9], "texture": "#0"},
				"down": {"uv": [8, 7, 9, 8], "texture": "#0"}
			}
		},
		{
			"from": [2, 14, 7],
			"to": [4, 18, 9],
			"rotation": {"angle": -45, "axis": "z", "origin": [0, 0, 0]},
			"faces": {
				"north": {"uv": [8, 12, 10, 16], "texture": "#0"},
				"east": {"uv": [8, 12, 10, 16], "texture": "#0"},
				"south": {"uv": [8, 12, 10, 16], "texture": "#0"},
				"west": {"uv": [8, 12, 10, 16], "texture": "#0"},
				"up": {"uv": [8, 8, 10, 10], "texture": "#0"},
				"down": {"uv": [8, 0, 10, 2], "texture": "#0"}
			}
		},
		{
			"from": [14.1, 10, 7.3],
			"to": [15.5, 13, 8.7],
			"faces": {
				"north": {"uv": [8, 11, 9.4, 14], "texture": "#0"},
				"east": {"uv": [8, 11, 9.4, 14], "texture": "#0"},
				"south": {"uv": [8, 11, 9.4, 14], "texture": "#0"},
				"west": {"uv": [8, 11, 9.4, 14], "texture": "#0"},
				"up": {"uv": [8, 8, 9.4, 9.4], "texture": "#0"},
				"down": {"uv": [8, 0, 9.4, 1.4], "texture": "#0"}
			}
		},
		{
			"from": [18.2, 6, 7.5],
			"to": [19.2, 8, 8.5],
			"rotation": {"angle": 22.5, "axis": "z", "origin": [0, 0, 0]},
			"faces": {
				"north": {"uv": [8, 10, 9, 12], "texture": "#0"},
				"east": {"uv": [8, 10, 9, 12], "texture": "#0"},
				"south": {"uv": [8, 10, 9, 12], "texture": "#0"},
				"west": {"uv": [8, 10, 9, 12], "texture": "#0"},
				"up": {"uv": [8, 8, 9, 9], "texture": "#0"},
				"down": {"uv": [8, 7, 9, 8], "texture": "#0"}
			}
		}
	],
	"groups": [0,
		{
			"name": "group",
			"origin": [0, 0, 0],
			"color": 0,
			"children": [1, 2, 3]
		},
		{
			"name": "group",
			"origin": [0, 0, 0],
			"color": 0,
			"children": [4, 5, 6]
		}
	]
}