{
	"credit": "Made with Blockbench",
	"texture_size": [64, 64],
	"textures": {
		"0": "item/enemy/dark_magician",
		"particle": "item/enemy/dark_magician"
	},
	"elements": [
		{
			"from": [4, 17, 4],
			"to": [12, 25, 12],
			"faces": {
				"north": {"uv": [0, 2, 2, 4.75], "texture": "#0"},
				"east": {"uv": [0, 2, 2, 4.75], "texture": "#0"},
				"south": {"uv": [0, 2, 2, 4.75], "texture": "#0"},
				"west": {"uv": [0, 2, 2, 4.75], "texture": "#0"},
				"up": {"uv": [0, 0, 2, 2], "texture": "#0"},
				"down": {"uv": [0, 0, 2, 2], "texture": "#0"}
			}
		},
		{
			"from": [2, 16, 2],
			"to": [14, 17, 14],
			"faces": {
				"north": {"uv": [2, 0, 4.5, 0.25], "texture": "#0"},
				"east": {"uv": [2, 0, 4.5, 0.25], "texture": "#0"},
				"south": {"uv": [2, 0, 4.5, 0.25], "texture": "#0"},
				"west": {"uv": [2, 0, 4.5, 0.25], "texture": "#0"},
				"up": {"uv": [2, 0, 4.5, 2.5], "texture": "#0"},
				"down": {"uv": [2, 0, 4.5, 2.5], "texture": "#0"}
			}
		},
		{
			"from": [4, 8, 4],
			"to": [12, 16, 12],
			"faces": {
				"north": {"uv": [4.5, 0, 6.5, 2], "texture": "#0"},
				"east": {"uv": [6.5, 0, 8.5, 2], "texture": "#0"},
				"south": {"uv": [6.5, 0, 8.5, 2], "texture": "#0"},
				"west": {"uv": [6.5, 0, 8.5, 2], "texture": "#0"},
				"up": {"uv": [6.5, 0, 8.5, 2], "texture": "#0"},
				"down": {"uv": [6.5, 0, 8.5, 2], "texture": "#0"}
			}
		}
	],
	"display": {
		"head": {
			"translation": [0, -6, 0],
			"scale": [1.6, 1.6, 1.6]
		}
	},
	"groups": [
		{
			"name": "H",
			"origin": [0, 0, 0],
			"color": 0,
			"children": [0, 1, 2]
		}
	]
}