{
	"credit": "Made with Blockbench",
	"texture_size": [64, 64],
	"textures": {
		"0": "item/enemy/giant_zombie",
		"particle": "item/enemy/giant_zombie"
	},
	"elements": [
		{
			"name": "LA",
			"from": [-4, 0, 5],
			"to": [2, 16, 11],
			"rotation": {"angle": 0, "axis": "y", "origin": [2, 6, 8]},
			"faces": {
				"north": {"uv": [11, 5, 12, 8], "texture": "#0"},
				"east": {"uv": [10, 5, 11, 8], "texture": "#0"},
				"south": {"uv": [13, 5, 14, 8], "texture": "#0"},
				"west": {"uv": [12, 5, 13, 8], "texture": "#0"},
				"up": {"uv": [12, 5, 11, 4], "texture": "#0"},
				"down": {"uv": [13, 4, 12, 5], "texture": "#0"}
			}
		}
	],
	"display": {
		"head": {
			"translation": [36, -38.5, 0],
			"scale": [4, 4, 4]
		}
	},
	"groups": [
		{
			"name": "group",
			"origin": [0, 0, 0],
			"color": 0,
			"children": [0]
		}
	]
}