{
	"credit": "Made with Blockbench",
	"texture_size": [64, 64],
	"textures": {
		"0": "item/enemy/giant_zombie",
		"particle": "item/enemy/giant_zombie"
	},
	"elements": [
		{
			"name": "RA",
			"from": [14, 0, 5],
			"to": [20, 16, 11],
			"rotation": {"angle": 0, "axis": "y", "origin": [14, 6, 8]},
			"faces": {
				"north": {"uv": [9, 13, 10, 16], "texture": "#0"},
				"east": {"uv": [8, 13, 9, 16], "texture": "#0"},
				"south": {"uv": [11, 13, 12, 16], "texture": "#0"},
				"west": {"uv": [10, 13, 11, 16], "texture": "#0"},
				"up": {"uv": [10, 13, 9, 12], "texture": "#0"},
				"down": {"uv": [11, 12, 10, 13], "texture": "#0"}
			}
		}
	],
	"display": {
		"head": {
			"translation": [-36, -38.5, 0],
			"scale": [4, 4, 4]
		}
	},
	"groups": [
		{
			"name": "group",
			"origin": [0, 0, 0],
			"color": 0,
			"children": [0]
		}
	]
}