{
	"credit": "Made with Blockbench",
	"texture_size": [64, 64],
	"textures": {
		"0": "item/reaper/reaper_chaos"
	},
	"elements": [
		{
			"from": [7.17525, 7.72833, 9.5],
			"to": [11.17525, 12.72833, 10.5],
			"rotation": {"angle": -22.5, "axis": "z", "origin": [8.17525, 10.22833, 8.5]},
			"faces": {
				"north": {"uv": [0.5, 9.25, 1.5, 10.5], "rotation": 180, "texture": "#0"},
				"east": {"uv": [0.5, 10.25, 1.75, 10.5], "rotation": 270, "texture": "#0"},
				"south": {"uv": [0.5, 9.25, 1.5, 10.5], "texture": "#0"},
				"west": {"uv": [0.5, 10.25, 1.75, 10.5], "rotation": 90, "texture": "#0"},
				"up": {"uv": [0.5, 10.25, 1.5, 10.5], "rotation": 180, "texture": "#0"},
				"down": {"uv": [0.5, 10.25, 1.5, 10.5], "texture": "#0"}
			}
		},
		{
			"from": [7.67525, 8.22833, 10.5],
			"to": [10.67525, 12.22833, 11.5],
			"rotation": {"angle": -22.5, "axis": "z", "origin": [8.17525, 10.22833, 8.5]},
			"faces": {
				"north": {"uv": [1.5, 10.75, 2.25, 11.75], "rotation": 180, "texture": "#0"},
				"east": {"uv": [1, 10.75, 2, 11], "rotation": 270, "texture": "#0"},
				"south": {"uv": [2, 10.5, 2.75, 11.5], "texture": "#0"},
				"west": {"uv": [1.5, 10.75, 2.5, 11], "rotation": 90, "texture": "#0"},
				"up": {"uv": [1.5, 10.5, 2.25, 10.75], "rotation": 180, "texture": "#0"},
				"down": {"uv": [1.75, 10.5, 2.5, 10.75], "texture": "#0"}
			}
		},
		{
			"from": [9, 9, 1],
			"to": [10, 10, 11],
			"rotation": {"angle": 0, "axis": "y", "origin": [9, -1, 0]},
			"faces": {
				"north": {"uv": [15.75, 9.25, 16, 9.5], "texture": "#0"},
				"east": {"uv": [15.75, 7.5, 16, 7.75], "texture": "#0"},
				"south": {"uv": [15.75, 9.5, 16, 9.75], "texture": "#0"},
				"west": {"uv": [15.75, 8, 16, 8.5], "texture": "#0"},
				"up": {"uv": [15.75, 7, 16, 9], "texture": "#0"},
				"down": {"uv": [15.75, 9.75, 16, 11.75], "texture": "#0"}
			}
		},
		{
			"from": [9, 7.5, 0],
			"to": [10, 11.5, 1],
			"rotation": {"angle": 0, "axis": "x", "origin": [9, -1, 0]},
			"faces": {
				"north": {"uv": [15.75, 9.75, 16, 11.75], "rotation": 180, "texture": "#0"},
				"east": {"uv": [15.75, 7.5, 16, 7.75], "rotation": 270, "texture": "#0"},
				"south": {"uv": [15.75, 7, 16, 9], "texture": "#0"},
				"west": {"uv": [15.75, 8, 16, 8.5], "rotation": 90, "texture": "#0"},
				"up": {"uv": [15.75, 9.25, 16, 9.5], "rotation": 180, "texture": "#0"},
				"down": {"uv": [15.75, 9.5, 16, 9.75], "texture": "#0"}
			}
		},
		{
			"from": [8, 9, -3],
			"to": [9, 10, 0],
			"rotation": {"angle": -45, "axis": "y", "origin": [9, -1, 0]},
			"faces": {
				"north": {"uv": [15.75, 9.25, 16, 9.5], "texture": "#0"},
				"east": {"uv": [15.75, 7.5, 16, 7.75], "texture": "#0"},
				"south": {"uv": [15.75, 9.5, 16, 9.75], "texture": "#0"},
				"west": {"uv": [15.75, 8, 16, 8.5], "texture": "#0"},
				"up": {"uv": [15.75, 7, 16, 9], "texture": "#0"},
				"down": {"uv": [15.75, 9.75, 16, 11.75], "texture": "#0"}
			}
		},
		{
			"from": [8, 11, -3],
			"to": [9, 12, 0],
			"rotation": {"angle": -45, "axis": "y", "origin": [9, -1, 0]},
			"faces": {
				"north": {"uv": [15.75, 9.25, 16, 9.5], "texture": "#0"},
				"east": {"uv": [15.75, 7.5, 16, 7.75], "texture": "#0"},
				"south": {"uv": [15.75, 9.5, 16, 9.75], "texture": "#0"},
				"west": {"uv": [15.75, 8, 16, 8.5], "texture": "#0"},
				"up": {"uv": [15.75, 7, 16, 9], "texture": "#0"},
				"down": {"uv": [15.75, 9.75, 16, 11.75], "texture": "#0"}
			}
		},
		{
			"from": [8, 7, -3],
			"to": [9, 8, 0],
			"rotation": {"angle": -45, "axis": "y", "origin": [9, -1, 0]},
			"faces": {
				"north": {"uv": [15.75, 9.25, 16, 9.5], "texture": "#0"},
				"east": {"uv": [15.75, 7.5, 16, 7.75], "texture": "#0"},
				"south": {"uv": [15.75, 9.5, 16, 9.75], "texture": "#0"},
				"west": {"uv": [15.75, 8, 16, 8.5], "texture": "#0"},
				"up": {"uv": [15.75, 7, 16, 9], "texture": "#0"},
				"down": {"uv": [15.75, 9.75, 16, 11.75], "texture": "#0"}
			}
		}
	],
	"display": {
		"head": {
			"translation": [-10.75, -11, 0],
			"scale": [1.5, 1.5, 1.5]
		}
	},
	"groups": [
		{
			"name": "All",
			"origin": [8, 8, 8],
			"color": 0,
			"children": [
				{
					"name": "LA",
					"origin": [0, 0, 0],
					"color": 0,
					"children": [0, 1]
				}
			]
		},
		{
			"name": "group",
			"origin": [8, 8, 8],
			"color": 0,
			"children": [2, 3, 4, 5, 6]
		}
	]
}