{
	"credit": "Made with Blockbench",
	"texture_size": [64, 64],
	"textures": {
		"0": "item/reaper/reaper_chaos"
	},
	"elements": [
		{
			"from": [18.5, 7.5, 9],
			"to": [22.5, 12.5, 10],
			"rotation": {"angle": -22.5, "axis": "z", "origin": [20.5, 10, 8]},
			"faces": {
				"north": {"uv": [0.5, 9.25, 1.5, 10.5], "rotation": 180, "texture": "#0"},
				"east": {"uv": [0.5, 10.25, 1.75, 10.5], "rotation": 270, "texture": "#0"},
				"south": {"uv": [0.5, 9.25, 1.5, 10.5], "texture": "#0"},
				"west": {"uv": [0.5, 10.25, 1.75, 10.5], "rotation": 90, "texture": "#0"},
				"up": {"uv": [0.5, 10.25, 1.5, 10.5], "rotation": 180, "texture": "#0"},
				"down": {"uv": [0.5, 10.25, 1.5, 10.5], "texture": "#0"}
			}
		},
		{
			"from": [19, 8, 10],
			"to": [22, 12, 11],
			"rotation": {"angle": -22.5, "axis": "z", "origin": [20.5, 10, 8]},
			"faces": {
				"north": {"uv": [1.5, 10.75, 2.25, 11.75], "rotation": 180, "texture": "#0"},
				"east": {"uv": [1, 10.75, 2, 11], "rotation": 270, "texture": "#0"},
				"south": {"uv": [2, 10.5, 2.75, 11.5], "texture": "#0"},
				"west": {"uv": [1.5, 10.75, 2.5, 11], "rotation": 90, "texture": "#0"},
				"up": {"uv": [1.5, 10.5, 2.25, 10.75], "rotation": 180, "texture": "#0"},
				"down": {"uv": [1.75, 10.5, 2.5, 10.75], "texture": "#0"}
			}
		},
		{
			"from": [19.24853, 9, 0.5],
			"to": [20.24853, 10, 10.5],
			"rotation": {"angle": 0, "axis": "z", "origin": [19.62426, 9.5, -0.04853]},
			"faces": {
				"north": {"uv": [15.75, 9.25, 16, 9.5], "rotation": 180, "texture": "#0"},
				"east": {"uv": [15.75, 8, 16, 8.5], "rotation": 180, "texture": "#0"},
				"south": {"uv": [15.75, 9.5, 16, 9.75], "rotation": 180, "texture": "#0"},
				"west": {"uv": [15.75, 7.5, 16, 7.75], "rotation": 180, "texture": "#0"},
				"up": {"uv": [15.75, 9.75, 16, 11.75], "rotation": 180, "texture": "#0"},
				"down": {"uv": [15.75, 7, 16, 9], "rotation": 180, "texture": "#0"}
			}
		},
		{
			"from": [19.24853, 7.5, -0.5],
			"to": [20.24853, 11.5, 0.5],
			"rotation": {"angle": 0, "axis": "z", "origin": [19.62426, 9.5, -0.04853]},
			"faces": {
				"north": {"uv": [15.75, 9.75, 16, 11.75], "texture": "#0"},
				"east": {"uv": [15.75, 8, 16, 8.5], "rotation": 270, "texture": "#0"},
				"south": {"uv": [15.75, 7, 16, 9], "rotation": 180, "texture": "#0"},
				"west": {"uv": [15.75, 7.5, 16, 7.75], "rotation": 90, "texture": "#0"},
				"up": {"uv": [15.75, 9.5, 16, 9.75], "rotation": 180, "texture": "#0"},
				"down": {"uv": [15.75, 9.25, 16, 9.5], "texture": "#0"}
			}
		},
		{
			"from": [20.38492, 9, -2.92635],
			"to": [21.38492, 10, 0.07365],
			"rotation": {"angle": 22.5, "axis": "y", "origin": [19.62426, 9.5, -0.04853]},
			"faces": {
				"north": {"uv": [15.75, 9.25, 16, 9.5], "rotation": 180, "texture": "#0"},
				"east": {"uv": [15.75, 8, 16, 8.5], "rotation": 180, "texture": "#0"},
				"south": {"uv": [15.75, 9.5, 16, 9.75], "rotation": 180, "texture": "#0"},
				"west": {"uv": [15.75, 7.5, 16, 7.75], "rotation": 180, "texture": "#0"},
				"up": {"uv": [15.75, 9.75, 16, 11.75], "rotation": 180, "texture": "#0"},
				"down": {"uv": [15.75, 7, 16, 9], "rotation": 180, "texture": "#0"}
			}
		},
		{
			"from": [20.38492, 7, -2.92635],
			"to": [21.38492, 8, 0.07365],
			"rotation": {"angle": 22.5, "axis": "y", "origin": [19.62426, 9.5, -0.04853]},
			"faces": {
				"north": {"uv": [15.75, 9.25, 16, 9.5], "rotation": 180, "texture": "#0"},
				"east": {"uv": [15.75, 8, 16, 8.5], "rotation": 180, "texture": "#0"},
				"south": {"uv": [15.75, 9.5, 16, 9.75], "rotation": 180, "texture": "#0"},
				"west": {"uv": [15.75, 7.5, 16, 7.75], "rotation": 180, "texture": "#0"},
				"up": {"uv": [15.75, 9.75, 16, 11.75], "rotation": 180, "texture": "#0"},
				"down": {"uv": [15.75, 7, 16, 9], "rotation": 180, "texture": "#0"}
			}
		},
		{
			"from": [20.38492, 11, -2.92635],
			"to": [21.38492, 12, 0.07365],
			"rotation": {"angle": 22.5, "axis": "y", "origin": [19.62426, 9.5, -0.04853]},
			"faces": {
				"north": {"uv": [15.75, 9.25, 16, 9.5], "rotation": 180, "texture": "#0"},
				"east": {"uv": [15.75, 8, 16, 8.5], "rotation": 180, "texture": "#0"},
				"south": {"uv": [15.75, 9.5, 16, 9.75], "rotation": 180, "texture": "#0"},
				"west": {"uv": [15.75, 7.5, 16, 7.75], "rotation": 180, "texture": "#0"},
				"up": {"uv": [15.75, 9.75, 16, 11.75], "rotation": 180, "texture": "#0"},
				"down": {"uv": [15.75, 7, 16, 9], "rotation": 180, "texture": "#0"}
			}
		}
	],
	"display": {
		"head": {
			"translation": [-10.75, -11, 0],
			"scale": [1.5, 1.5, 1.5]
		}
	},
	"groups": [
		{
			"name": "All",
			"origin": [8, 8, 8],
			"color": 0,
			"children": [
				{
					"name": "RA",
					"origin": [0, 0, 0],
					"color": 0,
					"children": [0, 1]
				}
			]
		},
		{
			"name": "reaper_chaos_l_arm_2",
			"origin": [8, 8, 8],
			"color": 0,
			"children": [
				{
					"name": "group",
					"origin": [8, 8, 8],
					"color": 0,
					"children": [2, 3, 4, 5, 6]
				}
			]
		}
	]
}