{
	"credit": "Made with Blockbench",
	"texture_size": [64, 64],
	"textures": {
		"0": "item/reaper/reaper_chaos",
		"1": "item/enemy/chaos_cube",
		"particle": "item/enemy/chaos_cube"
	},
	"elements": [
		{
			"from": [20, -8, 6],
			"to": [24, -7, 10],
			"rotation": {"angle": 22.5, "axis": "z", "origin": [22, -4.06509, 8]},
			"faces": {
				"north": {"uv": [4, 9.5, 5, 9.75], "texture": "#0"},
				"east": {"uv": [4, 9.5, 5, 9.75], "texture": "#0"},
				"south": {"uv": [4, 9.5, 5, 9.75], "texture": "#0"},
				"west": {"uv": [4, 9.5, 5, 9.75], "texture": "#0"},
				"up": {"uv": [4, 8.75, 5, 9.75], "texture": "#0"},
				"down": {"uv": [4, 8.75, 5, 9.75], "texture": "#0"}
			}
		},
		{
			"from": [20, -3, 6],
			"to": [24, -2, 10],
			"rotation": {"angle": 22.5, "axis": "z", "origin": [22, -4.06509, 8]},
			"faces": {
				"north": {"uv": [4, 9.5, 5, 9.75], "texture": "#0"},
				"east": {"uv": [4, 9.5, 5, 9.75], "texture": "#0"},
				"south": {"uv": [4, 9.5, 5, 9.75], "texture": "#0"},
				"west": {"uv": [4, 9.5, 5, 9.75], "texture": "#0"},
				"up": {"uv": [4, 8.75, 5, 9.75], "texture": "#0"},
				"down": {"uv": [4, 8.75, 5, 9.75], "texture": "#0"}
			}
		},
		{
			"from": [20.5, -2, 6.5],
			"to": [23.5, -1, 9.5],
			"rotation": {"angle": 22.5, "axis": "z", "origin": [22, -4.06509, 8]},
			"faces": {
				"north": {"uv": [4, 9.5, 5, 9.75], "texture": "#0"},
				"east": {"uv": [4, 9.5, 5, 9.75], "texture": "#0"},
				"south": {"uv": [4, 9.5, 5, 9.75], "texture": "#0"},
				"west": {"uv": [4, 9.5, 5, 9.75], "texture": "#0"},
				"up": {"uv": [4, 8.75, 5, 9.75], "texture": "#0"},
				"down": {"uv": [4, 8.75, 5, 9.75], "texture": "#0"}
			}
		},
		{
			"from": [18.18621, -2.2513, 7.5],
			"to": [20.18621, -0.2513, 8.5],
			"rotation": {"angle": -22.5, "axis": "z", "origin": [22, -4.06509, 8]},
			"faces": {
				"north": {"uv": [4, 8.75, 5, 9.75], "rotation": 270, "texture": "#0"},
				"east": {"uv": [4, 9.5, 5, 9.75], "rotation": 270, "texture": "#0"},
				"south": {"uv": [4, 8.75, 5, 9.75], "rotation": 270, "texture": "#0"},
				"west": {"uv": [4, 9.5, 5, 9.75], "rotation": 90, "texture": "#0"},
				"up": {"uv": [4, 9.5, 5, 9.75], "rotation": 180, "texture": "#0"},
				"down": {"uv": [4, 9.5, 5, 9.75], "texture": "#0"}
			}
		},
		{
			"from": [21, -7, 7],
			"to": [23, -3, 9],
			"rotation": {"angle": 22.5, "axis": "z", "origin": [22, -4.06509, 8]},
			"faces": {
				"north": {"uv": [5, 8.75, 5.5, 9.75], "texture": "#0"},
				"east": {"uv": [5, 8.75, 5.5, 9.75], "texture": "#0"},
				"south": {"uv": [5, 8.75, 5.5, 9.75], "texture": "#0"},
				"west": {"uv": [5, 8.75, 5.5, 9.75], "texture": "#0"},
				"up": {"uv": [5, 8.25, 5.5, 8.75], "texture": "#0"},
				"down": {"uv": [5, 8.25, 5.5, 8.75], "texture": "#0"}
			}
		},
		{
			"from": [20.25, -7, 6.25],
			"to": [21.25, -3, 7.25],
			"rotation": {"angle": 22.5, "axis": "z", "origin": [22, -4.06509, 8]},
			"faces": {
				"north": {"uv": [4, 8.75, 4.25, 9.75], "texture": "#0"},
				"east": {"uv": [4, 8.75, 4.25, 9.75], "texture": "#0"},
				"south": {"uv": [4, 8.75, 4.25, 9.75], "texture": "#0"},
				"west": {"uv": [4, 8.75, 4.25, 9.75], "texture": "#0"},
				"up": {"uv": [4, 8.75, 4.25, 9], "texture": "#0"},
				"down": {"uv": [4, 9.5, 4.25, 9.75], "texture": "#0"}
			}
		},
		{
			"from": [22.75, -7, 6.25],
			"to": [23.75, -3, 7.25],
			"rotation": {"angle": 22.5, "axis": "z", "origin": [22, -4.06509, 8]},
			"faces": {
				"north": {"uv": [4, 8.75, 4.25, 9.75], "texture": "#0"},
				"east": {"uv": [4, 8.75, 4.25, 9.75], "texture": "#0"},
				"south": {"uv": [4, 8.75, 4.25, 9.75], "texture": "#0"},
				"west": {"uv": [4, 8.75, 4.25, 9.75], "texture": "#0"},
				"up": {"uv": [4, 8.75, 4.25, 9], "texture": "#0"},
				"down": {"uv": [4, 9.5, 4.25, 9.75], "texture": "#0"}
			}
		},
		{
			"from": [22.75, -7, 8.75],
			"to": [23.75, -3, 9.75],
			"rotation": {"angle": 22.5, "axis": "z", "origin": [22, -4.06509, 8]},
			"faces": {
				"north": {"uv": [4, 8.75, 4.25, 9.75], "texture": "#0"},
				"east": {"uv": [4, 8.75, 4.25, 9.75], "texture": "#0"},
				"south": {"uv": [4, 8.75, 4.25, 9.75], "texture": "#0"},
				"west": {"uv": [4, 8.75, 4.25, 9.75], "texture": "#0"},
				"up": {"uv": [4, 8.75, 4.25, 9], "texture": "#0"},
				"down": {"uv": [4, 9.5, 4.25, 9.75], "texture": "#0"}
			}
		},
		{
			"from": [20.25, -7, 8.75],
			"to": [21.25, -3, 9.75],
			"rotation": {"angle": 22.5, "axis": "z", "origin": [22, -4.06509, 8]},
			"faces": {
				"north": {"uv": [4, 8.75, 4.25, 9.75], "texture": "#0"},
				"east": {"uv": [4, 8.75, 4.25, 9.75], "texture": "#0"},
				"south": {"uv": [4, 8.75, 4.25, 9.75], "texture": "#0"},
				"west": {"uv": [4, 8.75, 4.25, 9.75], "texture": "#0"},
				"up": {"uv": [4, 8.75, 4.25, 9], "texture": "#0"},
				"down": {"uv": [4, 9.5, 4.25, 9.75], "texture": "#0"}
			}
		},
		{
			"from": [9, -12.5, 14],
			"to": [21, 7.5, 15],
			"rotation": {"angle": -22.5, "axis": "x", "origin": [7, 0, 0]},
			"faces": {
				"north": {"uv": [0.5, 10.5, 3.5, 15.5], "texture": "#0"},
				"east": {"uv": [3.25, 10.5, 3.5, 15.5], "texture": "#0"},
				"south": {"uv": [0.5, 10.5, 3.5, 15.5], "texture": "#0"},
				"west": {"uv": [0.5, 10.5, 0.75, 15.5], "texture": "#0"},
				"up": {"uv": [0.5, 10.5, 3.5, 10.75], "texture": "#0"},
				"down": {"uv": [0.5, 15.25, 3.5, 15.5], "texture": "#0"}
			}
		},
		{
			"from": [8.5, -12.5, 13],
			"to": [9.5, 7.5, 14],
			"rotation": {"angle": -22.5, "axis": "x", "origin": [7, 0, 0]},
			"faces": {
				"north": {"uv": [0.25, 10.5, 0.5, 15.5], "texture": "#0"},
				"east": {"uv": [0.25, 10.5, 0.5, 15.5], "texture": "#0"},
				"south": {"uv": [0.25, 10.5, 0.5, 15.5], "texture": "#0"},
				"west": {"uv": [0.25, 10.5, 0.5, 15.5], "texture": "#0"},
				"up": {"uv": [0.25, 10.5, 0.5, 10.75], "texture": "#0"},
				"down": {"uv": [0.25, 15.25, 0.5, 15.5], "texture": "#0"}
			}
		},
		{
			"from": [20.5, -12.5, 13],
			"to": [21.5, 7.5, 14],
			"rotation": {"angle": -22.5, "axis": "x", "origin": [7, 0, 0]},
			"faces": {
				"north": {"uv": [0.25, 10.5, 0.5, 15.5], "texture": "#0"},
				"east": {"uv": [0.25, 10.5, 0.5, 15.5], "texture": "#0"},
				"south": {"uv": [0.25, 10.5, 0.5, 15.5], "texture": "#0"},
				"west": {"uv": [0.25, 10.5, 0.5, 15.5], "texture": "#0"},
				"up": {"uv": [0.25, 10.5, 0.5, 10.75], "texture": "#0"},
				"down": {"uv": [0.25, 15.25, 0.5, 15.5], "texture": "#0"}
			}
		},
		{
			"from": [9, -13.5, 14],
			"to": [10, -12.5, 15],
			"rotation": {"angle": -22.5, "axis": "x", "origin": [7, 0, 0]},
			"faces": {
				"north": {"uv": [1.25, 15, 1.5, 15.25], "texture": "#0"},
				"east": {"uv": [0.75, 15.25, 1, 15.5], "texture": "#0"},
				"south": {"uv": [1.5, 15, 1.75, 15.25], "texture": "#0"},
				"west": {"uv": [1.5, 15, 1.75, 15.25], "texture": "#0"},
				"up": {"uv": [1, 15.25, 1.25, 15.5], "texture": "#0"},
				"down": {"uv": [1, 15, 1.25, 15.25], "texture": "#0"}
			}
		},
		{
			"from": [12, -13.5, 14],
			"to": [13, -12.5, 15],
			"rotation": {"angle": -22.5, "axis": "x", "origin": [7, 0, 0]},
			"faces": {
				"north": {"uv": [1.25, 15, 1.5, 15.25], "texture": "#0"},
				"east": {"uv": [0.75, 15.25, 1, 15.5], "texture": "#0"},
				"south": {"uv": [1.5, 15, 1.75, 15.25], "texture": "#0"},
				"west": {"uv": [1.5, 15, 1.75, 15.25], "texture": "#0"},
				"up": {"uv": [1, 15.25, 1.25, 15.5], "texture": "#0"},
				"down": {"uv": [1, 15, 1.25, 15.25], "texture": "#0"}
			}
		},
		{
			"from": [14, -13.5, 14],
			"to": [15, -12.5, 15],
			"rotation": {"angle": -22.5, "axis": "x", "origin": [7, 0, 0]},
			"faces": {
				"north": {"uv": [1.25, 15, 1.5, 15.25], "texture": "#0"},
				"east": {"uv": [0.75, 15.25, 1, 15.5], "texture": "#0"},
				"south": {"uv": [1.5, 15, 1.75, 15.25], "texture": "#0"},
				"west": {"uv": [1.5, 15, 1.75, 15.25], "texture": "#0"},
				"up": {"uv": [1, 15.25, 1.25, 15.5], "texture": "#0"},
				"down": {"uv": [1, 15, 1.25, 15.25], "texture": "#0"}
			}
		},
		{
			"from": [17, -13.5, 14],
			"to": [18, -12.5, 15],
			"rotation": {"angle": -22.5, "axis": "x", "origin": [7, 0, 0]},
			"faces": {
				"north": {"uv": [1.25, 15, 1.5, 15.25], "texture": "#0"},
				"east": {"uv": [0.75, 15.25, 1, 15.5], "texture": "#0"},
				"south": {"uv": [1.5, 15, 1.75, 15.25], "texture": "#0"},
				"west": {"uv": [0, 0, 0.25, 0.25], "texture": "#0"},
				"up": {"uv": [1, 15.25, 1.25, 15.5], "texture": "#0"},
				"down": {"uv": [1, 15, 1.25, 15.25], "texture": "#0"}
			}
		},
		{
			"from": [15, -14.5, 14],
			"to": [16, -13.5, 15],
			"rotation": {"angle": -22.5, "axis": "x", "origin": [7, 0, 0]},
			"faces": {
				"north": {"uv": [1.25, 15, 1.5, 15.25], "texture": "#0"},
				"east": {"uv": [0.75, 15.25, 1, 15.5], "texture": "#0"},
				"south": {"uv": [1.5, 15, 1.75, 15.25], "texture": "#0"},
				"west": {"uv": [1.5, 15, 1.75, 15.25], "texture": "#0"},
				"up": {"uv": [1, 15.25, 1.25, 15.5], "texture": "#0"},
				"down": {"uv": [1, 15, 1.25, 15.25], "texture": "#0"}
			}
		},
		{
			"from": [16, -15.5, 14],
			"to": [17, -12.5, 15],
			"rotation": {"angle": -22.5, "axis": "x", "origin": [7, 0, 0]},
			"faces": {
				"north": {"uv": [1.25, 15, 1.5, 15.25], "texture": "#0"},
				"east": {"uv": [0.75, 15.25, 1, 15.5], "texture": "#0"},
				"south": {"uv": [1.5, 15, 1.75, 15.25], "texture": "#0"},
				"west": {"uv": [1.5, 15, 1.75, 15.25], "texture": "#0"},
				"up": {"uv": [1, 15.25, 1.25, 15.5], "texture": "#0"},
				"down": {"uv": [1, 15, 1.25, 15.25], "texture": "#0"}
			}
		},
		{
			"from": [19, -14.5, 14],
			"to": [20, -12.5, 15],
			"rotation": {"angle": -22.5, "axis": "x", "origin": [7, 0, 0]},
			"faces": {
				"north": {"uv": [1.25, 15, 1.5, 15.25], "texture": "#0"},
				"east": {"uv": [0.75, 15.25, 1, 15.5], "texture": "#0"},
				"south": {"uv": [1.5, 15, 1.75, 15.25], "texture": "#0"},
				"west": {"uv": [1.5, 15, 1.75, 15.25], "texture": "#0"},
				"up": {"uv": [1, 15.25, 1.25, 15.5], "texture": "#0"},
				"down": {"uv": [1, 15, 1.25, 15.25], "texture": "#0"}
			}
		},
		{
			"from": [14.5, -4, 9],
			"to": [15.5, 12, 10],
			"rotation": {"angle": 0, "axis": "y", "origin": [14.5, 0, 6]},
			"faces": {
				"north": {"uv": [15.75, 7.75, 16, 11.75], "texture": "#0"},
				"east": {"uv": [15.75, 8.75, 16, 12.75], "texture": "#0"},
				"south": {"uv": [15.75, 8, 16, 12], "texture": "#0"},
				"west": {"uv": [15.75, 8.5, 16, 12.5], "texture": "#0"},
				"up": {"uv": [15.75, 7.25, 16, 7.5], "texture": "#0"},
				"down": {"uv": [15.75, 8.25, 16, 8.5], "texture": "#0"}
			}
		},
		{
			"from": [15.5, 8, 9],
			"to": [19.5, 9, 10],
			"rotation": {"angle": 0, "axis": "y", "origin": [14.5, 0, 6]},
			"faces": {
				"north": {"uv": [0, 0, 1, 0.25], "texture": "#0"},
				"east": {"uv": [0, 0, 0.25, 0.25], "texture": "#0"},
				"south": {"uv": [0, 0, 1, 0.25], "texture": "#0"},
				"west": {"uv": [0, 0, 0.25, 0.25], "texture": "#0"},
				"up": {"uv": [0, 0, 1, 0.25], "texture": "#0"},
				"down": {"uv": [0, 0, 1, 0.25], "texture": "#0"}
			}
		},
		{
			"from": [15.5, 5, 9],
			"to": [19.5, 6, 10],
			"rotation": {"angle": 0, "axis": "y", "origin": [14.5, 0, 6]},
			"faces": {
				"north": {"uv": [0, 0, 1, 0.25], "texture": "#0"},
				"east": {"uv": [0, 0, 0.25, 0.25], "texture": "#0"},
				"south": {"uv": [0, 0, 1, 0.25], "texture": "#0"},
				"west": {"uv": [0, 0, 0.25, 0.25], "texture": "#0"},
				"up": {"uv": [0, 0, 1, 0.25], "texture": "#0"},
				"down": {"uv": [0, 0, 1, 0.25], "texture": "#0"}
			}
		},
		{
			"from": [15.5, 2, 9],
			"to": [19.5, 3, 10],
			"rotation": {"angle": 0, "axis": "y", "origin": [14.5, 0, 6]},
			"faces": {
				"north": {"uv": [0, 0, 1, 0.25], "texture": "#0"},
				"east": {"uv": [0, 0, 0.25, 0.25], "texture": "#0"},
				"south": {"uv": [0, 0, 1, 0.25], "texture": "#0"},
				"west": {"uv": [0, 0, 0.25, 0.25], "texture": "#0"},
				"up": {"uv": [0, 0, 1, 0.25], "texture": "#0"},
				"down": {"uv": [0, 0, 1, 0.25], "texture": "#0"}
			}
		},
		{
			"from": [14.5, 8, 2],
			"to": [18.5, 9, 3],
			"rotation": {"angle": -45, "axis": "y", "origin": [14.5, 0, 6]},
			"faces": {
				"north": {"uv": [0, 0, 1, 0.25], "texture": "#0"},
				"east": {"uv": [0, 0, 0.25, 0.25], "texture": "#0"},
				"south": {"uv": [0, 0, 1, 0.25], "texture": "#0"},
				"west": {"uv": [0, 0, 0.25, 0.25], "texture": "#0"},
				"up": {"uv": [0, 0, 1, 0.25], "texture": "#0"},
				"down": {"uv": [0, 0, 1, 0.25], "texture": "#0"}
			}
		},
		{
			"from": [11.5, 2, 6],
			"to": [12.5, 3, 10],
			"rotation": {"angle": -45, "axis": "y", "origin": [14.5, 0, 6]},
			"faces": {
				"north": {"uv": [0, 0, 0.25, 0.25], "texture": "#0"},
				"east": {"uv": [0, 0, 1, 0.25], "texture": "#0"},
				"south": {"uv": [0, 0, 0.25, 0.25], "texture": "#0"},
				"west": {"uv": [0, 0, 1, 0.25], "texture": "#0"},
				"up": {"uv": [0, 0, 1, 0.25], "rotation": 90, "texture": "#0"},
				"down": {"uv": [0, 0, 1, 0.25], "rotation": 270, "texture": "#0"}
			}
		},
		{
			"from": [11.5, 5, 6],
			"to": [12.5, 6, 10],
			"rotation": {"angle": -45, "axis": "y", "origin": [14.5, 0, 6]},
			"faces": {
				"north": {"uv": [0, 0, 0.25, 0.25], "texture": "#0"},
				"east": {"uv": [0, 0, 1, 0.25], "texture": "#0"},
				"south": {"uv": [0, 0, 0.25, 0.25], "texture": "#0"},
				"west": {"uv": [0, 0, 1, 0.25], "texture": "#0"},
				"up": {"uv": [0, 0, 1, 0.25], "rotation": 90, "texture": "#0"},
				"down": {"uv": [0, 0, 1, 0.25], "rotation": 270, "texture": "#0"}
			}
		},
		{
			"from": [11.5, 8, 6],
			"to": [12.5, 9, 10],
			"rotation": {"angle": -45, "axis": "y", "origin": [14.5, 0, 6]},
			"faces": {
				"north": {"uv": [0, 0, 0.25, 0.25], "texture": "#0"},
				"east": {"uv": [0, 0, 1, 0.25], "texture": "#0"},
				"south": {"uv": [0, 0, 0.25, 0.25], "texture": "#0"},
				"west": {"uv": [0, 0, 1, 0.25], "texture": "#0"},
				"up": {"uv": [0, 0, 1, 0.25], "rotation": 90, "texture": "#0"},
				"down": {"uv": [0, 0, 1, 0.25], "rotation": 270, "texture": "#0"}
			}
		},
		{
			"from": [14.5, 5, 2],
			"to": [18.5, 6, 3],
			"rotation": {"angle": -45, "axis": "y", "origin": [14.5, 0, 6]},
			"faces": {
				"north": {"uv": [0, 0, 1, 0.25], "texture": "#0"},
				"east": {"uv": [0, 0, 0.25, 0.25], "texture": "#0"},
				"south": {"uv": [0, 0, 1, 0.25], "texture": "#0"},
				"west": {"uv": [0, 0, 0.25, 0.25], "texture": "#0"},
				"up": {"uv": [0, 0, 1, 0.25], "texture": "#0"},
				"down": {"uv": [0, 0, 1, 0.25], "texture": "#0"}
			}
		},
		{
			"from": [14.5, 2, 2],
			"to": [18.5, 3, 3],
			"rotation": {"angle": -45, "axis": "y", "origin": [14.5, 0, 6]},
			"faces": {
				"north": {"uv": [0, 0, 1, 0.25], "texture": "#0"},
				"east": {"uv": [0, 0, 0.25, 0.25], "texture": "#0"},
				"south": {"uv": [0, 0, 1, 0.25], "texture": "#0"},
				"west": {"uv": [0, 0, 0.25, 0.25], "texture": "#0"},
				"up": {"uv": [0, 0, 1, 0.25], "texture": "#0"},
				"down": {"uv": [0, 0, 1, 0.25], "texture": "#0"}
			}
		},
		{
			"from": [10.5, 8, 9],
			"to": [14.5, 9, 10],
			"rotation": {"angle": 0, "axis": "y", "origin": [14.5, 0, 6]},
			"faces": {
				"north": {"uv": [0, 0, 1, 0.25], "texture": "#0"},
				"east": {"uv": [0, 0, 0.25, 0.25], "texture": "#0"},
				"south": {"uv": [0, 0, 1, 0.25], "texture": "#0"},
				"west": {"uv": [0, 0, 0.25, 0.25], "texture": "#0"},
				"up": {"uv": [0, 0, 1, 0.25], "texture": "#0"},
				"down": {"uv": [0, 0, 1, 0.25], "texture": "#0"}
			}
		},
		{
			"from": [9.5, 2, 6],
			"to": [10.5, 3, 10],
			"rotation": {"angle": 0, "axis": "y", "origin": [14.5, 0, 6]},
			"faces": {
				"north": {"uv": [0, 0, 0.25, 0.25], "texture": "#0"},
				"east": {"uv": [0, 0, 1, 0.25], "texture": "#0"},
				"south": {"uv": [0, 0, 0.25, 0.25], "texture": "#0"},
				"west": {"uv": [0, 0, 1, 0.25], "texture": "#0"},
				"up": {"uv": [0, 0, 1, 0.25], "rotation": 90, "texture": "#0"},
				"down": {"uv": [0, 0, 1, 0.25], "rotation": 270, "texture": "#0"}
			}
		},
		{
			"from": [19.5, 8, 6],
			"to": [20.5, 9, 10],
			"rotation": {"angle": 0, "axis": "y", "origin": [14.5, 0, 6]},
			"faces": {
				"north": {"uv": [0, 0, 0.25, 0.25], "texture": "#0"},
				"east": {"uv": [0, 0, 1, 0.25], "texture": "#0"},
				"south": {"uv": [0, 0, 0.25, 0.25], "texture": "#0"},
				"west": {"uv": [0, 0, 1, 0.25], "texture": "#0"},
				"up": {"uv": [0, 0, 1, 0.25], "rotation": 90, "texture": "#0"},
				"down": {"uv": [0, 0, 1, 0.25], "rotation": 270, "texture": "#0"}
			}
		},
		{
			"from": [19.5, 5, 6],
			"to": [20.5, 6, 10],
			"rotation": {"angle": 0, "axis": "y", "origin": [14.5, 0, 6]},
			"faces": {
				"north": {"uv": [0, 0, 0.25, 0.25], "texture": "#0"},
				"east": {"uv": [0, 0, 1, 0.25], "texture": "#0"},
				"south": {"uv": [0, 0, 0.25, 0.25], "texture": "#0"},
				"west": {"uv": [0, 0, 1, 0.25], "texture": "#0"},
				"up": {"uv": [0, 0, 1, 0.25], "rotation": 90, "texture": "#0"},
				"down": {"uv": [0, 0, 1, 0.25], "rotation": 270, "texture": "#0"}
			}
		},
		{
			"from": [19.5, 2, 6],
			"to": [20.5, 3, 10],
			"rotation": {"angle": 0, "axis": "y", "origin": [14.5, 0, 6]},
			"faces": {
				"north": {"uv": [0, 0, 0.25, 0.25], "texture": "#0"},
				"east": {"uv": [0, 0, 1, 0.25], "texture": "#0"},
				"south": {"uv": [0, 0, 0.25, 0.25], "texture": "#0"},
				"west": {"uv": [0, 0, 1, 0.25], "texture": "#0"},
				"up": {"uv": [0, 0, 1, 0.25], "rotation": 90, "texture": "#0"},
				"down": {"uv": [0, 0, 1, 0.25], "rotation": 270, "texture": "#0"}
			}
		},
		{
			"from": [9.5, 5, 6],
			"to": [10.5, 6, 10],
			"rotation": {"angle": 0, "axis": "y", "origin": [14.5, 0, 6]},
			"faces": {
				"north": {"uv": [0, 0, 0.25, 0.25], "texture": "#0"},
				"east": {"uv": [0, 0, 1, 0.25], "texture": "#0"},
				"south": {"uv": [0, 0, 0.25, 0.25], "texture": "#0"},
				"west": {"uv": [0, 0, 1, 0.25], "texture": "#0"},
				"up": {"uv": [0, 0, 1, 0.25], "rotation": 90, "texture": "#0"},
				"down": {"uv": [0, 0, 1, 0.25], "rotation": 270, "texture": "#0"}
			}
		},
		{
			"from": [9.5, 8, 6],
			"to": [10.5, 9, 10],
			"rotation": {"angle": 0, "axis": "y", "origin": [14.5, 0, 6]},
			"faces": {
				"north": {"uv": [0, 0, 0.25, 0.25], "texture": "#0"},
				"east": {"uv": [0, 0, 1, 0.25], "texture": "#0"},
				"south": {"uv": [0, 0, 0.25, 0.25], "texture": "#0"},
				"west": {"uv": [0, 0, 1, 0.25], "texture": "#0"},
				"up": {"uv": [0, 0, 1, 0.25], "rotation": 90, "texture": "#0"},
				"down": {"uv": [0, 0, 1, 0.25], "rotation": 270, "texture": "#0"}
			}
		},
		{
			"from": [10.5, 5, 9],
			"to": [14.5, 6, 10],
			"rotation": {"angle": 0, "axis": "y", "origin": [14.5, 0, 6]},
			"faces": {
				"north": {"uv": [0, 0, 1, 0.25], "texture": "#0"},
				"east": {"uv": [0, 0, 0.25, 0.25], "texture": "#0"},
				"south": {"uv": [0, 0, 1, 0.25], "texture": "#0"},
				"west": {"uv": [0, 0, 0.25, 0.25], "texture": "#0"},
				"up": {"uv": [0, 0, 1, 0.25], "texture": "#0"},
				"down": {"uv": [0, 0, 1, 0.25], "texture": "#0"}
			}
		},
		{
			"from": [10.5, 2, 9],
			"to": [14.5, 3, 10],
			"rotation": {"angle": 0, "axis": "y", "origin": [14.5, 0, 6]},
			"faces": {
				"north": {"uv": [0, 0, 1, 0.25], "texture": "#0"},
				"east": {"uv": [0, 0, 0.25, 0.25], "texture": "#0"},
				"south": {"uv": [0, 0, 1, 0.25], "texture": "#0"},
				"west": {"uv": [0, 0, 0.25, 0.25], "texture": "#0"},
				"up": {"uv": [0, 0, 1, 0.25], "texture": "#0"},
				"down": {"uv": [0, 0, 1, 0.25], "texture": "#0"}
			}
		},
		{
			"from": [13, 3.5, 5],
			"to": [17, 7.5, 9],
			"rotation": {"angle": 0, "axis": "y", "origin": [15, 5.5, 7]},
			"faces": {
				"north": {"uv": [0, 0, 8, 8], "texture": "#1"},
				"east": {"uv": [0, 0, 8, 8], "texture": "#1"},
				"south": {"uv": [0, 0, 8, 8], "texture": "#1"},
				"west": {"uv": [0, 0, 8, 8], "texture": "#1"},
				"up": {"uv": [0, 0, 8, 8], "texture": "#1"},
				"down": {"uv": [0, 0, 8, 8], "texture": "#1"}
			}
		},
		{
			"from": [13, 3.5, 5],
			"to": [17, 7.5, 9],
			"rotation": {"angle": 45, "axis": "x", "origin": [15, 5.5, 7]},
			"faces": {
				"north": {"uv": [8, 8, 16, 16], "texture": "#1"},
				"east": {"uv": [8, 8, 16, 16], "texture": "#1"},
				"south": {"uv": [8, 8, 16, 16], "texture": "#1"},
				"west": {"uv": [8, 8, 16, 16], "texture": "#1"},
				"up": {"uv": [8, 8, 16, 16], "texture": "#1"},
				"down": {"uv": [8, 8, 16, 16], "texture": "#1"}
			}
		},
		{
			"from": [13, 3.5, 5],
			"to": [17, 7.5, 9],
			"rotation": {"angle": 45, "axis": "y", "origin": [15, 5.5, 7]},
			"faces": {
				"north": {"uv": [0, 8, 8, 16], "texture": "#1"},
				"east": {"uv": [0, 8, 8, 16], "texture": "#1"},
				"south": {"uv": [0, 8, 8, 16], "texture": "#1"},
				"west": {"uv": [0, 8, 8, 16], "texture": "#1"},
				"up": {"uv": [0, 8, 8, 16], "texture": "#1"},
				"down": {"uv": [0, 8, 8, 16], "texture": "#1"}
			}
		},
		{
			"from": [13, 3.5, 5],
			"to": [17, 7.5, 9],
			"rotation": {"angle": 45, "axis": "z", "origin": [15, 5.5, 7]},
			"faces": {
				"north": {"uv": [8, 0, 16, 8], "texture": "#1"},
				"east": {"uv": [8, 0, 16, 8], "texture": "#1"},
				"south": {"uv": [8, 0, 16, 8], "texture": "#1"},
				"west": {"uv": [8, 0, 16, 8], "texture": "#1"},
				"up": {"uv": [8, 0, 16, 8], "texture": "#1"},
				"down": {"uv": [8, 0, 16, 8], "texture": "#1"}
			}
		}
	],
	"display": {
		"head": {
			"translation": [-10.75, -11, 0],
			"scale": [1.5, 1.5, 1.5]
		}
	},
	"groups": [
		{
			"name": "All",
			"origin": [8, 8, 8],
			"color": 0,
			"children": [
				{
					"name": "L",
					"origin": [8, 8, 8],
					"color": 0,
					"children": [0, 1, 2, 3, 4, 5, 6, 7, 8]
				},
				{
					"name": "B",
					"origin": [0, 0, 0],
					"color": 0,
					"children": [
						{
							"name": "C",
							"origin": [0, 0, 0],
							"color": 0,
							"children": [9, 10, 11, 12, 13, 14, 15, 16, 17, 18]
						}
					]
				}
			]
		},
		{
			"name": "group",
			"origin": [8, 8, 8],
			"color": 0,
			"children": [19, 20, 21, 22, 23, 24, 25, 26, 27, 28, 29, 30, 31, 32, 33, 34, 35, 36, 37, 38, 39, 40, 41]
		}
	]
}