{
	"credit": "Made with Blockbench",
	"texture_size": [64, 64],
	"textures": {
		"0": "item/reaper/reaper_chaos"
	},
	"elements": [
		{
			"from": [3, -11, 8],
			"to": [4, 29, 9],
			"rotation": {"angle": 22.5, "axis": "z", "origin": [7, 0, 0]},
			"faces": {
				"north": {"uv": [15.75, 6, 16, 16], "texture": "#0"},
				"east": {"uv": [15.75, 6, 16, 16], "texture": "#0"},
				"south": {"uv": [15.75, 6, 16, 16], "texture": "#0"},
				"west": {"uv": [15.75, 6, 16, 16], "texture": "#0"},
				"up": {"uv": [15.75, 15.75, 16, 16], "texture": "#0"},
				"down": {"uv": [15.75, 15.75, 16, 16], "texture": "#0"}
			}
		},
		{
			"from": [-2, 28, 8],
			"to": [3, 29, 9],
			"rotation": {"angle": 22.5, "axis": "z", "origin": [7, 0, 0]},
			"faces": {
				"north": {"uv": [15.75, 15.5, 16, 16], "texture": "#0"},
				"east": {"uv": [15.75, 15.75, 16, 16], "texture": "#0"},
				"south": {"uv": [15.75, 15.75, 16, 16], "texture": "#0"},
				"west": {"uv": [15.75, 15.75, 16, 16], "texture": "#0"},
				"up": {"uv": [15.75, 15.75, 16, 16], "texture": "#0"},
				"down": {"uv": [15.75, 15.75, 16, 16], "texture": "#0"}
			}
		},
		{
			"from": [2.5, 29, 7.5],
			"to": [4.5, 30, 9.5],
			"rotation": {"angle": 22.5, "axis": "z", "origin": [7, 0, 0]},
			"faces": {
				"north": {"uv": [15.75, 15.5, 16, 16], "texture": "#0"},
				"east": {"uv": [15.75, 15.75, 16, 16], "texture": "#0"},
				"south": {"uv": [15.75, 15.75, 16, 16], "texture": "#0"},
				"west": {"uv": [15.75, 15.75, 16, 16], "texture": "#0"},
				"up": {"uv": [15.75, 15.75, 16, 16], "texture": "#0"},
				"down": {"uv": [15.75, 15.75, 16, 16], "texture": "#0"}
			}
		},
		{
			"from": [2.5, 24, 7.5],
			"to": [4.5, 25, 9.5],
			"rotation": {"angle": 22.5, "axis": "z", "origin": [7, 0, 0]},
			"faces": {
				"north": {"uv": [15.75, 15.5, 16, 16], "texture": "#0"},
				"east": {"uv": [15.75, 15.75, 16, 16], "texture": "#0"},
				"south": {"uv": [15.75, 15.75, 16, 16], "texture": "#0"},
				"west": {"uv": [15.75, 15.75, 16, 16], "texture": "#0"},
				"up": {"uv": [15.75, 15.75, 16, 16], "texture": "#0"},
				"down": {"uv": [15.75, 15.75, 16, 16], "texture": "#0"}
			}
		},
		{
			"from": [-7, 27, 8],
			"to": [-2, 28, 9],
			"rotation": {"angle": 22.5, "axis": "z", "origin": [7, 0, 0]},
			"faces": {
				"north": {"uv": [15.75, 15.5, 16, 16], "texture": "#0"},
				"east": {"uv": [15.75, 15.75, 16, 16], "texture": "#0"},
				"south": {"uv": [15.75, 15.75, 16, 16], "texture": "#0"},
				"west": {"uv": [15.75, 15.75, 16, 16], "texture": "#0"},
				"up": {"uv": [15.75, 15.75, 16, 16], "texture": "#0"},
				"down": {"uv": [15.75, 15.75, 16, 16], "texture": "#0"}
			}
		},
		{
			"from": [-9, 26, 8],
			"to": [-7, 27, 9],
			"rotation": {"angle": 22.5, "axis": "z", "origin": [7, 0, 0]},
			"faces": {
				"north": {"uv": [15.75, 15.5, 16, 16], "texture": "#0"},
				"east": {"uv": [15.75, 15.75, 16, 16], "texture": "#0"},
				"south": {"uv": [15.75, 15.75, 16, 16], "texture": "#0"},
				"west": {"uv": [15.75, 15.75, 16, 16], "texture": "#0"},
				"up": {"uv": [15.75, 15.75, 16, 16], "texture": "#0"},
				"down": {"uv": [15.75, 15.75, 16, 16], "texture": "#0"}
			}
		},
		{
			"from": [-11, 25, 8],
			"to": [-9, 26, 9],
			"rotation": {"angle": 22.5, "axis": "z", "origin": [7, 0, 0]},
			"faces": {
				"north": {"uv": [15.75, 15.5, 16, 16], "texture": "#0"},
				"east": {"uv": [15.75, 15.75, 16, 16], "texture": "#0"},
				"south": {"uv": [15.75, 15.75, 16, 16], "texture": "#0"},
				"west": {"uv": [15.75, 15.75, 16, 16], "texture": "#0"},
				"up": {"uv": [15.75, 15.75, 16, 16], "texture": "#0"},
				"down": {"uv": [15.75, 15.75, 16, 16], "texture": "#0"}
			}
		},
		{
			"from": [-12, 24, 8],
			"to": [-11, 25, 9],
			"rotation": {"angle": 22.5, "axis": "z", "origin": [7, 0, 0]},
			"faces": {
				"north": {"uv": [15.75, 15.5, 16, 16], "texture": "#0"},
				"east": {"uv": [15.75, 15.75, 16, 16], "texture": "#0"},
				"south": {"uv": [15.75, 15.75, 16, 16], "texture": "#0"},
				"west": {"uv": [15.75, 15.75, 16, 16], "texture": "#0"},
				"up": {"uv": [15.75, 15.75, 16, 16], "texture": "#0"},
				"down": {"uv": [15.75, 15.75, 16, 16], "texture": "#0"}
			}
		},
		{
			"from": [-13, 20, 8.5],
			"to": [3, 28, 8.5],
			"rotation": {"angle": 22.5, "axis": "z", "origin": [7, 0, 0]},
			"faces": {
				"north": {"uv": [4, 10, 8, 12], "texture": "#0"},
				"east": {"uv": [0, 0, 0, 2], "texture": "#0"},
				"south": {"uv": [8, 10, 4, 12], "texture": "#0"},
				"west": {"uv": [0, 0, 0, 2], "texture": "#0"},
				"up": {"uv": [0, 0, 3.75, 0], "texture": "#0"},
				"down": {"uv": [0, 0, 3.75, 0], "texture": "#0"}
			}
		},
		{
			"name": "LL",
			"from": [10.8, -12.1, 5.8],
			"to": [15.2, -4, 10.2],
			"rotation": {"angle": 0, "axis": "y", "origin": [7, 0, 0]},
			"faces": {
				"north": {"uv": [5, 14, 6, 16], "texture": "#0"},
				"east": {"uv": [4, 14, 5, 16], "texture": "#0"},
				"south": {"uv": [7, 14, 8, 16], "texture": "#0"},
				"west": {"uv": [6, 14, 7, 16], "texture": "#0"},
				"up": {"uv": [7, 13, 6, 12], "texture": "#0"},
				"down": {"uv": [7, 12, 6, 13], "texture": "#0"}
			}
		},
		{
			"name": "LL",
			"from": [11, -12, 6],
			"to": [15, 0, 10],
			"rotation": {"angle": 0, "axis": "y", "origin": [7, 0, 0]},
			"faces": {
				"north": {"uv": [5, 13, 6, 16], "texture": "#0"},
				"east": {"uv": [4, 13, 5, 16], "texture": "#0"},
				"south": {"uv": [7, 13, 8, 16], "texture": "#0"},
				"west": {"uv": [6, 13, 7, 16], "texture": "#0"},
				"up": {"uv": [6, 13, 5, 12], "texture": "#0"},
				"down": {"uv": [7, 12, 6, 13], "texture": "#0"}
			}
		},
		{
			"name": "RL",
			"from": [14.8, -12.1, 5.8],
			"to": [19.2, -4, 10.2],
			"rotation": {"angle": 0, "axis": "y", "origin": [7, 0, 0]},
			"faces": {
				"north": {"uv": [1, 6, 2, 8], "texture": "#0"},
				"east": {"uv": [0, 6, 1, 8], "texture": "#0"},
				"south": {"uv": [3, 6, 4, 8], "texture": "#0"},
				"west": {"uv": [2, 6, 3, 8], "texture": "#0"},
				"up": {"uv": [3, 5, 2, 4], "texture": "#0"},
				"down": {"uv": [3, 4, 2, 5], "texture": "#0"}
			}
		},
		{
			"name": "RL",
			"from": [15, -12, 6],
			"to": [19, 0, 10],
			"rotation": {"angle": 0, "axis": "y", "origin": [7, 0, 0]},
			"faces": {
				"north": {"uv": [1, 5, 2, 8], "texture": "#0"},
				"east": {"uv": [0, 5, 1, 8], "texture": "#0"},
				"south": {"uv": [3, 5, 4, 8], "texture": "#0"},
				"west": {"uv": [2, 5, 3, 8], "texture": "#0"},
				"up": {"uv": [2, 5, 1, 4], "texture": "#0"},
				"down": {"uv": [3, 4, 2, 5], "texture": "#0"}
			}
		},
		{
			"name": "LA",
			"from": [2, 7, 7],
			"to": [14, 11, 10],
			"rotation": {"angle": 22.5, "axis": "z", "origin": [7, 0, 0]},
			"faces": {
				"north": {"uv": [8, 13, 9, 16], "rotation": 270, "texture": "#0"},
				"east": {"uv": [9.75, 13, 9, 12], "texture": "#0"},
				"south": {"uv": [9.75, 13, 10.75, 16], "rotation": 90, "texture": "#0"},
				"west": {"uv": [10.5, 12, 9.75, 13], "rotation": 180, "texture": "#0"},
				"up": {"uv": [9, 13, 9.75, 16], "rotation": 90, "texture": "#0"},
				"down": {"uv": [10.75, 13, 11.5, 16], "rotation": 90, "texture": "#0"}
			}
		},
		{
			"from": [13, 6.5, 6.5],
			"to": [14, 11.5, 10.5],
			"rotation": {"angle": 22.5, "axis": "z", "origin": [7, 0, 0]},
			"faces": {
				"north": {"uv": [0.5, 10.25, 1.75, 10.5], "rotation": 270, "texture": "#0"},
				"east": {"uv": [0.5, 9.25, 1.5, 10.5], "texture": "#0"},
				"south": {"uv": [0.5, 10.25, 1.75, 10.5], "rotation": 90, "texture": "#0"},
				"west": {"uv": [0.5, 9.25, 1.5, 10.5], "rotation": 180, "texture": "#0"},
				"up": {"uv": [0.5, 10.25, 1.5, 10.5], "rotation": 90, "texture": "#0"},
				"down": {"uv": [0.5, 10.25, 1.5, 10.5], "rotation": 90, "texture": "#0"}
			}
		},
		{
			"from": [14, 7, 7],
			"to": [15, 11, 10],
			"rotation": {"angle": 22.5, "axis": "z", "origin": [7, 0, 0]},
			"faces": {
				"north": {"uv": [1, 10.75, 2, 11], "rotation": 270, "texture": "#0"},
				"east": {"uv": [2, 10.5, 2.75, 11.5], "texture": "#0"},
				"south": {"uv": [1.5, 10.75, 2.5, 11], "rotation": 90, "texture": "#0"},
				"west": {"uv": [1.5, 10.75, 2.25, 11.75], "rotation": 180, "texture": "#0"},
				"up": {"uv": [1.5, 10.5, 2.25, 10.75], "rotation": 90, "texture": "#0"},
				"down": {"uv": [1.75, 10.5, 2.5, 10.75], "rotation": 90, "texture": "#0"}
			}
		},
		{
			"name": "B",
			"from": [11, 0, 6],
			"to": [19, 12, 10],
			"rotation": {"angle": 0, "axis": "y", "origin": [7, 0, 0]},
			"faces": {
				"north": {"uv": [5, 5, 7, 8], "texture": "#0"},
				"east": {"uv": [4, 5, 5, 8], "texture": "#0"},
				"south": {"uv": [8, 5, 10, 8], "texture": "#0"},
				"west": {"uv": [7, 5, 8, 8], "texture": "#0"},
				"up": {"uv": [7, 5, 5, 4], "texture": "#0"},
				"down": {"uv": [9, 4, 7, 5], "texture": "#0"}
			}
		},
		{
			"from": [11.1, 9.5, 1],
			"to": [18.9, 13.5, 5],
			"rotation": {"angle": 22.5, "axis": "x", "origin": [7, 0, 0]},
			"faces": {
				"north": {"uv": [5, 5, 7, 6], "texture": "#0"},
				"east": {"uv": [4, 5, 5, 6], "texture": "#0"},
				"south": {"uv": [8, 5, 10, 6], "texture": "#0"},
				"west": {"uv": [7, 5, 8, 6], "texture": "#0"},
				"up": {"uv": [7, 5, 5, 4], "texture": "#0"},
				"down": {"uv": [7, 5.75, 5, 6.75], "texture": "#0"}
			}
		},
		{
			"from": [9, -12.5, 14],
			"to": [21, 7.5, 15],
			"rotation": {"angle": -22.5, "axis": "x", "origin": [7, 0, 0]},
			"faces": {
				"north": {"uv": [0.5, 10.5, 3.5, 15.5], "texture": "#0"},
				"east": {"uv": [3.25, 10.5, 3.5, 15.5], "texture": "#0"},
				"south": {"uv": [0.5, 10.5, 3.5, 15.5], "texture": "#0"},
				"west": {"uv": [0.5, 10.5, 0.75, 15.5], "texture": "#0"},
				"up": {"uv": [0.5, 10.5, 3.5, 10.75], "texture": "#0"},
				"down": {"uv": [0.5, 15.25, 3.5, 15.5], "texture": "#0"}
			}
		},
		{
			"from": [8.5, -12.5, 13],
			"to": [9.5, 7.5, 14],
			"rotation": {"angle": -22.5, "axis": "x", "origin": [7, 0, 0]},
			"faces": {
				"north": {"uv": [0.25, 10.5, 0.5, 15.5], "texture": "#0"},
				"east": {"uv": [0.25, 10.5, 0.5, 15.5], "texture": "#0"},
				"south": {"uv": [0.25, 10.5, 0.5, 15.5], "texture": "#0"},
				"west": {"uv": [0.25, 10.5, 0.5, 15.5], "texture": "#0"},
				"up": {"uv": [0.25, 10.5, 0.5, 10.75], "texture": "#0"},
				"down": {"uv": [0.25, 15.25, 0.5, 15.5], "texture": "#0"}
			}
		},
		{
			"from": [20.5, -12.5, 13],
			"to": [21.5, 7.5, 14],
			"rotation": {"angle": -22.5, "axis": "x", "origin": [7, 0, 0]},
			"faces": {
				"north": {"uv": [0.25, 10.5, 0.5, 15.5], "texture": "#0"},
				"east": {"uv": [0.25, 10.5, 0.5, 15.5], "texture": "#0"},
				"south": {"uv": [0.25, 10.5, 0.5, 15.5], "texture": "#0"},
				"west": {"uv": [0.25, 10.5, 0.5, 15.5], "texture": "#0"},
				"up": {"uv": [0.25, 10.5, 0.5, 10.75], "texture": "#0"},
				"down": {"uv": [0.25, 15.25, 0.5, 15.5], "texture": "#0"}
			}
		},
		{
			"from": [9, -13.5, 14],
			"to": [10, -12.5, 15],
			"rotation": {"angle": -22.5, "axis": "x", "origin": [7, 0, 0]},
			"faces": {
				"north": {"uv": [1.25, 15, 1.5, 15.25], "texture": "#0"},
				"east": {"uv": [0.75, 15.25, 1, 15.5], "texture": "#0"},
				"south": {"uv": [1.5, 15, 1.75, 15.25], "texture": "#0"},
				"west": {"uv": [1.5, 15, 1.75, 15.25], "texture": "#0"},
				"up": {"uv": [1, 15.25, 1.25, 15.5], "texture": "#0"},
				"down": {"uv": [1, 15, 1.25, 15.25], "texture": "#0"}
			}
		},
		{
			"from": [12, -13.5, 14],
			"to": [13, -12.5, 15],
			"rotation": {"angle": -22.5, "axis": "x", "origin": [7, 0, 0]},
			"faces": {
				"north": {"uv": [1.25, 15, 1.5, 15.25], "texture": "#0"},
				"east": {"uv": [0.75, 15.25, 1, 15.5], "texture": "#0"},
				"south": {"uv": [1.5, 15, 1.75, 15.25], "texture": "#0"},
				"west": {"uv": [1.5, 15, 1.75, 15.25], "texture": "#0"},
				"up": {"uv": [1, 15.25, 1.25, 15.5], "texture": "#0"},
				"down": {"uv": [1, 15, 1.25, 15.25], "texture": "#0"}
			}
		},
		{
			"from": [14, -13.5, 14],
			"to": [15, -12.5, 15],
			"rotation": {"angle": -22.5, "axis": "x", "origin": [7, 0, 0]},
			"faces": {
				"north": {"uv": [1.25, 15, 1.5, 15.25], "texture": "#0"},
				"east": {"uv": [0.75, 15.25, 1, 15.5], "texture": "#0"},
				"south": {"uv": [1.5, 15, 1.75, 15.25], "texture": "#0"},
				"west": {"uv": [1.5, 15, 1.75, 15.25], "texture": "#0"},
				"up": {"uv": [1, 15.25, 1.25, 15.5], "texture": "#0"},
				"down": {"uv": [1, 15, 1.25, 15.25], "texture": "#0"}
			}
		},
		{
			"from": [17, -13.5, 14],
			"to": [18, -12.5, 15],
			"rotation": {"angle": -22.5, "axis": "x", "origin": [7, 0, 0]},
			"faces": {
				"north": {"uv": [1.25, 15, 1.5, 15.25], "texture": "#0"},
				"east": {"uv": [0.75, 15.25, 1, 15.5], "texture": "#0"},
				"south": {"uv": [1.5, 15, 1.75, 15.25], "texture": "#0"},
				"west": {"uv": [0, 0, 0.25, 0.25], "texture": "#0"},
				"up": {"uv": [1, 15.25, 1.25, 15.5], "texture": "#0"},
				"down": {"uv": [1, 15, 1.25, 15.25], "texture": "#0"}
			}
		},
		{
			"from": [15, -14.5, 14],
			"to": [16, -13.5, 15],
			"rotation": {"angle": -22.5, "axis": "x", "origin": [7, 0, 0]},
			"faces": {
				"north": {"uv": [1.25, 15, 1.5, 15.25], "texture": "#0"},
				"east": {"uv": [0.75, 15.25, 1, 15.5], "texture": "#0"},
				"south": {"uv": [1.5, 15, 1.75, 15.25], "texture": "#0"},
				"west": {"uv": [1.5, 15, 1.75, 15.25], "texture": "#0"},
				"up": {"uv": [1, 15.25, 1.25, 15.5], "texture": "#0"},
				"down": {"uv": [1, 15, 1.25, 15.25], "texture": "#0"}
			}
		},
		{
			"from": [16, -15.5, 14],
			"to": [17, -12.5, 15],
			"rotation": {"angle": -22.5, "axis": "x", "origin": [7, 0, 0]},
			"faces": {
				"north": {"uv": [1.25, 15, 1.5, 15.25], "texture": "#0"},
				"east": {"uv": [0.75, 15.25, 1, 15.5], "texture": "#0"},
				"south": {"uv": [1.5, 15, 1.75, 15.25], "texture": "#0"},
				"west": {"uv": [1.5, 15, 1.75, 15.25], "texture": "#0"},
				"up": {"uv": [1, 15.25, 1.25, 15.5], "texture": "#0"},
				"down": {"uv": [1, 15, 1.25, 15.25], "texture": "#0"}
			}
		},
		{
			"from": [19, -14.5, 14],
			"to": [20, -12.5, 15],
			"rotation": {"angle": -22.5, "axis": "x", "origin": [7, 0, 0]},
			"faces": {
				"north": {"uv": [1.25, 15, 1.5, 15.25], "texture": "#0"},
				"east": {"uv": [0.75, 15.25, 1, 15.5], "texture": "#0"},
				"south": {"uv": [1.5, 15, 1.75, 15.25], "texture": "#0"},
				"west": {"uv": [1.5, 15, 1.75, 15.25], "texture": "#0"},
				"up": {"uv": [1, 15.25, 1.25, 15.5], "texture": "#0"},
				"down": {"uv": [1, 15, 1.25, 15.25], "texture": "#0"}
			}
		},
		{
			"from": [11, -2, 5],
			"to": [19, 1, 6],
			"rotation": {"angle": 22.5, "axis": "x", "origin": [15, -0.5, 8]},
			"faces": {
				"north": {"uv": [5, 7.5, 7, 8], "texture": "#0"},
				"east": {"uv": [7, 7.5, 7.25, 8], "texture": "#0"},
				"south": {"uv": [8, 7.5, 10, 8], "texture": "#0"},
				"west": {"uv": [4.75, 7.5, 5, 8], "texture": "#0"},
				"up": {"uv": [5, 7.5, 7, 7.75], "texture": "#0"},
				"down": {"uv": [5, 7.75, 7, 8], "texture": "#0"}
			}
		},
		{
			"from": [11, -2, 10],
			"to": [19, 1, 11],
			"rotation": {"angle": -22.5, "axis": "x", "origin": [15, -0.5, 8]},
			"faces": {
				"north": {"uv": [5, 7.5, 7, 8], "texture": "#0"},
				"east": {"uv": [7, 7.5, 7.25, 8], "texture": "#0"},
				"south": {"uv": [8, 7.5, 10, 8], "texture": "#0"},
				"west": {"uv": [4.75, 7.5, 5, 8], "texture": "#0"},
				"up": {"uv": [5, 7.5, 7, 7.75], "texture": "#0"},
				"down": {"uv": [5, 7.75, 7, 8], "texture": "#0"}
			}
		},
		{
			"from": [10, -2.8, 5.9],
			"to": [11, 0.2, 10.1],
			"rotation": {"angle": -22.5, "axis": "z", "origin": [15, -1.3, 8]},
			"faces": {
				"north": {"uv": [5, 7.5, 5.25, 8], "texture": "#0"},
				"east": {"uv": [4, 7.5, 5, 8], "texture": "#0"},
				"south": {"uv": [4.5, 7.5, 4.75, 8], "texture": "#0"},
				"west": {"uv": [7, 7.5, 8, 8], "texture": "#0"},
				"up": {"uv": [4.75, 7.5, 5, 8], "texture": "#0"},
				"down": {"uv": [5.25, 7.5, 5.5, 8], "texture": "#0"}
			}
		},
		{
			"from": [19, -2.8, 5.9],
			"to": [20, 0.2, 10.1],
			"rotation": {"angle": 22.5, "axis": "z", "origin": [15, -1.3, 8]},
			"faces": {
				"north": {"uv": [5, 7.5, 5.25, 8], "texture": "#0"},
				"east": {"uv": [4, 7.5, 5, 8], "texture": "#0"},
				"south": {"uv": [4.5, 7.5, 4.75, 8], "texture": "#0"},
				"west": {"uv": [7, 7.5, 8, 8], "texture": "#0"},
				"up": {"uv": [4.75, 7.5, 5, 8], "texture": "#0"},
				"down": {"uv": [5.25, 7.5, 5.5, 8], "texture": "#0"}
			}
		},
		{
			"from": [14, 10, 0],
			"to": [16, 12, 1],
			"rotation": {"angle": 22.5, "axis": "x", "origin": [7, 0, 0]},
			"faces": {
				"north": {"uv": [13.5, 4, 14, 4.5], "texture": "#0"},
				"east": {"uv": [13.5, 4, 13.75, 4.5], "texture": "#0"},
				"south": {"uv": [13.5, 4, 14, 4.5], "texture": "#0"},
				"west": {"uv": [13.5, 4, 13.75, 4.5], "texture": "#0"},
				"up": {"uv": [13.5, 4, 14, 4.25], "texture": "#0"},
				"down": {"uv": [13.5, 4, 14, 4.25], "texture": "#0"}
			}
		},
		{
			"from": [10.8, 11.8, 3.8],
			"to": [19.2, 20.2, 12.2],
			"rotation": {"angle": 0, "axis": "y", "origin": [7, 0, 0]},
			"faces": {
				"north": {"uv": [10, 2, 12, 4], "texture": "#0"},
				"east": {"uv": [8, 2, 10, 4], "texture": "#0"},
				"south": {"uv": [14, 2, 16, 4], "texture": "#0"},
				"west": {"uv": [12, 2, 14, 4], "texture": "#0"},
				"up": {"uv": [12, 2, 10, 0], "texture": "#0"},
				"down": {"uv": [14, 0, 12, 2], "texture": "#0"}
			}
		},
		{
			"name": "H",
			"from": [11, 12, 4],
			"to": [19, 20, 12],
			"rotation": {"angle": 0, "axis": "y", "origin": [7, 0, 0]},
			"faces": {
				"north": {"uv": [2, 2, 4, 4], "texture": "#0"},
				"east": {"uv": [0, 2, 2, 4], "texture": "#0"},
				"south": {"uv": [6, 2, 8, 4], "texture": "#0"},
				"west": {"uv": [4, 2, 6, 4], "texture": "#0"},
				"up": {"uv": [4, 2, 2, 0], "texture": "#0"},
				"down": {"uv": [6, 0, 4, 2], "texture": "#0"}
			}
		},
		{
			"from": [11, 11, 3],
			"to": [12, 18, 4],
			"rotation": {"angle": 0, "axis": "y", "origin": [7, 0, 0]},
			"faces": {
				"north": {"uv": [11.75, 2.5, 12, 4], "texture": "#0"},
				"east": {"uv": [11.75, 2.5, 12, 4], "texture": "#0"},
				"south": {"uv": [11.75, 2.5, 12, 4], "texture": "#0"},
				"west": {"uv": [11.75, 2.5, 12, 4], "texture": "#0"},
				"up": {"uv": [11.75, 2.5, 12, 2.75], "texture": "#0"},
				"down": {"uv": [11.75, 3.75, 12, 4], "texture": "#0"}
			}
		},
		{
			"from": [18, 5, 4],
			"to": [19, 12, 5],
			"rotation": {"angle": 0, "axis": "y", "origin": [7, 0, 0]},
			"faces": {
				"north": {"uv": [11.75, 2.5, 12, 4], "texture": "#0"},
				"east": {"uv": [11.75, 2.5, 12, 4], "texture": "#0"},
				"south": {"uv": [11.75, 2.5, 12, 4], "texture": "#0"},
				"west": {"uv": [11.75, 2.5, 12, 4], "texture": "#0"},
				"up": {"uv": [11.75, 2.5, 12, 2.75], "texture": "#0"},
				"down": {"uv": [11.75, 3.75, 12, 4], "texture": "#0"}
			}
		},
		{
			"from": [11, 5, 4],
			"to": [12, 12, 5],
			"rotation": {"angle": 0, "axis": "y", "origin": [7, 0, 0]},
			"faces": {
				"north": {"uv": [11.75, 2.5, 12, 4], "texture": "#0"},
				"east": {"uv": [11.75, 2.5, 12, 4], "texture": "#0"},
				"south": {"uv": [11.75, 2.5, 12, 4], "texture": "#0"},
				"west": {"uv": [11.75, 2.5, 12, 4], "texture": "#0"},
				"up": {"uv": [11.75, 2.5, 12, 2.75], "texture": "#0"},
				"down": {"uv": [11.75, 3.75, 12, 4], "texture": "#0"}
			}
		},
		{
			"from": [18, 11, 3],
			"to": [19, 18, 4],
			"rotation": {"angle": 0, "axis": "y", "origin": [7, 0, 0]},
			"faces": {
				"north": {"uv": [11.75, 2.5, 12, 4], "texture": "#0"},
				"east": {"uv": [11.75, 2.5, 12, 4], "texture": "#0"},
				"south": {"uv": [11.75, 2.5, 12, 4], "texture": "#0"},
				"west": {"uv": [11.75, 2.5, 12, 4], "texture": "#0"},
				"up": {"uv": [11.75, 2.5, 12, 2.75], "texture": "#0"},
				"down": {"uv": [11.75, 3.75, 12, 4], "texture": "#0"}
			}
		},
		{
			"from": [12, 18, 3],
			"to": [13, 19, 4],
			"rotation": {"angle": 0, "axis": "y", "origin": [7, 0, 0]},
			"faces": {
				"north": {"uv": [11.5, 2.25, 11.75, 2.5], "texture": "#0"},
				"east": {"uv": [11.5, 2.25, 11.75, 2.5], "texture": "#0"},
				"south": {"uv": [11.5, 2.25, 11.75, 2.5], "texture": "#0"},
				"west": {"uv": [11.5, 2.25, 11.75, 2.5], "texture": "#0"},
				"up": {"uv": [11.5, 2.25, 11.75, 2.5], "texture": "#0"},
				"down": {"uv": [11.5, 2.25, 11.75, 2.5], "texture": "#0"}
			}
		},
		{
			"from": [17, 18, 3],
			"to": [18, 19, 4],
			"rotation": {"angle": 0, "axis": "y", "origin": [7, 0, 0]},
			"faces": {
				"north": {"uv": [11.5, 2.25, 11.75, 2.5], "texture": "#0"},
				"east": {"uv": [11.5, 2.25, 11.75, 2.5], "texture": "#0"},
				"south": {"uv": [11.5, 2.25, 11.75, 2.5], "texture": "#0"},
				"west": {"uv": [11.5, 2.25, 11.75, 2.5], "texture": "#0"},
				"up": {"uv": [11.5, 2.25, 11.75, 2.5], "texture": "#0"},
				"down": {"uv": [11.5, 2.25, 11.75, 2.5], "texture": "#0"}
			}
		},
		{
			"from": [13, 19, 3],
			"to": [17, 20, 4],
			"rotation": {"angle": 0, "axis": "y", "origin": [7, 0, 0]},
			"faces": {
				"north": {"uv": [10.5, 2, 11.5, 2.25], "texture": "#0"},
				"east": {"uv": [11.5, 2.25, 11.75, 2.5], "texture": "#0"},
				"south": {"uv": [10.5, 2, 11.5, 2.25], "texture": "#0"},
				"west": {"uv": [10.25, 2.25, 10.5, 2.5], "texture": "#0"},
				"up": {"uv": [10.5, 2, 11.5, 2.25], "texture": "#0"},
				"down": {"uv": [10.5, 2, 11.5, 2.25], "texture": "#0"}
			}
		}
	],
	"display": {
		"head": {
			"translation": [-10.75, -11, 0],
			"scale": [1.5, 1.5, 1.5]
		}
	},
	"groups": [
		{
			"name": "All",
			"origin": [8, 8, 8],
			"color": 0,
			"children": [
				{
					"name": "C",
					"origin": [8, 8, 8],
					"color": 0,
					"children": [0, 1, 2, 3, 4, 5, 6, 7, 8]
				},
				{
					"name": "LL",
					"origin": [0, 0, 0],
					"color": 0,
					"children": [9, 10]
				},
				{
					"name": "RL",
					"origin": [0, 0, 0],
					"color": 0,
					"children": [11, 12]
				},
				{
					"name": "LA",
					"origin": [0, 0, 0],
					"color": 0,
					"children": [13, 14, 15]
				},
				{
					"name": "B",
					"origin": [0, 0, 0],
					"color": 0,
					"children": [16, 17,
						{
							"name": "C",
							"origin": [0, 0, 0],
							"color": 0,
							"children": [18, 19, 20, 21, 22, 23, 24, 25, 26, 27]
						},
						{
							"name": "S",
							"origin": [0, 0, 0],
							"color": 0,
							"children": [28, 29, 30, 31]
						}, 32]
				},
				{
					"name": "H",
					"origin": [0, 0, 0],
					"color": 0,
					"children": [33, 34, 35, 36, 37, 38, 39, 40, 41]
				}
			]
		}
	]
}