{
	"credit": "Made with Blockbench",
	"texture_size": [64, 64],
	"textures": {
		"0": "item/reaper/reaper_peace"
	},
	"elements": [
		{
			"from": [22, -3, -5],
			"to": [26, -2, -1],
			"rotation": {"angle": 0, "axis": "y", "origin": [-1, -3, -5]},
			"faces": {
				"north": {"uv": [4, 9.5, 5, 9.75], "texture": "#0"},
				"east": {"uv": [4, 9.5, 5, 9.75], "texture": "#0"},
				"south": {"uv": [4, 9.5, 5, 9.75], "texture": "#0"},
				"west": {"uv": [4, 9.5, 5, 9.75], "texture": "#0"},
				"up": {"uv": [4, 8.75, 5, 9.75], "texture": "#0"},
				"down": {"uv": [4, 8.75, 5, 9.75], "texture": "#0"}
			}
		},
		{
			"from": [22, 2, -5],
			"to": [26, 3, -1],
			"rotation": {"angle": 0, "axis": "y", "origin": [-1, -3, -5]},
			"faces": {
				"north": {"uv": [4, 9.5, 5, 9.75], "texture": "#0"},
				"east": {"uv": [4, 9.5, 5, 9.75], "texture": "#0"},
				"south": {"uv": [4, 9.5, 5, 9.75], "texture": "#0"},
				"west": {"uv": [4, 9.5, 5, 9.75], "texture": "#0"},
				"up": {"uv": [4, 8.75, 5, 9.75], "texture": "#0"},
				"down": {"uv": [4, 8.75, 5, 9.75], "texture": "#0"}
			}
		},
		{
			"from": [22.5, 3, -4.5],
			"to": [25.5, 4, -1.5],
			"rotation": {"angle": 0, "axis": "y", "origin": [-1, -3, -5]},
			"faces": {
				"north": {"uv": [4, 9.5, 5, 9.75], "texture": "#0"},
				"east": {"uv": [4, 9.5, 5, 9.75], "texture": "#0"},
				"south": {"uv": [4, 9.5, 5, 9.75], "texture": "#0"},
				"west": {"uv": [4, 9.5, 5, 9.75], "texture": "#0"},
				"up": {"uv": [4, 8.75, 5, 9.75], "texture": "#0"},
				"down": {"uv": [4, 8.75, 5, 9.75], "texture": "#0"}
			}
		},
		{
			"from": [24, 3.5, -3.5],
			"to": [26, 5.5, -2.5],
			"rotation": {"angle": 45, "axis": "z", "origin": [24, 3.5, -3]},
			"faces": {
				"north": {"uv": [4, 8.75, 5, 9.75], "rotation": 180, "texture": "#0"},
				"east": {"uv": [4, 9.5, 5, 9.75], "rotation": 270, "texture": "#0"},
				"south": {"uv": [4, 8.75, 5, 9.75], "texture": "#0"},
				"west": {"uv": [4, 9.5, 5, 9.75], "rotation": 90, "texture": "#0"},
				"up": {"uv": [4, 9.5, 5, 9.75], "rotation": 180, "texture": "#0"},
				"down": {"uv": [4, 9.5, 5, 9.75], "texture": "#0"}
			}
		},
		{
			"from": [23, -2, -4],
			"to": [25, 2, -2],
			"rotation": {"angle": 0, "axis": "y", "origin": [-1, -3, -5]},
			"faces": {
				"north": {"uv": [5, 8.75, 5.5, 9.75], "texture": "#0"},
				"east": {"uv": [5, 8.75, 5.5, 9.75], "texture": "#0"},
				"south": {"uv": [5, 8.75, 5.5, 9.75], "texture": "#0"},
				"west": {"uv": [5, 8.75, 5.5, 9.75], "texture": "#0"},
				"up": {"uv": [5, 8.25, 5.5, 8.75], "texture": "#0"},
				"down": {"uv": [5, 8.25, 5.5, 8.75], "texture": "#0"}
			}
		},
		{
			"from": [22.25, -2, -4.75],
			"to": [23.25, 2, -3.75],
			"rotation": {"angle": 0, "axis": "y", "origin": [-1, -3, -5]},
			"faces": {
				"north": {"uv": [4, 8.75, 4.25, 9.75], "texture": "#0"},
				"east": {"uv": [4, 8.75, 4.25, 9.75], "texture": "#0"},
				"south": {"uv": [4, 8.75, 4.25, 9.75], "texture": "#0"},
				"west": {"uv": [4, 8.75, 4.25, 9.75], "texture": "#0"},
				"up": {"uv": [4, 8.75, 4.25, 9], "texture": "#0"},
				"down": {"uv": [4, 9.5, 4.25, 9.75], "texture": "#0"}
			}
		},
		{
			"from": [24.75, -2, -4.75],
			"to": [25.75, 2, -3.75],
			"rotation": {"angle": 0, "axis": "y", "origin": [-1, -3, -5]},
			"faces": {
				"north": {"uv": [4, 8.75, 4.25, 9.75], "texture": "#0"},
				"east": {"uv": [4, 8.75, 4.25, 9.75], "texture": "#0"},
				"south": {"uv": [4, 8.75, 4.25, 9.75], "texture": "#0"},
				"west": {"uv": [4, 8.75, 4.25, 9.75], "texture": "#0"},
				"up": {"uv": [4, 8.75, 4.25, 9], "texture": "#0"},
				"down": {"uv": [4, 9.5, 4.25, 9.75], "texture": "#0"}
			}
		},
		{
			"from": [24.75, -2, -2.25],
			"to": [25.75, 2, -1.25],
			"rotation": {"angle": 0, "axis": "y", "origin": [-1, -3, -5]},
			"faces": {
				"north": {"uv": [4, 8.75, 4.25, 9.75], "texture": "#0"},
				"east": {"uv": [4, 8.75, 4.25, 9.75], "texture": "#0"},
				"south": {"uv": [4, 8.75, 4.25, 9.75], "texture": "#0"},
				"west": {"uv": [4, 8.75, 4.25, 9.75], "texture": "#0"},
				"up": {"uv": [4, 8.75, 4.25, 9], "texture": "#0"},
				"down": {"uv": [4, 9.5, 4.25, 9.75], "texture": "#0"}
			}
		},
		{
			"from": [22.25, -2, -2.25],
			"to": [23.25, 2, -1.25],
			"rotation": {"angle": 0, "axis": "y", "origin": [-1, -3, -5]},
			"faces": {
				"north": {"uv": [4, 8.75, 4.25, 9.75], "texture": "#0"},
				"east": {"uv": [4, 8.75, 4.25, 9.75], "texture": "#0"},
				"south": {"uv": [4, 8.75, 4.25, 9.75], "texture": "#0"},
				"west": {"uv": [4, 8.75, 4.25, 9.75], "texture": "#0"},
				"up": {"uv": [4, 8.75, 4.25, 9], "texture": "#0"},
				"down": {"uv": [4, 9.5, 4.25, 9.75], "texture": "#0"}
			}
		},
		{
			"from": [10, -3.24404, -14.84625],
			"to": [11, -2.24404, 25.15375],
			"rotation": {"angle": -22.5, "axis": "y", "origin": [-3.11111, 23.25596, -11.23514]},
			"faces": {
				"north": {"uv": [15.75, 15.75, 16, 16], "rotation": 180, "texture": "#0"},
				"east": {"uv": [15.75, 6, 16, 16], "rotation": 90, "texture": "#0"},
				"south": {"uv": [15.75, 15.75, 16, 16], "texture": "#0"},
				"west": {"uv": [15.75, 6, 16, 16], "rotation": 270, "texture": "#0"},
				"up": {"uv": [15.75, 6, 16, 16], "texture": "#0"},
				"down": {"uv": [15.75, 6, 16, 16], "rotation": 180, "texture": "#0"}
			}
		},
		{
			"from": [5, -3.24404, -14.84625],
			"to": [10, -2.24404, -13.84625],
			"rotation": {"angle": -22.5, "axis": "y", "origin": [-3.11111, 23.25596, -11.23514]},
			"faces": {
				"north": {"uv": [15.75, 15.75, 16, 16], "rotation": 180, "texture": "#0"},
				"east": {"uv": [15.75, 15.75, 16, 16], "rotation": 90, "texture": "#0"},
				"south": {"uv": [15.75, 15.75, 16, 16], "texture": "#0"},
				"west": {"uv": [15.75, 15.75, 16, 16], "rotation": 270, "texture": "#0"},
				"up": {"uv": [15.75, 15.75, 16, 16], "texture": "#0"},
				"down": {"uv": [15.75, 15.5, 16, 16], "rotation": 180, "texture": "#0"}
			}
		},
		{
			"from": [9.5, -3.74404, -15.84625],
			"to": [11.5, -1.74404, -14.84625],
			"rotation": {"angle": -22.5, "axis": "y", "origin": [-3.11111, 23.25596, -11.23514]},
			"faces": {
				"north": {"uv": [15.75, 15.75, 16, 16], "rotation": 180, "texture": "#0"},
				"east": {"uv": [15.75, 15.75, 16, 16], "rotation": 90, "texture": "#0"},
				"south": {"uv": [15.75, 15.75, 16, 16], "texture": "#0"},
				"west": {"uv": [15.75, 15.75, 16, 16], "rotation": 270, "texture": "#0"},
				"up": {"uv": [15.75, 15.75, 16, 16], "texture": "#0"},
				"down": {"uv": [15.75, 15.5, 16, 16], "rotation": 180, "texture": "#0"}
			}
		},
		{
			"from": [9.5, -3.74404, -10.84625],
			"to": [11.5, -1.74404, -9.84625],
			"rotation": {"angle": -22.5, "axis": "y", "origin": [-3.11111, 23.25596, -11.23514]},
			"faces": {
				"north": {"uv": [15.75, 15.75, 16, 16], "rotation": 180, "texture": "#0"},
				"east": {"uv": [15.75, 15.75, 16, 16], "rotation": 90, "texture": "#0"},
				"south": {"uv": [15.75, 15.75, 16, 16], "texture": "#0"},
				"west": {"uv": [15.75, 15.75, 16, 16], "rotation": 270, "texture": "#0"},
				"up": {"uv": [15.75, 15.75, 16, 16], "texture": "#0"},
				"down": {"uv": [15.75, 15.5, 16, 16], "rotation": 180, "texture": "#0"}
			}
		},
		{
			"from": [0, -3.24404, -13.84625],
			"to": [5, -2.24404, -12.84625],
			"rotation": {"angle": -22.5, "axis": "y", "origin": [-3.11111, 23.25596, -11.23514]},
			"faces": {
				"north": {"uv": [15.75, 15.75, 16, 16], "rotation": 180, "texture": "#0"},
				"east": {"uv": [15.75, 15.75, 16, 16], "rotation": 90, "texture": "#0"},
				"south": {"uv": [15.75, 15.75, 16, 16], "texture": "#0"},
				"west": {"uv": [15.75, 15.75, 16, 16], "rotation": 270, "texture": "#0"},
				"up": {"uv": [15.75, 15.75, 16, 16], "texture": "#0"},
				"down": {"uv": [15.75, 15.5, 16, 16], "rotation": 180, "texture": "#0"}
			}
		},
		{
			"from": [-2, -3.24404, -12.84625],
			"to": [0, -2.24404, -11.84625],
			"rotation": {"angle": -22.5, "axis": "y", "origin": [-3.11111, 23.25596, -11.23514]},
			"faces": {
				"north": {"uv": [15.75, 15.75, 16, 16], "rotation": 180, "texture": "#0"},
				"east": {"uv": [15.75, 15.75, 16, 16], "rotation": 90, "texture": "#0"},
				"south": {"uv": [15.75, 15.75, 16, 16], "texture": "#0"},
				"west": {"uv": [15.75, 15.75, 16, 16], "rotation": 270, "texture": "#0"},
				"up": {"uv": [15.75, 15.75, 16, 16], "texture": "#0"},
				"down": {"uv": [15.75, 15.5, 16, 16], "rotation": 180, "texture": "#0"}
			}
		},
		{
			"from": [-4, -3.24404, -11.84625],
			"to": [-2, -2.24404, -10.84625],
			"rotation": {"angle": -22.5, "axis": "y", "origin": [-3.11111, 23.25596, -11.23514]},
			"faces": {
				"north": {"uv": [15.75, 15.75, 16, 16], "rotation": 180, "texture": "#0"},
				"east": {"uv": [15.75, 15.75, 16, 16], "rotation": 90, "texture": "#0"},
				"south": {"uv": [15.75, 15.75, 16, 16], "texture": "#0"},
				"west": {"uv": [15.75, 15.75, 16, 16], "rotation": 270, "texture": "#0"},
				"up": {"uv": [15.75, 15.75, 16, 16], "texture": "#0"},
				"down": {"uv": [15.75, 15.5, 16, 16], "rotation": 180, "texture": "#0"}
			}
		},
		{
			"from": [-5, -3.24404, -10.84625],
			"to": [-4, -2.24404, -9.84625],
			"rotation": {"angle": -22.5, "axis": "y", "origin": [-3.11111, 23.25596, -11.23514]},
			"faces": {
				"north": {"uv": [15.75, 15.75, 16, 16], "rotation": 180, "texture": "#0"},
				"east": {"uv": [15.75, 15.75, 16, 16], "rotation": 90, "texture": "#0"},
				"south": {"uv": [15.75, 15.75, 16, 16], "texture": "#0"},
				"west": {"uv": [15.75, 15.75, 16, 16], "rotation": 270, "texture": "#0"},
				"up": {"uv": [15.75, 15.75, 16, 16], "texture": "#0"},
				"down": {"uv": [15.75, 15.5, 16, 16], "rotation": 180, "texture": "#0"}
			}
		},
		{
			"from": [-6, -2.74404, -13.84625],
			"to": [10, -2.74404, -5.84625],
			"rotation": {"angle": -22.5, "axis": "y", "origin": [-3.11111, 23.25596, -11.23514]},
			"faces": {
				"north": {"uv": [0, 0, 3.75, 0], "rotation": 180, "texture": "#0"},
				"east": {"uv": [0, 0, 0, 2], "rotation": 90, "texture": "#0"},
				"south": {"uv": [0, 0, 3.75, 0], "texture": "#0"},
				"west": {"uv": [0, 0, 0, 2], "rotation": 270, "texture": "#0"},
				"up": {"uv": [8, 10, 4, 12], "texture": "#0"},
				"down": {"uv": [4, 10, 8, 12], "rotation": 180, "texture": "#0"}
			}
		},
		{
			"name": "LL",
			"from": [10.8, 0.775, -3.075],
			"to": [15.2, 5.175, 5.025],
			"rotation": {"angle": -22.5, "axis": "x", "origin": [13, -7.025, 8]},
			"faces": {
				"north": {"uv": [7, 12, 6, 13], "rotation": 180, "texture": "#0"},
				"east": {"uv": [4, 14, 5, 16], "rotation": 270, "texture": "#0"},
				"south": {"uv": [7, 13, 6, 12], "texture": "#0"},
				"west": {"uv": [6, 14, 7, 16], "rotation": 90, "texture": "#0"},
				"up": {"uv": [5, 14, 6, 16], "rotation": 180, "texture": "#0"},
				"down": {"uv": [7, 14, 8, 16], "texture": "#0"}
			}
		},
		{
			"name": "LL",
			"from": [11, 0.975, -2.975],
			"to": [15, 4.975, 9.025],
			"rotation": {"angle": -22.5, "axis": "x", "origin": [13, -7.025, 8]},
			"faces": {
				"north": {"uv": [7, 12, 6, 13], "rotation": 180, "texture": "#0"},
				"east": {"uv": [4, 13, 5, 16], "rotation": 270, "texture": "#0"},
				"south": {"uv": [6, 13, 5, 12], "texture": "#0"},
				"west": {"uv": [6, 13, 7, 16], "rotation": 90, "texture": "#0"},
				"up": {"uv": [5, 13, 6, 16], "rotation": 180, "texture": "#0"},
				"down": {"uv": [7, 13, 8, 16], "texture": "#0"}
			}
		},
		{
			"name": "RL",
			"from": [14.8, -13.1, -5.2],
			"to": [19.2, -5, -0.8],
			"rotation": {"angle": 45, "axis": "x", "origin": [17, -7.025, 8]},
			"faces": {
				"north": {"uv": [1, 6, 2, 8], "texture": "#0"},
				"east": {"uv": [0, 6, 1, 8], "texture": "#0"},
				"south": {"uv": [3, 6, 4, 8], "texture": "#0"},
				"west": {"uv": [2, 6, 3, 8], "texture": "#0"},
				"up": {"uv": [3, 5, 2, 4], "texture": "#0"},
				"down": {"uv": [3, 4, 2, 5], "texture": "#0"}
			}
		},
		{
			"name": "RL",
			"from": [15, -13, -5],
			"to": [19, -1, -1],
			"rotation": {"angle": 45, "axis": "x", "origin": [17, -7.025, 8]},
			"faces": {
				"north": {"uv": [1, 5, 2, 8], "texture": "#0"},
				"east": {"uv": [0, 5, 1, 8], "texture": "#0"},
				"south": {"uv": [3, 5, 4, 8], "texture": "#0"},
				"west": {"uv": [2, 5, 3, 8], "texture": "#0"},
				"up": {"uv": [2, 5, 1, 4], "texture": "#0"},
				"down": {"uv": [3, 4, 2, 5], "texture": "#0"}
			}
		},
		{
			"name": "LA",
			"from": [4, -3, 6],
			"to": [7, 9, 10],
			"rotation": {"angle": -22.5, "axis": "z", "origin": [7, 0, 0]},
			"faces": {
				"north": {"uv": [9, 13, 9.75, 16], "texture": "#0"},
				"east": {"uv": [8, 13, 9, 16], "texture": "#0"},
				"south": {"uv": [10.75, 13, 11.5, 16], "texture": "#0"},
				"west": {"uv": [9.75, 13, 10.75, 16], "texture": "#0"},
				"up": {"uv": [9.75, 13, 9, 12], "texture": "#0"},
				"down": {"uv": [10.5, 12, 9.75, 13], "texture": "#0"}
			}
		},
		{
			"from": [3.5, 8, 5.5],
			"to": [7.5, 9, 10.5],
			"rotation": {"angle": -22.5, "axis": "z", "origin": [7, 0, 0]},
			"faces": {
				"north": {"uv": [0.5, 10.25, 1.5, 10.5], "texture": "#0"},
				"east": {"uv": [0.5, 10.25, 1.75, 10.5], "texture": "#0"},
				"south": {"uv": [0.5, 10.25, 1.5, 10.5], "texture": "#0"},
				"west": {"uv": [0.5, 10.25, 1.75, 10.5], "texture": "#0"},
				"up": {"uv": [0.5, 9.25, 1.5, 10.5], "texture": "#0"},
				"down": {"uv": [0.5, 9.25, 1.5, 10.5], "texture": "#0"}
			}
		},
		{
			"from": [4, 9, 6],
			"to": [7, 10, 10],
			"rotation": {"angle": -22.5, "axis": "z", "origin": [7, 0, 0]},
			"faces": {
				"north": {"uv": [1.5, 10.5, 2.25, 10.75], "texture": "#0"},
				"east": {"uv": [1, 10.75, 2, 11], "texture": "#0"},
				"south": {"uv": [1.75, 10.5, 2.5, 10.75], "texture": "#0"},
				"west": {"uv": [1.5, 10.75, 2.5, 11], "texture": "#0"},
				"up": {"uv": [2, 10.5, 2.75, 11.5], "texture": "#0"},
				"down": {"uv": [1.5, 10.75, 2.25, 11.75], "texture": "#0"}
			}
		},
		{
			"from": [20.5, 2, 5.5],
			"to": [24.5, 3, 10.5],
			"rotation": {"angle": 22.5, "axis": "z", "origin": [7, 0, 0]},
			"faces": {
				"north": {"uv": [0.5, 10.25, 1.5, 10.5], "texture": "#0"},
				"east": {"uv": [0.5, 10.25, 1.75, 10.5], "texture": "#0"},
				"south": {"uv": [0.5, 10.25, 1.5, 10.5], "texture": "#0"},
				"west": {"uv": [0.5, 10.25, 1.75, 10.5], "texture": "#0"},
				"up": {"uv": [0.5, 9.25, 1.5, 10.5], "texture": "#0"},
				"down": {"uv": [0.5, 9.25, 1.5, 10.5], "texture": "#0"}
			}
		},
		{
			"from": [21, 3, 6],
			"to": [24, 4, 10],
			"rotation": {"angle": 22.5, "axis": "z", "origin": [7, 0, 0]},
			"faces": {
				"north": {"uv": [1.5, 10.5, 2.25, 10.75], "texture": "#0"},
				"east": {"uv": [1, 10.75, 2, 11], "texture": "#0"},
				"south": {"uv": [1.75, 10.5, 2.5, 10.75], "texture": "#0"},
				"west": {"uv": [1.5, 10.75, 2.5, 11], "texture": "#0"},
				"up": {"uv": [2, 10.5, 2.75, 11.5], "texture": "#0"},
				"down": {"uv": [1.5, 10.75, 2.25, 11.75], "texture": "#0"}
			}
		},
		{
			"name": "RA",
			"from": [21, -9, 6],
			"to": [24, 3, 10],
			"rotation": {"angle": 22.5, "axis": "z", "origin": [7, 0, 0]},
			"faces": {
				"north": {"uv": [11, 5, 11.75, 8], "texture": "#0"},
				"east": {"uv": [10, 5, 11, 8], "texture": "#0"},
				"south": {"uv": [12.75, 5, 13.5, 8], "texture": "#0"},
				"west": {"uv": [11.75, 5, 12.75, 8], "texture": "#0"},
				"up": {"uv": [11.75, 5, 11, 4], "texture": "#0"},
				"down": {"uv": [12.5, 4, 11.75, 5], "texture": "#0"}
			}
		},
		{
			"name": "B",
			"from": [11, 0, 6],
			"to": [19, 12, 10],
			"rotation": {"angle": 0, "axis": "y", "origin": [7, 0, 0]},
			"faces": {
				"north": {"uv": [5, 5, 7, 8], "texture": "#0"},
				"east": {"uv": [4, 5, 5, 8], "texture": "#0"},
				"south": {"uv": [8, 5, 10, 8], "texture": "#0"},
				"west": {"uv": [7, 5, 8, 8], "texture": "#0"},
				"up": {"uv": [7, 5, 5, 4], "texture": "#0"},
				"down": {"uv": [9, 4, 7, 5], "texture": "#0"}
			}
		},
		{
			"from": [11.1, 9.5, 1],
			"to": [18.9, 13.5, 5],
			"rotation": {"angle": 22.5, "axis": "x", "origin": [7, 0, 0]},
			"faces": {
				"north": {"uv": [5, 5, 7, 6], "texture": "#0"},
				"east": {"uv": [4, 5, 5, 6], "texture": "#0"},
				"south": {"uv": [8, 5, 10, 6], "texture": "#0"},
				"west": {"uv": [7, 5, 8, 6], "texture": "#0"},
				"up": {"uv": [7, 5, 5, 4], "texture": "#0"},
				"down": {"uv": [7, 5.75, 5, 6.75], "texture": "#0"}
			}
		},
		{
			"from": [9, -12.5, 14],
			"to": [21, 7.5, 15],
			"rotation": {"angle": -22.5, "axis": "x", "origin": [7, 0, 0]},
			"faces": {
				"north": {"uv": [0.5, 10.5, 3.5, 15.5], "texture": "#0"},
				"east": {"uv": [3.25, 10.5, 3.5, 15.5], "texture": "#0"},
				"south": {"uv": [0.5, 10.5, 3.5, 15.5], "texture": "#0"},
				"west": {"uv": [0.5, 10.5, 0.75, 15.5], "texture": "#0"},
				"up": {"uv": [0.5, 10.5, 3.5, 10.75], "texture": "#0"},
				"down": {"uv": [0.5, 15.25, 3.5, 15.5], "texture": "#0"}
			}
		},
		{
			"from": [8.5, -12.5, 13],
			"to": [9.5, 7.5, 14],
			"rotation": {"angle": -22.5, "axis": "x", "origin": [7, 0, 0]},
			"faces": {
				"north": {"uv": [0.25, 10.5, 0.5, 15.5], "texture": "#0"},
				"east": {"uv": [0.25, 10.5, 0.5, 15.5], "texture": "#0"},
				"south": {"uv": [0.25, 10.5, 0.5, 15.5], "texture": "#0"},
				"west": {"uv": [0.25, 10.5, 0.5, 15.5], "texture": "#0"},
				"up": {"uv": [0.25, 10.5, 0.5, 10.75], "texture": "#0"},
				"down": {"uv": [0.25, 15.25, 0.5, 15.5], "texture": "#0"}
			}
		},
		{
			"from": [20.5, -12.5, 13],
			"to": [21.5, 7.5, 14],
			"rotation": {"angle": -22.5, "axis": "x", "origin": [7, 0, 0]},
			"faces": {
				"north": {"uv": [0.25, 10.5, 0.5, 15.5], "texture": "#0"},
				"east": {"uv": [0.25, 10.5, 0.5, 15.5], "texture": "#0"},
				"south": {"uv": [0.25, 10.5, 0.5, 15.5], "texture": "#0"},
				"west": {"uv": [0.25, 10.5, 0.5, 15.5], "texture": "#0"},
				"up": {"uv": [0.25, 10.5, 0.5, 10.75], "texture": "#0"},
				"down": {"uv": [0.25, 15.25, 0.5, 15.5], "texture": "#0"}
			}
		},
		{
			"from": [9, -13.5, 14],
			"to": [10, -12.5, 15],
			"rotation": {"angle": -22.5, "axis": "x", "origin": [7, 0, 0]},
			"faces": {
				"north": {"uv": [1.25, 15, 1.5, 15.25], "texture": "#0"},
				"east": {"uv": [0.75, 15.25, 1, 15.5], "texture": "#0"},
				"south": {"uv": [1.5, 15, 1.75, 15.25], "texture": "#0"},
				"west": {"uv": [1.5, 15, 1.75, 15.25], "texture": "#0"},
				"up": {"uv": [1, 15.25, 1.25, 15.5], "texture": "#0"},
				"down": {"uv": [1, 15, 1.25, 15.25], "texture": "#0"}
			}
		},
		{
			"from": [12, -13.5, 14],
			"to": [13, -12.5, 15],
			"rotation": {"angle": -22.5, "axis": "x", "origin": [7, 0, 0]},
			"faces": {
				"north": {"uv": [1.25, 15, 1.5, 15.25], "texture": "#0"},
				"east": {"uv": [0.75, 15.25, 1, 15.5], "texture": "#0"},
				"south": {"uv": [1.5, 15, 1.75, 15.25], "texture": "#0"},
				"west": {"uv": [1.5, 15, 1.75, 15.25], "texture": "#0"},
				"up": {"uv": [1, 15.25, 1.25, 15.5], "texture": "#0"},
				"down": {"uv": [1, 15, 1.25, 15.25], "texture": "#0"}
			}
		},
		{
			"from": [14, -13.5, 14],
			"to": [15, -12.5, 15],
			"rotation": {"angle": -22.5, "axis": "x", "origin": [7, 0, 0]},
			"faces": {
				"north": {"uv": [1.25, 15, 1.5, 15.25], "texture": "#0"},
				"east": {"uv": [0.75, 15.25, 1, 15.5], "texture": "#0"},
				"south": {"uv": [1.5, 15, 1.75, 15.25], "texture": "#0"},
				"west": {"uv": [1.5, 15, 1.75, 15.25], "texture": "#0"},
				"up": {"uv": [1, 15.25, 1.25, 15.5], "texture": "#0"},
				"down": {"uv": [1, 15, 1.25, 15.25], "texture": "#0"}
			}
		},
		{
			"from": [17, -13.5, 14],
			"to": [18, -12.5, 15],
			"rotation": {"angle": -22.5, "axis": "x", "origin": [7, 0, 0]},
			"faces": {
				"north": {"uv": [1.25, 15, 1.5, 15.25], "texture": "#0"},
				"east": {"uv": [0.75, 15.25, 1, 15.5], "texture": "#0"},
				"south": {"uv": [1.5, 15, 1.75, 15.25], "texture": "#0"},
				"west": {"uv": [0, 0, 0.25, 0.25], "texture": "#0"},
				"up": {"uv": [1, 15.25, 1.25, 15.5], "texture": "#0"},
				"down": {"uv": [1, 15, 1.25, 15.25], "texture": "#0"}
			}
		},
		{
			"from": [15, -14.5, 14],
			"to": [16, -13.5, 15],
			"rotation": {"angle": -22.5, "axis": "x", "origin": [7, 0, 0]},
			"faces": {
				"north": {"uv": [1.25, 15, 1.5, 15.25], "texture": "#0"},
				"east": {"uv": [0.75, 15.25, 1, 15.5], "texture": "#0"},
				"south": {"uv": [1.5, 15, 1.75, 15.25], "texture": "#0"},
				"west": {"uv": [1.5, 15, 1.75, 15.25], "texture": "#0"},
				"up": {"uv": [1, 15.25, 1.25, 15.5], "texture": "#0"},
				"down": {"uv": [1, 15, 1.25, 15.25], "texture": "#0"}
			}
		},
		{
			"from": [16, -15.5, 14],
			"to": [17, -12.5, 15],
			"rotation": {"angle": -22.5, "axis": "x", "origin": [7, 0, 0]},
			"faces": {
				"north": {"uv": [1.25, 15, 1.5, 15.25], "texture": "#0"},
				"east": {"uv": [0.75, 15.25, 1, 15.5], "texture": "#0"},
				"south": {"uv": [1.5, 15, 1.75, 15.25], "texture": "#0"},
				"west": {"uv": [1.5, 15, 1.75, 15.25], "texture": "#0"},
				"up": {"uv": [1, 15.25, 1.25, 15.5], "texture": "#0"},
				"down": {"uv": [1, 15, 1.25, 15.25], "texture": "#0"}
			}
		},
		{
			"from": [19, -14.5, 14],
			"to": [20, -12.5, 15],
			"rotation": {"angle": -22.5, "axis": "x", "origin": [7, 0, 0]},
			"faces": {
				"north": {"uv": [1.25, 15, 1.5, 15.25], "texture": "#0"},
				"east": {"uv": [0.75, 15.25, 1, 15.5], "texture": "#0"},
				"south": {"uv": [1.5, 15, 1.75, 15.25], "texture": "#0"},
				"west": {"uv": [1.5, 15, 1.75, 15.25], "texture": "#0"},
				"up": {"uv": [1, 15.25, 1.25, 15.5], "texture": "#0"},
				"down": {"uv": [1, 15, 1.25, 15.25], "texture": "#0"}
			}
		},
		{
			"from": [11, -2, 5],
			"to": [19, 1, 6],
			"rotation": {"angle": 22.5, "axis": "x", "origin": [15, -0.5, 8]},
			"faces": {
				"north": {"uv": [5, 7.5, 7, 8], "texture": "#0"},
				"east": {"uv": [7, 7.5, 7.25, 8], "texture": "#0"},
				"south": {"uv": [8, 7.5, 10, 8], "texture": "#0"},
				"west": {"uv": [4.75, 7.5, 5, 8], "texture": "#0"},
				"up": {"uv": [5, 7.5, 7, 7.75], "texture": "#0"},
				"down": {"uv": [5, 7.75, 7, 8], "texture": "#0"}
			}
		},
		{
			"from": [11, -2, 10],
			"to": [19, 1, 11],
			"rotation": {"angle": -22.5, "axis": "x", "origin": [15, -0.5, 8]},
			"faces": {
				"north": {"uv": [5, 7.5, 7, 8], "texture": "#0"},
				"east": {"uv": [7, 7.5, 7.25, 8], "texture": "#0"},
				"south": {"uv": [8, 7.5, 10, 8], "texture": "#0"},
				"west": {"uv": [4.75, 7.5, 5, 8], "texture": "#0"},
				"up": {"uv": [5, 7.5, 7, 7.75], "texture": "#0"},
				"down": {"uv": [5, 7.75, 7, 8], "texture": "#0"}
			}
		},
		{
			"from": [10, -2.8, 5.9],
			"to": [11, 0.2, 10.1],
			"rotation": {"angle": -22.5, "axis": "z", "origin": [15, -1.3, 8]},
			"faces": {
				"north": {"uv": [5, 7.5, 5.25, 8], "texture": "#0"},
				"east": {"uv": [4, 7.5, 5, 8], "texture": "#0"},
				"south": {"uv": [4.5, 7.5, 4.75, 8], "texture": "#0"},
				"west": {"uv": [7, 7.5, 8, 8], "texture": "#0"},
				"up": {"uv": [4.75, 7.5, 5, 8], "texture": "#0"},
				"down": {"uv": [5.25, 7.5, 5.5, 8], "texture": "#0"}
			}
		},
		{
			"from": [19, -2.8, 5.9],
			"to": [20, 0.2, 10.1],
			"rotation": {"angle": 22.5, "axis": "z", "origin": [15, -1.3, 8]},
			"faces": {
				"north": {"uv": [5, 7.5, 5.25, 8], "texture": "#0"},
				"east": {"uv": [4, 7.5, 5, 8], "texture": "#0"},
				"south": {"uv": [4.5, 7.5, 4.75, 8], "texture": "#0"},
				"west": {"uv": [7, 7.5, 8, 8], "texture": "#0"},
				"up": {"uv": [4.75, 7.5, 5, 8], "texture": "#0"},
				"down": {"uv": [5.25, 7.5, 5.5, 8], "texture": "#0"}
			}
		},
		{
			"from": [10.8, 9.8, -0.2],
			"to": [19.2, 18.2, 8.2],
			"rotation": {"angle": -45, "axis": "x", "origin": [15, 14.94444, 4.72222]},
			"faces": {
				"north": {"uv": [10, 2, 12, 4], "texture": "#0"},
				"east": {"uv": [8, 2, 10, 4], "texture": "#0"},
				"south": {"uv": [14, 2, 16, 4], "texture": "#0"},
				"west": {"uv": [12, 2, 14, 4], "texture": "#0"},
				"up": {"uv": [12, 2, 10, 0], "texture": "#0"},
				"down": {"uv": [14, 0, 12, 2], "texture": "#0"}
			}
		},
		{
			"name": "H",
			"from": [11, 10, 0],
			"to": [19, 18, 8],
			"rotation": {"angle": -45, "axis": "x", "origin": [15, 14.94444, 4.72222]},
			"faces": {
				"north": {"uv": [2, 2, 4, 4], "texture": "#0"},
				"east": {"uv": [0, 2, 2, 4], "texture": "#0"},
				"south": {"uv": [6, 2, 8, 4], "texture": "#0"},
				"west": {"uv": [4, 2, 6, 4], "texture": "#0"},
				"up": {"uv": [4, 2, 2, 0], "texture": "#0"},
				"down": {"uv": [6, 0, 4, 2], "texture": "#0"}
			}
		},
		{
			"from": [11, 9, -1],
			"to": [12, 16, 0],
			"rotation": {"angle": -45, "axis": "x", "origin": [15, 14.94444, 4.72222]},
			"faces": {
				"north": {"uv": [11.75, 2.5, 12, 4], "texture": "#0"},
				"east": {"uv": [11.75, 2.5, 12, 4], "texture": "#0"},
				"south": {"uv": [11.75, 2.5, 12, 4], "texture": "#0"},
				"west": {"uv": [11.75, 2.5, 12, 4], "texture": "#0"},
				"up": {"uv": [11.75, 2.5, 12, 2.75], "texture": "#0"},
				"down": {"uv": [11.75, 3.75, 12, 4], "texture": "#0"}
			}
		},
		{
			"from": [18, 3, 0],
			"to": [19, 10, 1],
			"rotation": {"angle": -45, "axis": "x", "origin": [15, 14.94444, 4.72222]},
			"faces": {
				"north": {"uv": [11.75, 2.5, 12, 4], "texture": "#0"},
				"east": {"uv": [11.75, 2.5, 12, 4], "texture": "#0"},
				"south": {"uv": [11.75, 2.5, 12, 4], "texture": "#0"},
				"west": {"uv": [11.75, 2.5, 12, 4], "texture": "#0"},
				"up": {"uv": [11.75, 2.5, 12, 2.75], "texture": "#0"},
				"down": {"uv": [11.75, 3.75, 12, 4], "texture": "#0"}
			}
		},
		{
			"from": [11, 3, 0],
			"to": [12, 10, 1],
			"rotation": {"angle": -45, "axis": "x", "origin": [15, 14.94444, 4.72222]},
			"faces": {
				"north": {"uv": [11.75, 2.5, 12, 4], "texture": "#0"},
				"east": {"uv": [11.75, 2.5, 12, 4], "texture": "#0"},
				"south": {"uv": [11.75, 2.5, 12, 4], "texture": "#0"},
				"west": {"uv": [11.75, 2.5, 12, 4], "texture": "#0"},
				"up": {"uv": [11.75, 2.5, 12, 2.75], "texture": "#0"},
				"down": {"uv": [11.75, 3.75, 12, 4], "texture": "#0"}
			}
		},
		{
			"from": [18, 9, -1],
			"to": [19, 16, 0],
			"rotation": {"angle": -45, "axis": "x", "origin": [15, 14.94444, 4.72222]},
			"faces": {
				"north": {"uv": [11.75, 2.5, 12, 4], "texture": "#0"},
				"east": {"uv": [11.75, 2.5, 12, 4], "texture": "#0"},
				"south": {"uv": [11.75, 2.5, 12, 4], "texture": "#0"},
				"west": {"uv": [11.75, 2.5, 12, 4], "texture": "#0"},
				"up": {"uv": [11.75, 2.5, 12, 2.75], "texture": "#0"},
				"down": {"uv": [11.75, 3.75, 12, 4], "texture": "#0"}
			}
		},
		{
			"from": [12, 16, -1],
			"to": [13, 17, 0],
			"rotation": {"angle": -45, "axis": "x", "origin": [15, 14.94444, 4.72222]},
			"faces": {
				"north": {"uv": [11.5, 2.25, 11.75, 2.5], "texture": "#0"},
				"east": {"uv": [11.5, 2.25, 11.75, 2.5], "texture": "#0"},
				"south": {"uv": [11.5, 2.25, 11.75, 2.5], "texture": "#0"},
				"west": {"uv": [11.5, 2.25, 11.75, 2.5], "texture": "#0"},
				"up": {"uv": [11.5, 2.25, 11.75, 2.5], "texture": "#0"},
				"down": {"uv": [11.5, 2.25, 11.75, 2.5], "texture": "#0"}
			}
		},
		{
			"from": [17, 16, -1],
			"to": [18, 17, 0],
			"rotation": {"angle": -45, "axis": "x", "origin": [15, 14.94444, 4.72222]},
			"faces": {
				"north": {"uv": [11.5, 2.25, 11.75, 2.5], "texture": "#0"},
				"east": {"uv": [11.5, 2.25, 11.75, 2.5], "texture": "#0"},
				"south": {"uv": [11.5, 2.25, 11.75, 2.5], "texture": "#0"},
				"west": {"uv": [11.5, 2.25, 11.75, 2.5], "texture": "#0"},
				"up": {"uv": [11.5, 2.25, 11.75, 2.5], "texture": "#0"},
				"down": {"uv": [11.5, 2.25, 11.75, 2.5], "texture": "#0"}
			}
		},
		{
			"from": [13, 17, -1],
			"to": [17, 18, 0],
			"rotation": {"angle": -45, "axis": "x", "origin": [15, 14.94444, 4.72222]},
			"faces": {
				"north": {"uv": [10.5, 2, 11.5, 2.25], "texture": "#0"},
				"east": {"uv": [11.5, 2.25, 11.75, 2.5], "texture": "#0"},
				"south": {"uv": [10.5, 2, 11.5, 2.25], "texture": "#0"},
				"west": {"uv": [10.25, 2.25, 10.5, 2.5], "texture": "#0"},
				"up": {"uv": [10.5, 2, 11.5, 2.25], "texture": "#0"},
				"down": {"uv": [10.5, 2, 11.5, 2.25], "texture": "#0"}
			}
		}
	],
	"display": {
		"head": {
			"translation": [-10.75, -25.5, 0],
			"scale": [1.5, 1.5, 1.5]
		}
	},
	"groups": [
		{
			"name": "All",
			"origin": [8, 8, 8],
			"color": 0,
			"children": [
				{
					"name": "L",
					"origin": [8, 8, 8],
					"color": 0,
					"children": [0, 1, 2, 3, 4, 5, 6, 7, 8]
				},
				{
					"name": "C",
					"origin": [8, 8, 8],
					"color": 0,
					"children": [9, 10, 11, 12, 13, 14, 15, 16, 17]
				},
				{
					"name": "LL",
					"origin": [0, 0, 0],
					"color": 0,
					"children": [18, 19]
				},
				{
					"name": "RL",
					"origin": [0, 0, 0],
					"color": 0,
					"children": [20, 21]
				},
				{
					"name": "LA",
					"origin": [0, 0, 0],
					"color": 0,
					"children": [22, 23, 24]
				},
				{
					"name": "RA",
					"origin": [0, 0, 0],
					"color": 0,
					"children": [25, 26, 27]
				},
				{
					"name": "B",
					"origin": [0, 0, 0],
					"color": 0,
					"children": [28, 29,
						{
							"name": "C",
							"origin": [0, 0, 0],
							"color": 0,
							"children": [30, 31, 32, 33, 34, 35, 36, 37, 38, 39]
						},
						{
							"name": "S",
							"origin": [0, 0, 0],
							"color": 0,
							"children": [40, 41, 42, 43]
						}
					]
				},
				{
					"name": "H",
					"origin": [0, 0, 0],
					"color": 0,
					"children": [44, 45, 46, 47, 48, 49, 50, 51, 52]
				}
			]
		}
	]
}