{
	"credit": "Made with Blockbench",
	"texture_size": [64, 64],
	"textures": {
		"0": "item/reaper/reaper_chaos"
	},
	"elements": [
		{
			"from": [20, -8, 6],
			"to": [24, -7, 10],
			"rotation": {"angle": 22.5, "axis": "z", "origin": [22, -4.06509, 8]},
			"faces": {
				"north": {"uv": [4, 9.5, 5, 9.75], "texture": "#0"},
				"east": {"uv": [4, 9.5, 5, 9.75], "texture": "#0"},
				"south": {"uv": [4, 9.5, 5, 9.75], "texture": "#0"},
				"west": {"uv": [4, 9.5, 5, 9.75], "texture": "#0"},
				"up": {"uv": [4, 8.75, 5, 9.75], "texture": "#0"},
				"down": {"uv": [4, 8.75, 5, 9.75], "texture": "#0"}
			}
		},
		{
			"from": [20, -3, 6],
			"to": [24, -2, 10],
			"rotation": {"angle": 22.5, "axis": "z", "origin": [22, -4.06509, 8]},
			"faces": {
				"north": {"uv": [4, 9.5, 5, 9.75], "texture": "#0"},
				"east": {"uv": [4, 9.5, 5, 9.75], "texture": "#0"},
				"south": {"uv": [4, 9.5, 5, 9.75], "texture": "#0"},
				"west": {"uv": [4, 9.5, 5, 9.75], "texture": "#0"},
				"up": {"uv": [4, 8.75, 5, 9.75], "texture": "#0"},
				"down": {"uv": [4, 8.75, 5, 9.75], "texture": "#0"}
			}
		},
		{
			"from": [20.5, -2, 6.5],
			"to": [23.5, -1, 9.5],
			"rotation": {"angle": 22.5, "axis": "z", "origin": [22, -4.06509, 8]},
			"faces": {
				"north": {"uv": [4, 9.5, 5, 9.75], "texture": "#0"},
				"east": {"uv": [4, 9.5, 5, 9.75], "texture": "#0"},
				"south": {"uv": [4, 9.5, 5, 9.75], "texture": "#0"},
				"west": {"uv": [4, 9.5, 5, 9.75], "texture": "#0"},
				"up": {"uv": [4, 8.75, 5, 9.75], "texture": "#0"},
				"down": {"uv": [4, 8.75, 5, 9.75], "texture": "#0"}
			}
		},
		{
			"from": [18.18621, -2.2513, 7.5],
			"to": [20.18621, -0.2513, 8.5],
			"rotation": {"angle": -22.5, "axis": "z", "origin": [22, -4.06509, 8]},
			"faces": {
				"north": {"uv": [4, 8.75, 5, 9.75], "rotation": 270, "texture": "#0"},
				"east": {"uv": [4, 9.5, 5, 9.75], "rotation": 270, "texture": "#0"},
				"south": {"uv": [4, 8.75, 5, 9.75], "rotation": 270, "texture": "#0"},
				"west": {"uv": [4, 9.5, 5, 9.75], "rotation": 90, "texture": "#0"},
				"up": {"uv": [4, 9.5, 5, 9.75], "rotation": 180, "texture": "#0"},
				"down": {"uv": [4, 9.5, 5, 9.75], "texture": "#0"}
			}
		},
		{
			"from": [21, -7, 7],
			"to": [23, -3, 9],
			"rotation": {"angle": 22.5, "axis": "z", "origin": [22, -4.06509, 8]},
			"faces": {
				"north": {"uv": [5, 8.75, 5.5, 9.75], "texture": "#0"},
				"east": {"uv": [5, 8.75, 5.5, 9.75], "texture": "#0"},
				"south": {"uv": [5, 8.75, 5.5, 9.75], "texture": "#0"},
				"west": {"uv": [5, 8.75, 5.5, 9.75], "texture": "#0"},
				"up": {"uv": [5, 8.25, 5.5, 8.75], "texture": "#0"},
				"down": {"uv": [5, 8.25, 5.5, 8.75], "texture": "#0"}
			}
		},
		{
			"from": [20.25, -7, 6.25],
			"to": [21.25, -3, 7.25],
			"rotation": {"angle": 22.5, "axis": "z", "origin": [22, -4.06509, 8]},
			"faces": {
				"north": {"uv": [4, 8.75, 4.25, 9.75], "texture": "#0"},
				"east": {"uv": [4, 8.75, 4.25, 9.75], "texture": "#0"},
				"south": {"uv": [4, 8.75, 4.25, 9.75], "texture": "#0"},
				"west": {"uv": [4, 8.75, 4.25, 9.75], "texture": "#0"},
				"up": {"uv": [4, 8.75, 4.25, 9], "texture": "#0"},
				"down": {"uv": [4, 9.5, 4.25, 9.75], "texture": "#0"}
			}
		},
		{
			"from": [22.75, -7, 6.25],
			"to": [23.75, -3, 7.25],
			"rotation": {"angle": 22.5, "axis": "z", "origin": [22, -4.06509, 8]},
			"faces": {
				"north": {"uv": [4, 8.75, 4.25, 9.75], "texture": "#0"},
				"east": {"uv": [4, 8.75, 4.25, 9.75], "texture": "#0"},
				"south": {"uv": [4, 8.75, 4.25, 9.75], "texture": "#0"},
				"west": {"uv": [4, 8.75, 4.25, 9.75], "texture": "#0"},
				"up": {"uv": [4, 8.75, 4.25, 9], "texture": "#0"},
				"down": {"uv": [4, 9.5, 4.25, 9.75], "texture": "#0"}
			}
		},
		{
			"from": [22.75, -7, 8.75],
			"to": [23.75, -3, 9.75],
			"rotation": {"angle": 22.5, "axis": "z", "origin": [22, -4.06509, 8]},
			"faces": {
				"north": {"uv": [4, 8.75, 4.25, 9.75], "texture": "#0"},
				"east": {"uv": [4, 8.75, 4.25, 9.75], "texture": "#0"},
				"south": {"uv": [4, 8.75, 4.25, 9.75], "texture": "#0"},
				"west": {"uv": [4, 8.75, 4.25, 9.75], "texture": "#0"},
				"up": {"uv": [4, 8.75, 4.25, 9], "texture": "#0"},
				"down": {"uv": [4, 9.5, 4.25, 9.75], "texture": "#0"}
			}
		},
		{
			"from": [20.25, -7, 8.75],
			"to": [21.25, -3, 9.75],
			"rotation": {"angle": 22.5, "axis": "z", "origin": [22, -4.06509, 8]},
			"faces": {
				"north": {"uv": [4, 8.75, 4.25, 9.75], "texture": "#0"},
				"east": {"uv": [4, 8.75, 4.25, 9.75], "texture": "#0"},
				"south": {"uv": [4, 8.75, 4.25, 9.75], "texture": "#0"},
				"west": {"uv": [4, 8.75, 4.25, 9.75], "texture": "#0"},
				"up": {"uv": [4, 8.75, 4.25, 9], "texture": "#0"},
				"down": {"uv": [4, 9.5, 4.25, 9.75], "texture": "#0"}
			}
		},
		{
			"name": "B",
			"from": [11, 0, 6],
			"to": [19, 12, 10],
			"rotation": {"angle": 0, "axis": "y", "origin": [7, 0, 0]},
			"faces": {
				"north": {"uv": [5, 5, 7, 8], "texture": "#0"},
				"east": {"uv": [4, 5, 5, 8], "texture": "#0"},
				"south": {"uv": [8, 5, 10, 8], "texture": "#0"},
				"west": {"uv": [7, 5, 8, 8], "texture": "#0"},
				"up": {"uv": [7, 5, 5, 4], "texture": "#0"},
				"down": {"uv": [9, 4, 7, 5], "texture": "#0"}
			}
		},
		{
			"from": [11.1, 9.5, 1],
			"to": [18.9, 13.5, 5],
			"rotation": {"angle": 22.5, "axis": "x", "origin": [7, 0, 0]},
			"faces": {
				"north": {"uv": [5, 5, 7, 6], "texture": "#0"},
				"east": {"uv": [4, 5, 5, 6], "texture": "#0"},
				"south": {"uv": [8, 5, 10, 6], "texture": "#0"},
				"west": {"uv": [7, 5, 8, 6], "texture": "#0"},
				"up": {"uv": [7, 5, 5, 4], "texture": "#0"},
				"down": {"uv": [7, 5.75, 5, 6.75], "texture": "#0"}
			}
		},
		{
			"from": [9, -12.5, 14],
			"to": [21, 7.5, 15],
			"rotation": {"angle": -22.5, "axis": "x", "origin": [7, 0, 0]},
			"faces": {
				"north": {"uv": [0.5, 10.5, 3.5, 15.5], "texture": "#0"},
				"east": {"uv": [3.25, 10.5, 3.5, 15.5], "texture": "#0"},
				"south": {"uv": [0.5, 10.5, 3.5, 15.5], "texture": "#0"},
				"west": {"uv": [0.5, 10.5, 0.75, 15.5], "texture": "#0"},
				"up": {"uv": [0.5, 10.5, 3.5, 10.75], "texture": "#0"},
				"down": {"uv": [0.5, 15.25, 3.5, 15.5], "texture": "#0"}
			}
		},
		{
			"from": [8.5, -12.5, 13],
			"to": [9.5, 7.5, 14],
			"rotation": {"angle": -22.5, "axis": "x", "origin": [7, 0, 0]},
			"faces": {
				"north": {"uv": [0.25, 10.5, 0.5, 15.5], "texture": "#0"},
				"east": {"uv": [0.25, 10.5, 0.5, 15.5], "texture": "#0"},
				"south": {"uv": [0.25, 10.5, 0.5, 15.5], "texture": "#0"},
				"west": {"uv": [0.25, 10.5, 0.5, 15.5], "texture": "#0"},
				"up": {"uv": [0.25, 10.5, 0.5, 10.75], "texture": "#0"},
				"down": {"uv": [0.25, 15.25, 0.5, 15.5], "texture": "#0"}
			}
		},
		{
			"from": [20.5, -12.5, 13],
			"to": [21.5, 7.5, 14],
			"rotation": {"angle": -22.5, "axis": "x", "origin": [7, 0, 0]},
			"faces": {
				"north": {"uv": [0.25, 10.5, 0.5, 15.5], "texture": "#0"},
				"east": {"uv": [0.25, 10.5, 0.5, 15.5], "texture": "#0"},
				"south": {"uv": [0.25, 10.5, 0.5, 15.5], "texture": "#0"},
				"west": {"uv": [0.25, 10.5, 0.5, 15.5], "texture": "#0"},
				"up": {"uv": [0.25, 10.5, 0.5, 10.75], "texture": "#0"},
				"down": {"uv": [0.25, 15.25, 0.5, 15.5], "texture": "#0"}
			}
		},
		{
			"from": [9, -13.5, 14],
			"to": [10, -12.5, 15],
			"rotation": {"angle": -22.5, "axis": "x", "origin": [7, 0, 0]},
			"faces": {
				"north": {"uv": [1.25, 15, 1.5, 15.25], "texture": "#0"},
				"east": {"uv": [0.75, 15.25, 1, 15.5], "texture": "#0"},
				"south": {"uv": [1.5, 15, 1.75, 15.25], "texture": "#0"},
				"west": {"uv": [1.5, 15, 1.75, 15.25], "texture": "#0"},
				"up": {"uv": [1, 15.25, 1.25, 15.5], "texture": "#0"},
				"down": {"uv": [1, 15, 1.25, 15.25], "texture": "#0"}
			}
		},
		{
			"from": [12, -13.5, 14],
			"to": [13, -12.5, 15],
			"rotation": {"angle": -22.5, "axis": "x", "origin": [7, 0, 0]},
			"faces": {
				"north": {"uv": [1.25, 15, 1.5, 15.25], "texture": "#0"},
				"east": {"uv": [0.75, 15.25, 1, 15.5], "texture": "#0"},
				"south": {"uv": [1.5, 15, 1.75, 15.25], "texture": "#0"},
				"west": {"uv": [1.5, 15, 1.75, 15.25], "texture": "#0"},
				"up": {"uv": [1, 15.25, 1.25, 15.5], "texture": "#0"},
				"down": {"uv": [1, 15, 1.25, 15.25], "texture": "#0"}
			}
		},
		{
			"from": [14, -13.5, 14],
			"to": [15, -12.5, 15],
			"rotation": {"angle": -22.5, "axis": "x", "origin": [7, 0, 0]},
			"faces": {
				"north": {"uv": [1.25, 15, 1.5, 15.25], "texture": "#0"},
				"east": {"uv": [0.75, 15.25, 1, 15.5], "texture": "#0"},
				"south": {"uv": [1.5, 15, 1.75, 15.25], "texture": "#0"},
				"west": {"uv": [1.5, 15, 1.75, 15.25], "texture": "#0"},
				"up": {"uv": [1, 15.25, 1.25, 15.5], "texture": "#0"},
				"down": {"uv": [1, 15, 1.25, 15.25], "texture": "#0"}
			}
		},
		{
			"from": [17, -13.5, 14],
			"to": [18, -12.5, 15],
			"rotation": {"angle": -22.5, "axis": "x", "origin": [7, 0, 0]},
			"faces": {
				"north": {"uv": [1.25, 15, 1.5, 15.25], "texture": "#0"},
				"east": {"uv": [0.75, 15.25, 1, 15.5], "texture": "#0"},
				"south": {"uv": [1.5, 15, 1.75, 15.25], "texture": "#0"},
				"west": {"uv": [0, 0, 0.25, 0.25], "texture": "#0"},
				"up": {"uv": [1, 15.25, 1.25, 15.5], "texture": "#0"},
				"down": {"uv": [1, 15, 1.25, 15.25], "texture": "#0"}
			}
		},
		{
			"from": [15, -14.5, 14],
			"to": [16, -13.5, 15],
			"rotation": {"angle": -22.5, "axis": "x", "origin": [7, 0, 0]},
			"faces": {
				"north": {"uv": [1.25, 15, 1.5, 15.25], "texture": "#0"},
				"east": {"uv": [0.75, 15.25, 1, 15.5], "texture": "#0"},
				"south": {"uv": [1.5, 15, 1.75, 15.25], "texture": "#0"},
				"west": {"uv": [1.5, 15, 1.75, 15.25], "texture": "#0"},
				"up": {"uv": [1, 15.25, 1.25, 15.5], "texture": "#0"},
				"down": {"uv": [1, 15, 1.25, 15.25], "texture": "#0"}
			}
		},
		{
			"from": [16, -15.5, 14],
			"to": [17, -12.5, 15],
			"rotation": {"angle": -22.5, "axis": "x", "origin": [7, 0, 0]},
			"faces": {
				"north": {"uv": [1.25, 15, 1.5, 15.25], "texture": "#0"},
				"east": {"uv": [0.75, 15.25, 1, 15.5], "texture": "#0"},
				"south": {"uv": [1.5, 15, 1.75, 15.25], "texture": "#0"},
				"west": {"uv": [1.5, 15, 1.75, 15.25], "texture": "#0"},
				"up": {"uv": [1, 15.25, 1.25, 15.5], "texture": "#0"},
				"down": {"uv": [1, 15, 1.25, 15.25], "texture": "#0"}
			}
		},
		{
			"from": [19, -14.5, 14],
			"to": [20, -12.5, 15],
			"rotation": {"angle": -22.5, "axis": "x", "origin": [7, 0, 0]},
			"faces": {
				"north": {"uv": [1.25, 15, 1.5, 15.25], "texture": "#0"},
				"east": {"uv": [0.75, 15.25, 1, 15.5], "texture": "#0"},
				"south": {"uv": [1.5, 15, 1.75, 15.25], "texture": "#0"},
				"west": {"uv": [1.5, 15, 1.75, 15.25], "texture": "#0"},
				"up": {"uv": [1, 15.25, 1.25, 15.5], "texture": "#0"},
				"down": {"uv": [1, 15, 1.25, 15.25], "texture": "#0"}
			}
		},
		{
			"from": [11, -2, 5],
			"to": [19, 1, 6],
			"rotation": {"angle": 22.5, "axis": "x", "origin": [15, -0.5, 8]},
			"faces": {
				"north": {"uv": [5, 7.5, 7, 8], "texture": "#0"},
				"east": {"uv": [7, 7.5, 7.25, 8], "texture": "#0"},
				"south": {"uv": [8, 7.5, 10, 8], "texture": "#0"},
				"west": {"uv": [4.75, 7.5, 5, 8], "texture": "#0"},
				"up": {"uv": [5, 7.5, 7, 7.75], "texture": "#0"},
				"down": {"uv": [5, 7.75, 7, 8], "texture": "#0"}
			}
		},
		{
			"from": [11, -2, 10],
			"to": [19, 1, 11],
			"rotation": {"angle": -22.5, "axis": "x", "origin": [15, -0.5, 8]},
			"faces": {
				"north": {"uv": [5, 7.5, 7, 8], "texture": "#0"},
				"east": {"uv": [7, 7.5, 7.25, 8], "texture": "#0"},
				"south": {"uv": [8, 7.5, 10, 8], "texture": "#0"},
				"west": {"uv": [4.75, 7.5, 5, 8], "texture": "#0"},
				"up": {"uv": [5, 7.5, 7, 7.75], "texture": "#0"},
				"down": {"uv": [5, 7.75, 7, 8], "texture": "#0"}
			}
		},
		{
			"from": [10, -2.8, 5.9],
			"to": [11, 0.2, 10.1],
			"rotation": {"angle": -22.5, "axis": "z", "origin": [15, -1.3, 8]},
			"faces": {
				"north": {"uv": [5, 7.5, 5.25, 8], "texture": "#0"},
				"east": {"uv": [4, 7.5, 5, 8], "texture": "#0"},
				"south": {"uv": [4.5, 7.5, 4.75, 8], "texture": "#0"},
				"west": {"uv": [7, 7.5, 8, 8], "texture": "#0"},
				"up": {"uv": [4.75, 7.5, 5, 8], "texture": "#0"},
				"down": {"uv": [5.25, 7.5, 5.5, 8], "texture": "#0"}
			}
		},
		{
			"from": [19, -2.8, 5.9],
			"to": [20, 0.2, 10.1],
			"rotation": {"angle": 22.5, "axis": "z", "origin": [15, -1.3, 8]},
			"faces": {
				"north": {"uv": [5, 7.5, 5.25, 8], "texture": "#0"},
				"east": {"uv": [4, 7.5, 5, 8], "texture": "#0"},
				"south": {"uv": [4.5, 7.5, 4.75, 8], "texture": "#0"},
				"west": {"uv": [7, 7.5, 8, 8], "texture": "#0"},
				"up": {"uv": [4.75, 7.5, 5, 8], "texture": "#0"},
				"down": {"uv": [5.25, 7.5, 5.5, 8], "texture": "#0"}
			}
		},
		{
			"from": [14, 10, 0],
			"to": [16, 12, 1],
			"rotation": {"angle": 22.5, "axis": "x", "origin": [7, 0, 0]},
			"faces": {
				"north": {"uv": [13.5, 4, 14, 4.5], "texture": "#0"},
				"east": {"uv": [13.5, 4, 13.75, 4.5], "texture": "#0"},
				"south": {"uv": [13.5, 4, 14, 4.5], "texture": "#0"},
				"west": {"uv": [13.5, 4, 13.75, 4.5], "texture": "#0"},
				"up": {"uv": [13.5, 4, 14, 4.25], "texture": "#0"},
				"down": {"uv": [13.5, 4, 14, 4.25], "texture": "#0"}
			}
		}
	],
	"display": {
		"head": {
			"translation": [-10.75, -11, 0],
			"scale": [1.5, 1.5, 1.5]
		}
	},
	"groups": [
		{
			"name": "All",
			"origin": [8, 8, 8],
			"color": 0,
			"children": [
				{
					"name": "L",
					"origin": [8, 8, 8],
					"color": 0,
					"children": [0, 1, 2, 3, 4, 5, 6, 7, 8]
				},
				{
					"name": "B",
					"origin": [0, 0, 0],
					"color": 0,
					"children": [9, 10,
						{
							"name": "C",
							"origin": [0, 0, 0],
							"color": 0,
							"children": [11, 12, 13, 14, 15, 16, 17, 18, 19, 20]
						},
						{
							"name": "S",
							"origin": [0, 0, 0],
							"color": 0,
							"children": [21, 22, 23, 24]
						}, 25]
				}
			]
		}
	]
}