{
	"credit": "Made with Blockbench",
	"texture_size": [64, 64],
	"textures": {
		"0": "item/reaper/reaper_chaos"
	},
	"elements": [
		{
			"from": [19, -9, 6],
			"to": [23, -8, 10],
			"rotation": {"angle": 0, "axis": "y", "origin": [-4, -9, 6]},
			"faces": {
				"north": {"uv": [4, 9.5, 5, 9.75], "texture": "#0"},
				"east": {"uv": [4, 9.5, 5, 9.75], "texture": "#0"},
				"south": {"uv": [4, 9.5, 5, 9.75], "texture": "#0"},
				"west": {"uv": [4, 9.5, 5, 9.75], "texture": "#0"},
				"up": {"uv": [4, 8.75, 5, 9.75], "texture": "#0"},
				"down": {"uv": [4, 8.75, 5, 9.75], "texture": "#0"}
			}
		},
		{
			"from": [19, -4, 6],
			"to": [23, -3, 10],
			"rotation": {"angle": 0, "axis": "y", "origin": [-4, -9, 6]},
			"faces": {
				"north": {"uv": [4, 9.5, 5, 9.75], "texture": "#0"},
				"east": {"uv": [4, 9.5, 5, 9.75], "texture": "#0"},
				"south": {"uv": [4, 9.5, 5, 9.75], "texture": "#0"},
				"west": {"uv": [4, 9.5, 5, 9.75], "texture": "#0"},
				"up": {"uv": [4, 8.75, 5, 9.75], "texture": "#0"},
				"down": {"uv": [4, 8.75, 5, 9.75], "texture": "#0"}
			}
		},
		{
			"from": [19.5, -3, 6.5],
			"to": [22.5, -2, 9.5],
			"rotation": {"angle": 0, "axis": "y", "origin": [-4, -9, 6]},
			"faces": {
				"north": {"uv": [4, 9.5, 5, 9.75], "texture": "#0"},
				"east": {"uv": [4, 9.5, 5, 9.75], "texture": "#0"},
				"south": {"uv": [4, 9.5, 5, 9.75], "texture": "#0"},
				"west": {"uv": [4, 9.5, 5, 9.75], "texture": "#0"},
				"up": {"uv": [4, 8.75, 5, 9.75], "texture": "#0"},
				"down": {"uv": [4, 8.75, 5, 9.75], "texture": "#0"}
			}
		},
		{
			"from": [21, -2.5, 7.5],
			"to": [23, -0.5, 8.5],
			"rotation": {"angle": 45, "axis": "z", "origin": [21, -2.5, 8]},
			"faces": {
				"north": {"uv": [4, 8.75, 5, 9.75], "rotation": 180, "texture": "#0"},
				"east": {"uv": [4, 9.5, 5, 9.75], "rotation": 270, "texture": "#0"},
				"south": {"uv": [4, 8.75, 5, 9.75], "texture": "#0"},
				"west": {"uv": [4, 9.5, 5, 9.75], "rotation": 90, "texture": "#0"},
				"up": {"uv": [4, 9.5, 5, 9.75], "rotation": 180, "texture": "#0"},
				"down": {"uv": [4, 9.5, 5, 9.75], "texture": "#0"}
			}
		},
		{
			"from": [20, -8, 7],
			"to": [22, -4, 9],
			"rotation": {"angle": 0, "axis": "y", "origin": [-4, -9, 6]},
			"faces": {
				"north": {"uv": [5, 8.75, 5.5, 9.75], "texture": "#0"},
				"east": {"uv": [5, 8.75, 5.5, 9.75], "texture": "#0"},
				"south": {"uv": [5, 8.75, 5.5, 9.75], "texture": "#0"},
				"west": {"uv": [5, 8.75, 5.5, 9.75], "texture": "#0"},
				"up": {"uv": [5, 8.25, 5.5, 8.75], "texture": "#0"},
				"down": {"uv": [5, 8.25, 5.5, 8.75], "texture": "#0"}
			}
		},
		{
			"from": [19.25, -8, 6.25],
			"to": [20.25, -4, 7.25],
			"rotation": {"angle": 0, "axis": "y", "origin": [-4, -9, 6]},
			"faces": {
				"north": {"uv": [4, 8.75, 4.25, 9.75], "texture": "#0"},
				"east": {"uv": [4, 8.75, 4.25, 9.75], "texture": "#0"},
				"south": {"uv": [4, 8.75, 4.25, 9.75], "texture": "#0"},
				"west": {"uv": [4, 8.75, 4.25, 9.75], "texture": "#0"},
				"up": {"uv": [4, 8.75, 4.25, 9], "texture": "#0"},
				"down": {"uv": [4, 9.5, 4.25, 9.75], "texture": "#0"}
			}
		},
		{
			"from": [21.75, -8, 6.25],
			"to": [22.75, -4, 7.25],
			"rotation": {"angle": 0, "axis": "y", "origin": [-4, -9, 6]},
			"faces": {
				"north": {"uv": [4, 8.75, 4.25, 9.75], "texture": "#0"},
				"east": {"uv": [4, 8.75, 4.25, 9.75], "texture": "#0"},
				"south": {"uv": [4, 8.75, 4.25, 9.75], "texture": "#0"},
				"west": {"uv": [4, 8.75, 4.25, 9.75], "texture": "#0"},
				"up": {"uv": [4, 8.75, 4.25, 9], "texture": "#0"},
				"down": {"uv": [4, 9.5, 4.25, 9.75], "texture": "#0"}
			}
		},
		{
			"from": [21.75, -8, 8.75],
			"to": [22.75, -4, 9.75],
			"rotation": {"angle": 0, "axis": "y", "origin": [-4, -9, 6]},
			"faces": {
				"north": {"uv": [4, 8.75, 4.25, 9.75], "texture": "#0"},
				"east": {"uv": [4, 8.75, 4.25, 9.75], "texture": "#0"},
				"south": {"uv": [4, 8.75, 4.25, 9.75], "texture": "#0"},
				"west": {"uv": [4, 8.75, 4.25, 9.75], "texture": "#0"},
				"up": {"uv": [4, 8.75, 4.25, 9], "texture": "#0"},
				"down": {"uv": [4, 9.5, 4.25, 9.75], "texture": "#0"}
			}
		},
		{
			"from": [19.25, -8, 8.75],
			"to": [20.25, -4, 9.75],
			"rotation": {"angle": 0, "axis": "y", "origin": [-4, -9, 6]},
			"faces": {
				"north": {"uv": [4, 8.75, 4.25, 9.75], "texture": "#0"},
				"east": {"uv": [4, 8.75, 4.25, 9.75], "texture": "#0"},
				"south": {"uv": [4, 8.75, 4.25, 9.75], "texture": "#0"},
				"west": {"uv": [4, 8.75, 4.25, 9.75], "texture": "#0"},
				"up": {"uv": [4, 8.75, 4.25, 9], "texture": "#0"},
				"down": {"uv": [4, 9.5, 4.25, 9.75], "texture": "#0"}
			}
		}
	],
	"display": {
		"head": {
			"translation": [-19.5, 8.75, 0],
			"scale": [1.5, 1.5, 1.5]
		}
	},
	"groups": [
		{
			"name": "All",
			"origin": [8, 8, 8],
			"color": 0,
			"children": [
				{
					"name": "L",
					"origin": [8, 8, 8],
					"color": 0,
					"children": [0, 1, 2, 3, 4, 5, 6, 7, 8]
				}
			]
		}
	]
}