{
	"credit": "Made with Blockbench",
	"texture_size": [64, 64],
	"textures": {
		"0": "item/reaper/reaper_chaos"
	},
	"elements": [
		{
			"from": [10.8, 11.8, 3.8],
			"to": [19.2, 20.2, 12.2],
			"rotation": {"angle": 0, "axis": "y", "origin": [7, 0, 0]},
			"faces": {
				"north": {"uv": [10, 2, 12, 4], "texture": "#0"},
				"east": {"uv": [8, 2, 10, 4], "texture": "#0"},
				"south": {"uv": [14, 2, 16, 4], "texture": "#0"},
				"west": {"uv": [12, 2, 14, 4], "texture": "#0"},
				"up": {"uv": [12, 2, 10, 0], "texture": "#0"},
				"down": {"uv": [14, 0, 12, 2], "texture": "#0"}
			}
		},
		{
			"name": "H",
			"from": [11, 12, 4],
			"to": [19, 20, 12],
			"rotation": {"angle": 0, "axis": "y", "origin": [7, 0, 0]},
			"faces": {
				"north": {"uv": [0, 0, 2, 2], "texture": "#0"},
				"east": {"uv": [0, 2, 2, 4], "texture": "#0"},
				"south": {"uv": [6, 2, 8, 4], "texture": "#0"},
				"west": {"uv": [4, 2, 6, 4], "texture": "#0"},
				"up": {"uv": [4, 2, 2, 0], "texture": "#0"},
				"down": {"uv": [8, 0, 6, 2], "texture": "#0"}
			}
		},
		{
			"from": [11, 11, 3],
			"to": [12, 18, 4],
			"rotation": {"angle": 0, "axis": "y", "origin": [7, 0, 0]},
			"faces": {
				"north": {"uv": [11.75, 2.5, 12, 4], "texture": "#0"},
				"east": {"uv": [11.75, 2.5, 12, 4], "texture": "#0"},
				"south": {"uv": [11.75, 2.5, 12, 4], "texture": "#0"},
				"west": {"uv": [11.75, 2.5, 12, 4], "texture": "#0"},
				"up": {"uv": [11.75, 2.5, 12, 2.75], "texture": "#0"},
				"down": {"uv": [11.75, 3.75, 12, 4], "texture": "#0"}
			}
		},
		{
			"from": [18, 5, 4],
			"to": [19, 12, 5],
			"rotation": {"angle": 0, "axis": "y", "origin": [7, 0, 0]},
			"faces": {
				"north": {"uv": [11.75, 2.5, 12, 4], "texture": "#0"},
				"east": {"uv": [11.75, 2.5, 12, 4], "texture": "#0"},
				"south": {"uv": [11.75, 2.5, 12, 4], "texture": "#0"},
				"west": {"uv": [11.75, 2.5, 12, 4], "texture": "#0"},
				"up": {"uv": [11.75, 2.5, 12, 2.75], "texture": "#0"},
				"down": {"uv": [11.75, 3.75, 12, 4], "texture": "#0"}
			}
		},
		{
			"from": [11, 5, 4],
			"to": [12, 12, 5],
			"rotation": {"angle": 0, "axis": "y", "origin": [7, 0, 0]},
			"faces": {
				"north": {"uv": [11.75, 2.5, 12, 4], "texture": "#0"},
				"east": {"uv": [11.75, 2.5, 12, 4], "texture": "#0"},
				"south": {"uv": [11.75, 2.5, 12, 4], "texture": "#0"},
				"west": {"uv": [11.75, 2.5, 12, 4], "texture": "#0"},
				"up": {"uv": [11.75, 2.5, 12, 2.75], "texture": "#0"},
				"down": {"uv": [11.75, 3.75, 12, 4], "texture": "#0"}
			}
		},
		{
			"from": [18, 11, 3],
			"to": [19, 18, 4],
			"rotation": {"angle": 0, "axis": "y", "origin": [7, 0, 0]},
			"faces": {
				"north": {"uv": [11.75, 2.5, 12, 4], "texture": "#0"},
				"east": {"uv": [11.75, 2.5, 12, 4], "texture": "#0"},
				"south": {"uv": [11.75, 2.5, 12, 4], "texture": "#0"},
				"west": {"uv": [11.75, 2.5, 12, 4], "texture": "#0"},
				"up": {"uv": [11.75, 2.5, 12, 2.75], "texture": "#0"},
				"down": {"uv": [11.75, 3.75, 12, 4], "texture": "#0"}
			}
		},
		{
			"from": [12, 18, 3],
			"to": [13, 19, 4],
			"rotation": {"angle": 0, "axis": "y", "origin": [7, 0, 0]},
			"faces": {
				"north": {"uv": [11.5, 2.25, 11.75, 2.5], "texture": "#0"},
				"east": {"uv": [11.5, 2.25, 11.75, 2.5], "texture": "#0"},
				"south": {"uv": [11.5, 2.25, 11.75, 2.5], "texture": "#0"},
				"west": {"uv": [11.5, 2.25, 11.75, 2.5], "texture": "#0"},
				"up": {"uv": [11.5, 2.25, 11.75, 2.5], "texture": "#0"},
				"down": {"uv": [11.5, 2.25, 11.75, 2.5], "texture": "#0"}
			}
		},
		{
			"from": [17, 18, 3],
			"to": [18, 19, 4],
			"rotation": {"angle": 0, "axis": "y", "origin": [7, 0, 0]},
			"faces": {
				"north": {"uv": [11.5, 2.25, 11.75, 2.5], "texture": "#0"},
				"east": {"uv": [11.5, 2.25, 11.75, 2.5], "texture": "#0"},
				"south": {"uv": [11.5, 2.25, 11.75, 2.5], "texture": "#0"},
				"west": {"uv": [11.5, 2.25, 11.75, 2.5], "texture": "#0"},
				"up": {"uv": [11.5, 2.25, 11.75, 2.5], "texture": "#0"},
				"down": {"uv": [11.5, 2.25, 11.75, 2.5], "texture": "#0"}
			}
		},
		{
			"from": [13, 19, 3],
			"to": [17, 20, 4],
			"rotation": {"angle": 0, "axis": "y", "origin": [7, 0, 0]},
			"faces": {
				"north": {"uv": [10.5, 2, 11.5, 2.25], "texture": "#0"},
				"east": {"uv": [11.5, 2.25, 11.75, 2.5], "texture": "#0"},
				"south": {"uv": [10.5, 2, 11.5, 2.25], "texture": "#0"},
				"west": {"uv": [10.25, 2.25, 10.5, 2.5], "texture": "#0"},
				"up": {"uv": [10.5, 2, 11.5, 2.25], "texture": "#0"},
				"down": {"uv": [10.5, 2, 11.5, 2.25], "texture": "#0"}
			}
		}
	],
	"display": {
		"head": {
			"translation": [-10.75, -11, 0],
			"scale": [1.5, 1.5, 1.5]
		}
	},
	"groups": [
		{
			"name": "All",
			"origin": [8, 8, 8],
			"color": 0,
			"children": [
				{
					"name": "H",
					"origin": [0, 0, 0],
					"color": 0,
					"children": [0, 1, 2, 3, 4, 5, 6, 7, 8]
				}
			]
		}
	]
}