{
	"credit": "Made with Blockbench",
	"texture_size": [64, 64],
	"textures": {
		"0": "item/reaper/reaper_chaos"
	},
	"elements": [
		{
			"from": [3, -11, 8],
			"to": [4, 29, 9],
			"rotation": {"angle": 0, "axis": "z", "origin": [7, 0, 0]},
			"faces": {
				"north": {"uv": [15.75, 6, 16, 16], "texture": "#0"},
				"east": {"uv": [15.75, 6, 16, 16], "texture": "#0"},
				"south": {"uv": [15.75, 6, 16, 16], "texture": "#0"},
				"west": {"uv": [15.75, 6, 16, 16], "texture": "#0"},
				"up": {"uv": [15.75, 15.75, 16, 16], "texture": "#0"},
				"down": {"uv": [15.75, 15.75, 16, 16], "texture": "#0"}
			}
		},
		{
			"from": [-2, 28, 8],
			"to": [3, 29, 9],
			"rotation": {"angle": 0, "axis": "z", "origin": [7, 0, 0]},
			"faces": {
				"north": {"uv": [15.75, 15.5, 16, 16], "texture": "#0"},
				"east": {"uv": [15.75, 15.75, 16, 16], "texture": "#0"},
				"south": {"uv": [15.75, 15.75, 16, 16], "texture": "#0"},
				"west": {"uv": [15.75, 15.75, 16, 16], "texture": "#0"},
				"up": {"uv": [15.75, 15.75, 16, 16], "texture": "#0"},
				"down": {"uv": [15.75, 15.75, 16, 16], "texture": "#0"}
			}
		},
		{
			"from": [2.5, 29, 7.5],
			"to": [4.5, 30, 9.5],
			"rotation": {"angle": 0, "axis": "z", "origin": [7, 0, 0]},
			"faces": {
				"north": {"uv": [15.75, 15.5, 16, 16], "texture": "#0"},
				"east": {"uv": [15.75, 15.75, 16, 16], "texture": "#0"},
				"south": {"uv": [15.75, 15.75, 16, 16], "texture": "#0"},
				"west": {"uv": [15.75, 15.75, 16, 16], "texture": "#0"},
				"up": {"uv": [15.75, 15.75, 16, 16], "texture": "#0"},
				"down": {"uv": [15.75, 15.75, 16, 16], "texture": "#0"}
			}
		},
		{
			"from": [2.5, 24, 7.5],
			"to": [4.5, 25, 9.5],
			"rotation": {"angle": 0, "axis": "z", "origin": [7, 0, 0]},
			"faces": {
				"north": {"uv": [15.75, 15.5, 16, 16], "texture": "#0"},
				"east": {"uv": [15.75, 15.75, 16, 16], "texture": "#0"},
				"south": {"uv": [15.75, 15.75, 16, 16], "texture": "#0"},
				"west": {"uv": [15.75, 15.75, 16, 16], "texture": "#0"},
				"up": {"uv": [15.75, 15.75, 16, 16], "texture": "#0"},
				"down": {"uv": [15.75, 15.75, 16, 16], "texture": "#0"}
			}
		},
		{
			"from": [-7, 27, 8],
			"to": [-2, 28, 9],
			"rotation": {"angle": 0, "axis": "z", "origin": [7, 0, 0]},
			"faces": {
				"north": {"uv": [15.75, 15.5, 16, 16], "texture": "#0"},
				"east": {"uv": [15.75, 15.75, 16, 16], "texture": "#0"},
				"south": {"uv": [15.75, 15.75, 16, 16], "texture": "#0"},
				"west": {"uv": [15.75, 15.75, 16, 16], "texture": "#0"},
				"up": {"uv": [15.75, 15.75, 16, 16], "texture": "#0"},
				"down": {"uv": [15.75, 15.75, 16, 16], "texture": "#0"}
			}
		},
		{
			"from": [-9, 26, 8],
			"to": [-7, 27, 9],
			"rotation": {"angle": 0, "axis": "z", "origin": [7, 0, 0]},
			"faces": {
				"north": {"uv": [15.75, 15.5, 16, 16], "texture": "#0"},
				"east": {"uv": [15.75, 15.75, 16, 16], "texture": "#0"},
				"south": {"uv": [15.75, 15.75, 16, 16], "texture": "#0"},
				"west": {"uv": [15.75, 15.75, 16, 16], "texture": "#0"},
				"up": {"uv": [15.75, 15.75, 16, 16], "texture": "#0"},
				"down": {"uv": [15.75, 15.75, 16, 16], "texture": "#0"}
			}
		},
		{
			"from": [-11, 25, 8],
			"to": [-9, 26, 9],
			"rotation": {"angle": 0, "axis": "z", "origin": [7, 0, 0]},
			"faces": {
				"north": {"uv": [15.75, 15.5, 16, 16], "texture": "#0"},
				"east": {"uv": [15.75, 15.75, 16, 16], "texture": "#0"},
				"south": {"uv": [15.75, 15.75, 16, 16], "texture": "#0"},
				"west": {"uv": [15.75, 15.75, 16, 16], "texture": "#0"},
				"up": {"uv": [15.75, 15.75, 16, 16], "texture": "#0"},
				"down": {"uv": [15.75, 15.75, 16, 16], "texture": "#0"}
			}
		},
		{
			"from": [-12, 24, 8],
			"to": [-11, 25, 9],
			"rotation": {"angle": 0, "axis": "z", "origin": [7, 0, 0]},
			"faces": {
				"north": {"uv": [15.75, 15.5, 16, 16], "texture": "#0"},
				"east": {"uv": [15.75, 15.75, 16, 16], "texture": "#0"},
				"south": {"uv": [15.75, 15.75, 16, 16], "texture": "#0"},
				"west": {"uv": [15.75, 15.75, 16, 16], "texture": "#0"},
				"up": {"uv": [15.75, 15.75, 16, 16], "texture": "#0"},
				"down": {"uv": [15.75, 15.75, 16, 16], "texture": "#0"}
			}
		},
		{
			"from": [-13, 20, 8.5],
			"to": [3, 28, 8.5],
			"rotation": {"angle": 0, "axis": "z", "origin": [7, 0, 0]},
			"faces": {
				"north": {"uv": [4, 10, 8, 12], "texture": "#0"},
				"east": {"uv": [0, 0, 0, 2], "texture": "#0"},
				"south": {"uv": [8, 10, 4, 12], "texture": "#0"},
				"west": {"uv": [0, 0, 0, 2], "texture": "#0"},
				"up": {"uv": [0, 0, 3.75, 0], "texture": "#0"},
				"down": {"uv": [0, 0, 3.75, 0], "texture": "#0"}
			}
		}
	],
	"display": {
		"head": {
			"rotation": [-90, 0, 0],
			"translation": [6.75, -5.25, 1.25],
			"scale": [1.5, 1.5, 1.5]
		}
	},
	"groups": [
		{
			"name": "All",
			"origin": [8, 8, 8],
			"color": 0,
			"children": [
				{
					"name": "C",
					"origin": [8, 8, 8],
					"color": 0,
					"children": [0, 1, 2, 3, 4, 5, 6, 7, 8]
				}
			]
		}
	]
}