{
	"credit": "Made with Blockbench",
	"texture_size": [64, 64],
	"textures": {
		"0": "item/reaper/reaper_chaos"
	},
	"elements": [
		{
			"from": [18.5, 7.5, 9],
			"to": [22.5, 12.5, 10],
			"rotation": {"angle": -22.5, "axis": "z", "origin": [20.5, 10, 8]},
			"faces": {
				"north": {"uv": [0.5, 9.25, 1.5, 10.5], "rotation": 180, "texture": "#0"},
				"east": {"uv": [0.5, 10.25, 1.75, 10.5], "rotation": 270, "texture": "#0"},
				"south": {"uv": [0.5, 9.25, 1.5, 10.5], "texture": "#0"},
				"west": {"uv": [0.5, 10.25, 1.75, 10.5], "rotation": 90, "texture": "#0"},
				"up": {"uv": [0.5, 10.25, 1.5, 10.5], "rotation": 180, "texture": "#0"},
				"down": {"uv": [0.5, 10.25, 1.5, 10.5], "texture": "#0"}
			}
		},
		{
			"from": [19, 8, 10],
			"to": [22, 12, 11],
			"rotation": {"angle": -22.5, "axis": "z", "origin": [20.5, 10, 8]},
			"faces": {
				"north": {"uv": [1.5, 10.75, 2.25, 11.75], "rotation": 180, "texture": "#0"},
				"east": {"uv": [1, 10.75, 2, 11], "rotation": 270, "texture": "#0"},
				"south": {"uv": [2, 10.5, 2.75, 11.5], "texture": "#0"},
				"west": {"uv": [1.5, 10.75, 2.5, 11], "rotation": 90, "texture": "#0"},
				"up": {"uv": [1.5, 10.5, 2.25, 10.75], "rotation": 180, "texture": "#0"},
				"down": {"uv": [1.75, 10.5, 2.5, 10.75], "texture": "#0"}
			}
		},
		{
			"name": "RA",
			"from": [19, 8, -2],
			"to": [22, 12, 10],
			"rotation": {"angle": -22.5, "axis": "z", "origin": [20.5, 10, 8]},
			"faces": {
				"north": {"uv": [12.5, 4, 11.75, 5], "rotation": 180, "texture": "#0"},
				"east": {"uv": [10, 5, 11, 8], "rotation": 270, "texture": "#0"},
				"south": {"uv": [11.75, 5, 11, 4], "texture": "#0"},
				"west": {"uv": [11.75, 5, 12.75, 8], "rotation": 90, "texture": "#0"},
				"up": {"uv": [11, 5, 11.75, 8], "rotation": 180, "texture": "#0"},
				"down": {"uv": [12.75, 5, 13.5, 8], "texture": "#0"}
			}
		}
	],
	"display": {
		"head": {
			"translation": [-10.75, -11, 0],
			"scale": [1.5, 1.5, 1.5]
		}
	},
	"groups": [
		{
			"name": "All",
			"origin": [8, 8, 8],
			"color": 0,
			"children": [
				{
					"name": "RA",
					"origin": [0, 0, 0],
					"color": 0,
					"children": [0, 1, 2]
				}
			]
		}
	]
}