{
	"credit": "Made with Blockbench",
	"texture_size": [64, 64],
	"textures": {
		"0": "item/enemy/revived_giant_zombie",
		"particle": "item/enemy/revived_giant_zombie"
	},
	"elements": [
		{
			"from": [2, 27, 7],
			"to": [3, 32, 8],
			"rotation": {"angle": -22.5, "axis": "z", "origin": [0, 0, 0]},
			"faces": {
				"north": {"uv": [0, 0, 0.25, 1.25], "texture": "#0"},
				"east": {"uv": [0, 0, 0.25, 1.25], "texture": "#0"},
				"south": {"uv": [0, 0, 0.25, 1.25], "texture": "#0"},
				"west": {"uv": [0, 0, 0.25, 1.25], "texture": "#0"},
				"up": {"uv": [0, 0, 0.25, 0.25], "texture": "#0"},
				"down": {"uv": [0, 0, 0.25, 0.25], "texture": "#0"}
			}
		},
		{
			"from": [18, 14, 8],
			"to": [19, 19, 9],
			"rotation": {"angle": 45, "axis": "z", "origin": [0, 0, 0]},
			"faces": {
				"north": {"uv": [0, 0, 0.25, 1.25], "texture": "#0"},
				"east": {"uv": [0, 0, 0.25, 1.25], "texture": "#0"},
				"south": {"uv": [0, 0, 0.25, 1.25], "texture": "#0"},
				"west": {"uv": [0, 0, 0.25, 1.25], "texture": "#0"},
				"up": {"uv": [0, 0, 0.25, 0.25], "texture": "#0"},
				"down": {"uv": [0, 0, 0.25, 0.25], "texture": "#0"}
			}
		},
		{
			"name": "H",
			"from": [2, 16, 2],
			"to": [14, 28, 14],
			"rotation": {"angle": 0, "axis": "y", "origin": [8, 16, 8]},
			"faces": {
				"north": {"uv": [2, 2, 4, 4], "texture": "#0"},
				"east": {"uv": [0, 2, 2, 4], "texture": "#0"},
				"south": {"uv": [6, 2, 8, 4], "texture": "#0"},
				"west": {"uv": [4, 2, 6, 4], "texture": "#0"},
				"up": {"uv": [2, 0, 4, 2], "texture": "#0"},
				"down": {"uv": [4, 0, 6, 2], "texture": "#0"}
			}
		}
	],
	"display": {
		"head": {
			"translation": [0, -38.5, 0],
			"scale": [4, 4, 4]
		}
	},
	"groups": [
		{
			"name": "group",
			"origin": [0, 0, 0],
			"color": 0,
			"children": [
				{
					"name": "H",
					"origin": [8, 16, 8],
					"color": 0,
					"children": [0, 1, 2]
				}
			]
		}
	]
}