{
	"credit": "Made with Blockbench",
	"texture_size": [64, 64],
	"textures": {
		"0": "item/enemy/revived_giant_zombie",
		"particle": "item/enemy/revived_giant_zombie"
	},
	"elements": [
		{
			"name": "RL",
			"from": [8, -16, 5],
			"to": [14, 0, 11],
			"rotation": {"angle": 0, "axis": "y", "origin": [8, 3.66667, 8]},
			"faces": {
				"north": {"uv": [5, 13, 6, 16], "texture": "#0"},
				"east": {"uv": [4, 13, 5, 16], "texture": "#0"},
				"south": {"uv": [7, 13, 8, 16], "texture": "#0"},
				"west": {"uv": [6, 13, 7, 16], "texture": "#0"},
				"up": {"uv": [6, 13, 5, 12], "texture": "#0"},
				"down": {"uv": [7, 12, 6, 13], "texture": "#0"}
			}
		}
	],
	"display": {
		"head": {
			"translation": [0, 25.5, 0],
			"scale": [4, 4, 4]
		}
	},
	"groups": [
		{
			"name": "group",
			"origin": [0, 0, 0],
			"color": 0,
			"children": [0]
		}
	]
}