{
	"credit": "Made with Blockbench",
	"texture_size": [64, 64],
	"textures": {
		"0": "item/enemy/revived_giant_zombie",
		"particle": "item/enemy/revived_giant_zombie"
	},
	"elements": [
		{
			"name": "LL",
			"from": [2, -16, 5],
			"to": [8, 0, 11],
			"rotation": {"angle": 0, "axis": "y", "origin": [6, -6, 8]},
			"faces": {
				"north": {"uv": [1, 5, 2, 8], "texture": "#0"},
				"east": {"uv": [0, 5, 1, 8], "texture": "#0"},
				"south": {"uv": [3, 5, 4, 8], "texture": "#0"},
				"west": {"uv": [2, 5, 3, 8], "texture": "#0"},
				"up": {"uv": [2, 5, 1, 4], "texture": "#0"},
				"down": {"uv": [3, 4, 2, 5], "texture": "#0"}
			}
		},
		{
			"from": [4, -9, 5],
			"to": [5, -8, 10],
			"rotation": {"angle": 22.5, "axis": "x", "origin": [0, 0, 0]},
			"faces": {
				"north": {"uv": [0, 0, 0.25, 0.25], "rotation": 180, "texture": "#0"},
				"east": {"uv": [0, 0, 0.25, 1.25], "rotation": 90, "texture": "#0"},
				"south": {"uv": [0, 0, 0.25, 0.25], "texture": "#0"},
				"west": {"uv": [0, 0, 0.25, 1.25], "rotation": 270, "texture": "#0"},
				"up": {"uv": [0, 0, 0.25, 1.25], "texture": "#0"},
				"down": {"uv": [0, 0, 0.25, 1.25], "rotation": 180, "texture": "#0"}
			}
		}
	],
	"display": {
		"head": {
			"translation": [0, 25.5, 0],
			"scale": [4, 4, 4]
		}
	},
	"groups": [
		{
			"name": "group",
			"origin": [0, 0, 0],
			"color": 0,
			"children": [
				{
					"name": "LL",
					"origin": [0, 0, 0],
					"color": 0,
					"children": [0, 1]
				}
			]
		}
	]
}