{
	"credit": "Made with Blockbench",
	"texture_size": [64, 64],
	"textures": {
		"0": "item/enemy/sea_crystal",
		"particle": "item/enemy/sea_crystal"
	},
	"elements": [
		{
			"from": [4, 12, -5],
			"to": [12, 20, 3],
			"faces": {
				"north": {"uv": [2, 2, 4, 4], "texture": "#0"},
				"east": {"uv": [0, 2, 2, 4], "texture": "#0"},
				"south": {"uv": [6, 2, 8, 4], "texture": "#0"},
				"west": {"uv": [4, 2, 6, 4], "texture": "#0"},
				"up": {"uv": [4, 2, 2, 0], "texture": "#0"},
				"down": {"uv": [6, 0, 4, 2], "texture": "#0"}
			}
		},
		{
			"from": [4, -1, 2],
			"to": [12, 11, 6],
			"rotation": {"angle": -22.5, "axis": "x", "origin": [0, 0, 0]},
			"faces": {
				"north": {"uv": [5, 5, 7, 8], "texture": "#0"},
				"east": {"uv": [4, 5, 5, 8], "texture": "#0"},
				"south": {"uv": [8, 5, 10, 8], "texture": "#0"},
				"west": {"uv": [7, 5, 8, 8], "texture": "#0"},
				"up": {"uv": [7, 5, 5, 4], "texture": "#0"},
				"down": {"uv": [9, 4, 7, 5], "texture": "#0"}
			}
		},
		{
			"from": [0, 0, -3],
			"to": [4, 12, 1],
			"faces": {
				"north": {"uv": [11, 5, 12, 8], "texture": "#0"},
				"east": {"uv": [10, 5, 11, 8], "texture": "#0"},
				"south": {"uv": [13, 5, 14, 8], "texture": "#0"},
				"west": {"uv": [12, 5, 13, 8], "texture": "#0"},
				"up": {"uv": [12, 5, 11, 4], "texture": "#0"},
				"down": {"uv": [13, 4, 12, 5], "texture": "#0"}
			}
		},
		{
			"from": [5, 4, -3],
			"to": [9, 16, 1],
			"rotation": {"angle": 45, "axis": "x", "origin": [0, 0, 0]},
			"faces": {
				"north": {"uv": [11, 5, 12, 8], "texture": "#0"},
				"east": {"uv": [10, 5, 11, 8], "texture": "#0"},
				"south": {"uv": [13, 5, 14, 8], "texture": "#0"},
				"west": {"uv": [12, 5, 13, 8], "texture": "#0"},
				"up": {"uv": [12, 5, 11, 4], "texture": "#0"},
				"down": {"uv": [13, 4, 12, 5], "texture": "#0"}
			}
		},
		{
			"from": [7, 5, -2],
			"to": [11, 17, 2],
			"rotation": {"angle": 22.5, "axis": "x", "origin": [0, 0, 0]},
			"faces": {
				"north": {"uv": [11, 5, 12, 8], "texture": "#0"},
				"east": {"uv": [10, 5, 11, 8], "texture": "#0"},
				"south": {"uv": [13, 5, 14, 8], "texture": "#0"},
				"west": {"uv": [12, 5, 13, 8], "texture": "#0"},
				"up": {"uv": [12, 5, 11, 4], "texture": "#0"},
				"down": {"uv": [13, 4, 12, 5], "texture": "#0"}
			}
		},
		{
			"from": [9, 6, -1],
			"to": [11, 10, 1],
			"rotation": {"angle": 45, "axis": "x", "origin": [0, 0, 0]},
			"faces": {
				"north": {"uv": [6.5, 1, 7, 2], "texture": "#0"},
				"east": {"uv": [6, 1, 6.5, 2], "texture": "#0"},
				"south": {"uv": [7.5, 1, 8, 2], "texture": "#0"},
				"west": {"uv": [7, 1, 7.5, 2], "texture": "#0"},
				"up": {"uv": [7, 1, 6.5, 0.5], "texture": "#0"},
				"down": {"uv": [7.5, 0.5, 7, 1], "texture": "#0"}
			}
		},
		{
			"from": [6, 15, -2],
			"to": [8, 19, 0],
			"rotation": {"angle": 45, "axis": "x", "origin": [0, 0, 0]},
			"faces": {
				"north": {"uv": [6.5, 1, 7, 2], "texture": "#0"},
				"east": {"uv": [6, 1, 6.5, 2], "texture": "#0"},
				"south": {"uv": [7.5, 1, 8, 2], "texture": "#0"},
				"west": {"uv": [7, 1, 7.5, 2], "texture": "#0"},
				"up": {"uv": [7, 1, 6.5, 0.5], "texture": "#0"},
				"down": {"uv": [7.5, 0.5, 7, 1], "texture": "#0"}
			}
		},
		{
			"from": [8, 6, 1],
			"to": [10, 10, 3],
			"rotation": {"angle": 45, "axis": "x", "origin": [0, 0, 0]},
			"faces": {
				"north": {"uv": [6.5, 1, 7, 2], "texture": "#0"},
				"east": {"uv": [6, 1, 6.5, 2], "texture": "#0"},
				"south": {"uv": [7.5, 1, 8, 2], "texture": "#0"},
				"west": {"uv": [7, 1, 7.5, 2], "texture": "#0"},
				"up": {"uv": [7, 1, 6.5, 0.5], "texture": "#0"},
				"down": {"uv": [7.5, 0.5, 7, 1], "texture": "#0"}
			}
		},
		{
			"from": [7, 15, -2],
			"to": [9, 19, 0],
			"rotation": {"angle": -22.5, "axis": "z", "origin": [0, 0, 0]},
			"faces": {
				"north": {"uv": [6.5, 1, 7, 2], "texture": "#0"},
				"east": {"uv": [6, 1, 6.5, 2], "texture": "#0"},
				"south": {"uv": [7.5, 1, 8, 2], "texture": "#0"},
				"west": {"uv": [7, 1, 7.5, 2], "texture": "#0"},
				"up": {"uv": [7, 1, 6.5, 0.5], "texture": "#0"},
				"down": {"uv": [7.5, 0.5, 7, 1], "texture": "#0"}
			}
		},
		{
			"from": [-5, 19, 0],
			"to": [-3, 23, 2],
			"rotation": {"angle": -45, "axis": "z", "origin": [0, 0, 0]},
			"faces": {
				"north": {"uv": [6.5, 1, 7, 2], "texture": "#0"},
				"east": {"uv": [6, 1, 6.5, 2], "texture": "#0"},
				"south": {"uv": [7.5, 1, 8, 2], "texture": "#0"},
				"west": {"uv": [7, 1, 7.5, 2], "texture": "#0"},
				"up": {"uv": [7, 1, 6.5, 0.5], "texture": "#0"},
				"down": {"uv": [7.5, 0.5, 7, 1], "texture": "#0"}
			}
		},
		{
			"from": [13, 15, -3],
			"to": [15, 19, -1],
			"rotation": {"angle": 22.5, "axis": "z", "origin": [0, 0, 0]},
			"faces": {
				"north": {"uv": [6.5, 1, 7, 2], "texture": "#0"},
				"east": {"uv": [6, 1, 6.5, 2], "texture": "#0"},
				"south": {"uv": [7.5, 1, 8, 2], "texture": "#0"},
				"west": {"uv": [7, 1, 7.5, 2], "texture": "#0"},
				"up": {"uv": [7, 1, 6.5, 0.5], "texture": "#0"},
				"down": {"uv": [7.5, 0.5, 7, 1], "texture": "#0"}
			}
		},
		{
			"from": [12, 6, 0],
			"to": [14, 10, 2],
			"rotation": {"angle": 45, "axis": "z", "origin": [0, 0, 0]},
			"faces": {
				"north": {"uv": [6.5, 1, 7, 2], "texture": "#0"},
				"east": {"uv": [6, 1, 6.5, 2], "texture": "#0"},
				"south": {"uv": [7.5, 1, 8, 2], "texture": "#0"},
				"west": {"uv": [7, 1, 7.5, 2], "texture": "#0"},
				"up": {"uv": [7, 1, 6.5, 0.5], "texture": "#0"},
				"down": {"uv": [7.5, 0.5, 7, 1], "texture": "#0"}
			}
		},
		{
			"from": [5, 15, -2],
			"to": [7, 19, 0],
			"rotation": {"angle": -45, "axis": "z", "origin": [0, 0, 0]},
			"faces": {
				"north": {"uv": [6.5, 1, 7, 2], "texture": "#0"},
				"east": {"uv": [6, 1, 6.5, 2], "texture": "#0"},
				"south": {"uv": [7.5, 1, 8, 2], "texture": "#0"},
				"west": {"uv": [7, 1, 7.5, 2], "texture": "#0"},
				"up": {"uv": [7, 1, 6.5, 0.5], "texture": "#0"},
				"down": {"uv": [7.5, 0.5, 7, 1], "texture": "#0"}
			}
		},
		{
			"from": [5, 7, -5],
			"to": [7, 11, -3],
			"rotation": {"angle": 45, "axis": "x", "origin": [0, 0, 0]},
			"faces": {
				"north": {"uv": [6.5, 1, 7, 2], "texture": "#0"},
				"east": {"uv": [6, 1, 6.5, 2], "texture": "#0"},
				"south": {"uv": [7.5, 1, 8, 2], "texture": "#0"},
				"west": {"uv": [7, 1, 7.5, 2], "texture": "#0"},
				"up": {"uv": [7, 1, 6.5, 0.5], "texture": "#0"},
				"down": {"uv": [7.5, 0.5, 7, 1], "texture": "#0"}
			}
		},
		{
			"from": [6, 6, -2],
			"to": [8, 10, 0],
			"rotation": {"angle": 45, "axis": "z", "origin": [0, 0, 0]},
			"faces": {
				"north": {"uv": [6.5, 1, 7, 2], "texture": "#0"},
				"east": {"uv": [6, 1, 6.5, 2], "texture": "#0"},
				"south": {"uv": [7.5, 1, 8, 2], "texture": "#0"},
				"west": {"uv": [7, 1, 7.5, 2], "texture": "#0"},
				"up": {"uv": [7, 1, 6.5, 0.5], "texture": "#0"},
				"down": {"uv": [7.5, 0.5, 7, 1], "texture": "#0"}
			}
		},
		{
			"from": [3, 2, -2],
			"to": [5, 6, 0],
			"rotation": {"angle": 45, "axis": "z", "origin": [0, 0, 0]},
			"faces": {
				"north": {"uv": [6.5, 1, 7, 2], "texture": "#0"},
				"east": {"uv": [6, 1, 6.5, 2], "texture": "#0"},
				"south": {"uv": [7.5, 1, 8, 2], "texture": "#0"},
				"west": {"uv": [7, 1, 7.5, 2], "texture": "#0"},
				"up": {"uv": [7, 1, 6.5, 0.5], "texture": "#0"},
				"down": {"uv": [7.5, 0.5, 7, 1], "texture": "#0"}
			}
		},
		{
			"from": [12, 0, -3],
			"to": [16, 12, 1],
			"faces": {
				"north": {"uv": [11, 5, 12, 8], "texture": "#0"},
				"east": {"uv": [10, 5, 11, 8], "texture": "#0"},
				"south": {"uv": [13, 5, 14, 8], "texture": "#0"},
				"west": {"uv": [12, 5, 13, 8], "texture": "#0"},
				"up": {"uv": [12, 5, 11, 4], "texture": "#0"},
				"down": {"uv": [13, 4, 12, 5], "texture": "#0"}
			}
		},
		{
			"from": [4, -15, 3],
			"to": [8, -3, 7],
			"rotation": {"angle": -45, "axis": "x", "origin": [0, 0, 0]},
			"faces": {
				"north": {"uv": [9, 13, 10, 16], "texture": "#0"},
				"east": {"uv": [8, 13, 9, 16], "texture": "#0"},
				"south": {"uv": [11, 13, 12, 16], "texture": "#0"},
				"west": {"uv": [10, 13, 11, 16], "texture": "#0"},
				"up": {"uv": [10, 13, 9, 12], "texture": "#0"},
				"down": {"uv": [11, 12, 10, 13], "texture": "#0"}
			}
		},
		{
			"from": [8, -15, 2],
			"to": [12, -3, 6],
			"rotation": {"angle": -45, "axis": "x", "origin": [0, 0, 0]},
			"faces": {
				"north": {"uv": [9, 13, 10, 16], "texture": "#0"},
				"east": {"uv": [8, 13, 9, 16], "texture": "#0"},
				"south": {"uv": [11, 13, 12, 16], "texture": "#0"},
				"west": {"uv": [10, 13, 11, 16], "texture": "#0"},
				"up": {"uv": [10, 13, 9, 12], "texture": "#0"},
				"down": {"uv": [11, 12, 10, 13], "texture": "#0"}
			}
		}
	],
	"display": {
		"head": {
			"translation": [0, -9.25, 10],
			"scale": [2.5, 2.5, 2.5]
		}
	}
}