{
	"credit": "Made with Blockbench",
	"texture_size": [64, 64],
	"textures": {
		"0": "item/enemy/shield_zombie",
		"particle": "item/enemy/shield_zombie"
	},
	"elements": [
		{
			"from": [4, 15, 2],
			"to": [12, 23, 10],
			"faces": {
				"north": {"uv": [2, 2, 4, 4], "texture": "#0"},
				"east": {"uv": [0, 2, 2, 4], "texture": "#0"},
				"south": {"uv": [6, 2, 8, 4], "texture": "#0"},
				"west": {"uv": [4, 2, 6, 4], "texture": "#0"},
				"up": {"uv": [4, 2, 2, 0], "texture": "#0"},
				"down": {"uv": [6, 0, 4, 2], "texture": "#0"}
			}
		},
		{
			"from": [0, 4, 9],
			"to": [16, 12, 21],
			"rotation": {"angle": -22.5, "axis": "x", "origin": [0, 0, 0]},
			"faces": {
				"north": {"uv": [5, 5, 7, 7], "texture": "#0"},
				"east": {"uv": [4, 5, 5, 7], "texture": "#0"},
				"south": {"uv": [8, 5, 10, 7], "texture": "#0"},
				"west": {"uv": [7, 5, 8, 7], "texture": "#0"},
				"up": {"uv": [7, 5, 5, 4], "texture": "#0"},
				"down": {"uv": [9, 4, 7, 5], "texture": "#0"}
			}
		},
		{
			"from": [2, 3, 8],
			"to": [14, 11, 16],
			"faces": {
				"north": {"uv": [5, 6, 7, 8], "texture": "#0"},
				"east": {"uv": [4, 6, 5, 8], "texture": "#0"},
				"south": {"uv": [8, 6, 10, 8], "texture": "#0"},
				"west": {"uv": [7, 6, 8, 8], "texture": "#0"},
				"up": {"uv": [0, 0, 3, 2], "texture": "#0"},
				"down": {"uv": [1, 4, 2, 5], "texture": "#0"}
			}
		},
		{
			"from": [-6, 11, -3],
			"to": [0, 17, 12],
			"faces": {
				"north": {"uv": [10, 12, 11, 13], "rotation": 180, "texture": "#0"},
				"east": {"uv": [8, 13, 9, 16], "rotation": 270, "texture": "#0"},
				"south": {"uv": [9, 12, 10, 13], "texture": "#0"},
				"west": {"uv": [10, 13, 11, 16], "rotation": 90, "texture": "#0"},
				"up": {"uv": [9, 13, 10, 16], "rotation": 180, "texture": "#0"},
				"down": {"uv": [11, 13, 12, 16], "texture": "#0"}
			}
		},
		{
			"from": [16, 11, -3],
			"to": [22, 17, 12],
			"faces": {
				"north": {"uv": [12, 4, 13, 5], "rotation": 180, "texture": "#0"},
				"east": {"uv": [10, 5, 11, 8], "rotation": 270, "texture": "#0"},
				"south": {"uv": [11, 4, 12, 5], "texture": "#0"},
				"west": {"uv": [12, 5, 13, 8], "rotation": 90, "texture": "#0"},
				"up": {"uv": [11, 5, 12, 8], "rotation": 180, "texture": "#0"},
				"down": {"uv": [13, 5, 14, 8], "texture": "#0"}
			}
		},
		{
			"from": [-4, 13, 11],
			"to": [-3, 14, 16],
			"faces": {
				"north": {"uv": [6.5, 0, 6.75, 0.25], "rotation": 180, "texture": "#0"},
				"east": {"uv": [6.75, 0, 7, 1.25], "rotation": 270, "texture": "#0"},
				"south": {"uv": [7, 0, 7.25, 0.25], "texture": "#0"},
				"west": {"uv": [7.5, 0.25, 7.75, 1.5], "rotation": 90, "texture": "#0"},
				"up": {"uv": [7, 0.25, 7.25, 1.5], "rotation": 180, "texture": "#0"},
				"down": {"uv": [7, 0, 7.25, 1.25], "texture": "#0"}
			}
		},
		{
			"from": [12, 21, 0],
			"to": [13, 26, 1],
			"rotation": {"angle": 45, "axis": "x", "origin": [0, 0, 0]},
			"faces": {
				"north": {"uv": [7, 0.25, 7.25, 1.5], "texture": "#0"},
				"east": {"uv": [6.75, 0, 7, 1.25], "texture": "#0"},
				"south": {"uv": [7, 0, 7.25, 1.25], "texture": "#0"},
				"west": {"uv": [7.5, 0.25, 7.75, 1.5], "texture": "#0"},
				"up": {"uv": [7, 0, 7.25, 0.25], "texture": "#0"},
				"down": {"uv": [6.5, 0, 6.75, 0.25], "texture": "#0"}
			}
		},
		{
			"from": [12, -2, -7],
			"to": [13, 3, -6],
			"rotation": {"angle": 45, "axis": "x", "origin": [0, 0, 0]},
			"faces": {
				"north": {"uv": [7, 0.25, 7.25, 1.5], "texture": "#0"},
				"east": {"uv": [6.75, 0, 7, 1.25], "texture": "#0"},
				"south": {"uv": [7, 0, 7.25, 1.25], "texture": "#0"},
				"west": {"uv": [7.5, 0.25, 7.75, 1.5], "texture": "#0"},
				"up": {"uv": [7, 0, 7.25, 0.25], "texture": "#0"},
				"down": {"uv": [6.5, 0, 6.75, 0.25], "texture": "#0"}
			}
		},
		{
			"from": [4, 13, -2],
			"to": [5, 14, 3],
			"rotation": {"angle": -22.5, "axis": "x", "origin": [0, 0, 0]},
			"faces": {
				"north": {"uv": [6.5, 0, 6.75, 0.25], "rotation": 180, "texture": "#0"},
				"east": {"uv": [6.75, 0, 7, 1.25], "rotation": 270, "texture": "#0"},
				"south": {"uv": [7, 0, 7.25, 0.25], "texture": "#0"},
				"west": {"uv": [7.5, 0.25, 7.75, 1.5], "rotation": 90, "texture": "#0"},
				"up": {"uv": [7, 0.25, 7.25, 1.5], "rotation": 180, "texture": "#0"},
				"down": {"uv": [7, 0, 7.25, 1.25], "texture": "#0"}
			}
		},
		{
			"from": [15, 13, -15],
			"to": [16, 14, -10],
			"rotation": {"angle": 22.5, "axis": "x", "origin": [0, 0, 0]},
			"faces": {
				"north": {"uv": [6.5, 0, 6.75, 0.25], "rotation": 180, "texture": "#0"},
				"east": {"uv": [6.75, 0, 7, 1.25], "rotation": 270, "texture": "#0"},
				"south": {"uv": [7, 0, 7.25, 0.25], "texture": "#0"},
				"west": {"uv": [7.5, 0.25, 7.75, 1.5], "rotation": 90, "texture": "#0"},
				"up": {"uv": [7, 0.25, 7.25, 1.5], "rotation": 180, "texture": "#0"},
				"down": {"uv": [7, 0, 7.25, 1.25], "texture": "#0"}
			}
		},
		{
			"from": [4, 21, 2],
			"to": [5, 26, 3],
			"rotation": {"angle": 45, "axis": "x", "origin": [0, 0, 0]},
			"faces": {
				"north": {"uv": [7, 0.25, 7.25, 1.5], "texture": "#0"},
				"east": {"uv": [6.75, 0, 7, 1.25], "texture": "#0"},
				"south": {"uv": [7, 0, 7.25, 1.25], "texture": "#0"},
				"west": {"uv": [7.5, 0.25, 7.75, 1.5], "texture": "#0"},
				"up": {"uv": [7, 0, 7.25, 0.25], "texture": "#0"},
				"down": {"uv": [6.5, 0, 6.75, 0.25], "texture": "#0"}
			}
		},
		{
			"from": [4, -2, -4],
			"to": [22, 16, -3],
			"rotation": {"angle": 22.5, "axis": "z", "origin": [0, 0, 0]},
			"faces": {
				"north": {"uv": [0, 8, 4.5, 12.5], "texture": "#0"},
				"east": {"uv": [0, 8, 0.25, 12.5], "texture": "#0"},
				"south": {"uv": [0, 8, 4.5, 12.5], "texture": "#0"},
				"west": {"uv": [0, 8, 0.25, 12.5], "texture": "#0"},
				"up": {"uv": [0, 8, 4.5, 8.25], "texture": "#0"},
				"down": {"uv": [0, 8, 4.5, 8.25], "texture": "#0"}
			}
		}
	],
	"display": {
		"head": {
			"translation": [0, -14.5, -7.25],
			"scale": [2, 2, 2]
		}
	},
	"groups": [0, 1, 2,
		{
			"name": "group",
			"origin": [0, 0, 0],
			"color": 0,
			"children": [3, 4, 5]
		}, 6, 7, 8, 9, 10, 11]
}