{
	"credit": "Made with Blockbench",
	"texture_size": [64, 64],
	"textures": {
		"0": "item/reaper/reaper_chaos",
		"2": "item/enemy/soul_line",
		"particle": "item/enemy/summon_soul",
		"1_0": "item/enemy/summon_soul"
	},
	"elements": [
		{
			"from": [-5, -16, 8],
			"to": [-1, 29, 8],
			"rotation": {"angle": -22.5, "axis": "z", "origin": [0, 0, 0]},
			"faces": {
				"north": {"uv": [0, 0, 16, 16], "rotation": 90, "texture": "#2"},
				"east": {"uv": [0, 0, 0.25, 6], "texture": "#2"},
				"south": {"uv": [0, 0, 16, 16], "rotation": 90, "texture": "#2"},
				"west": {"uv": [0, 0, 0.25, 6], "texture": "#2"},
				"up": {"uv": [0, 0, 1.75, 0.25], "rotation": 180, "texture": "#2"},
				"down": {"uv": [0, 0, 1.75, 0.25], "rotation": 180, "texture": "#2"}
			}
		},
		{
			"from": [-3, -16, 6],
			"to": [-3, 29, 10],
			"rotation": {"angle": -22.5, "axis": "z", "origin": [0, 0, 0]},
			"faces": {
				"north": {"uv": [0, 0, 0.25, 6], "texture": "#2"},
				"east": {"uv": [0, 0, 16, 16], "rotation": 90, "texture": "#2"},
				"south": {"uv": [0, 0, 0.25, 6], "texture": "#2"},
				"west": {"uv": [0, 0, 16, 16], "rotation": 90, "texture": "#2"},
				"up": {"uv": [0, 0, 1.75, 0.25], "rotation": 270, "texture": "#2"},
				"down": {"uv": [0, 0, 1.75, 0.25], "rotation": 90, "texture": "#2"}
			}
		},
		{
			"from": [6, -15.03558, 17.01252],
			"to": [10, 29.96442, 17.01252],
			"rotation": {"angle": -22.5, "axis": "x", "origin": [8, 5.96442, 17.01252]},
			"faces": {
				"north": {"uv": [0, 0, 16, 16], "rotation": 90, "texture": "#2"},
				"east": {"uv": [0, 0, 0.25, 6], "texture": "#2"},
				"south": {"uv": [0, 0, 16, 16], "rotation": 90, "texture": "#2"},
				"west": {"uv": [0, 0, 0.25, 6], "texture": "#2"},
				"up": {"uv": [0, 0, 1.75, 0.25], "texture": "#2"},
				"down": {"uv": [0, 0, 1.75, 0.25], "texture": "#2"}
			}
		},
		{
			"from": [8, -15.03558, 15.01252],
			"to": [8, 29.96442, 19.01252],
			"rotation": {"angle": -22.5, "axis": "x", "origin": [8, 5.96442, 17.01252]},
			"faces": {
				"north": {"uv": [0, 0, 0.25, 6], "texture": "#2"},
				"east": {"uv": [0, 0, 16, 16], "rotation": 90, "texture": "#2"},
				"south": {"uv": [0, 0, 0.25, 6], "texture": "#2"},
				"west": {"uv": [0, 0, 16, 16], "rotation": 90, "texture": "#2"},
				"up": {"uv": [0, 0, 1.75, 0.25], "rotation": 270, "texture": "#2"},
				"down": {"uv": [0, 0, 1.75, 0.25], "rotation": 90, "texture": "#2"}
			}
		},
		{
			"from": [8, -16, -5],
			"to": [8, 29, -1],
			"rotation": {"angle": 22.5, "axis": "x", "origin": [0, 0, 0]},
			"faces": {
				"north": {"uv": [0, 0, 0.25, 6], "texture": "#2"},
				"east": {"uv": [0, 0, 16, 16], "rotation": 90, "texture": "#2"},
				"south": {"uv": [0, 0, 0.25, 6], "texture": "#2"},
				"west": {"uv": [0, 0, 16, 16], "rotation": 90, "texture": "#2"},
				"up": {"uv": [0, 0, 1.75, 0.25], "rotation": 270, "texture": "#2"},
				"down": {"uv": [0, 0, 1.75, 0.25], "rotation": 90, "texture": "#2"}
			}
		},
		{
			"from": [6, -16, -3],
			"to": [10, 29, -3],
			"rotation": {"angle": 22.5, "axis": "x", "origin": [0, 0, 0]},
			"faces": {
				"north": {"uv": [0, 0, 16, 16], "rotation": 90, "texture": "#2"},
				"east": {"uv": [0, 0, 0.25, 6], "texture": "#2"},
				"south": {"uv": [0, 0, 16, 16], "rotation": 90, "texture": "#2"},
				"west": {"uv": [0, 0, 0.25, 6], "texture": "#2"},
				"up": {"uv": [0, 0, 1.75, 0.25], "texture": "#2"},
				"down": {"uv": [0, 0, 1.75, 0.25], "texture": "#2"}
			}
		},
		{
			"from": [17.01252, -15.03558, 6],
			"to": [17.01252, 29.96442, 10],
			"rotation": {"angle": 22.5, "axis": "z", "origin": [17.01252, 5.96442, 8]},
			"faces": {
				"north": {"uv": [0, 0, 0.25, 6], "texture": "#2"},
				"east": {"uv": [0, 0, 16, 16], "rotation": 90, "texture": "#2"},
				"south": {"uv": [0, 0, 0.25, 6], "texture": "#2"},
				"west": {"uv": [0, 0, 16, 16], "rotation": 90, "texture": "#2"},
				"up": {"uv": [0, 0, 1.75, 0.25], "rotation": 270, "texture": "#2"},
				"down": {"uv": [0, 0, 1.75, 0.25], "rotation": 90, "texture": "#2"}
			}
		},
		{
			"from": [15.01252, -15.03558, 8],
			"to": [19.01252, 29.96442, 8],
			"rotation": {"angle": 22.5, "axis": "z", "origin": [17.01252, 5.96442, 8]},
			"faces": {
				"north": {"uv": [0, 0, 16, 16], "rotation": 90, "texture": "#2"},
				"east": {"uv": [0, 0, 0.25, 6], "texture": "#2"},
				"south": {"uv": [0, 0, 16, 16], "rotation": 90, "texture": "#2"},
				"west": {"uv": [0, 0, 0.25, 6], "texture": "#2"},
				"up": {"uv": [0, 0, 1.75, 0.25], "rotation": 180, "texture": "#2"},
				"down": {"uv": [0, 0, 1.75, 0.25], "rotation": 180, "texture": "#2"}
			}
		},
		{
			"from": [-16, -13, -16],
			"to": [32, -13, 32],
			"faces": {
				"north": {"uv": [0, 0, 16, 0], "texture": "#missing"},
				"east": {"uv": [0, 0, 16, 0], "texture": "#missing"},
				"south": {"uv": [0, 0, 16, 0], "texture": "#missing"},
				"west": {"uv": [0, 0, 16, 0], "texture": "#missing"},
				"up": {"uv": [0, 0, 16, 16], "texture": "#1_0"},
				"down": {"uv": [0, 0, 16, 16], "texture": "#1_0"}
			}
		},
		{
			"from": [6, 23, 6],
			"to": [10, 24, 10],
			"rotation": {"angle": 0, "axis": "y", "origin": [-17, 23, 6]},
			"faces": {
				"north": {"uv": [4, 9.5, 5, 9.75], "texture": "#0"},
				"east": {"uv": [4, 9.5, 5, 9.75], "texture": "#0"},
				"south": {"uv": [4, 9.5, 5, 9.75], "texture": "#0"},
				"west": {"uv": [4, 9.5, 5, 9.75], "texture": "#0"},
				"up": {"uv": [4, 8.75, 5, 9.75], "texture": "#0"},
				"down": {"uv": [4, 8.75, 5, 9.75], "texture": "#0"}
			}
		},
		{
			"from": [6, 28, 6],
			"to": [10, 29, 10],
			"rotation": {"angle": 0, "axis": "y", "origin": [-17, 23, 6]},
			"faces": {
				"north": {"uv": [4, 9.5, 5, 9.75], "texture": "#0"},
				"east": {"uv": [4, 9.5, 5, 9.75], "texture": "#0"},
				"south": {"uv": [4, 9.5, 5, 9.75], "texture": "#0"},
				"west": {"uv": [4, 9.5, 5, 9.75], "texture": "#0"},
				"up": {"uv": [4, 8.75, 5, 9.75], "texture": "#0"},
				"down": {"uv": [4, 8.75, 5, 9.75], "texture": "#0"}
			}
		},
		{
			"from": [6.5, 29, 6.5],
			"to": [9.5, 30, 9.5],
			"rotation": {"angle": 0, "axis": "y", "origin": [-17, 23, 6]},
			"faces": {
				"north": {"uv": [4, 9.5, 5, 9.75], "texture": "#0"},
				"east": {"uv": [4, 9.5, 5, 9.75], "texture": "#0"},
				"south": {"uv": [4, 9.5, 5, 9.75], "texture": "#0"},
				"west": {"uv": [4, 9.5, 5, 9.75], "texture": "#0"},
				"up": {"uv": [4, 8.75, 5, 9.75], "texture": "#0"},
				"down": {"uv": [4, 8.75, 5, 9.75], "texture": "#0"}
			}
		},
		{
			"from": [8, 29.5, 7.5],
			"to": [10, 31.5, 8.5],
			"rotation": {"angle": 45, "axis": "z", "origin": [8, 29.5, 8]},
			"faces": {
				"north": {"uv": [4, 8.75, 5, 9.75], "rotation": 180, "texture": "#0"},
				"east": {"uv": [4, 9.5, 5, 9.75], "rotation": 270, "texture": "#0"},
				"south": {"uv": [4, 8.75, 5, 9.75], "texture": "#0"},
				"west": {"uv": [4, 9.5, 5, 9.75], "rotation": 90, "texture": "#0"},
				"up": {"uv": [4, 9.5, 5, 9.75], "rotation": 180, "texture": "#0"},
				"down": {"uv": [4, 9.5, 5, 9.75], "texture": "#0"}
			}
		},
		{
			"from": [7, 24, 7],
			"to": [9, 28, 9],
			"rotation": {"angle": 0, "axis": "y", "origin": [-17, 23, 6]},
			"faces": {
				"north": {"uv": [5, 8.75, 5.5, 9.75], "texture": "#0"},
				"east": {"uv": [5, 8.75, 5.5, 9.75], "texture": "#0"},
				"south": {"uv": [5, 8.75, 5.5, 9.75], "texture": "#0"},
				"west": {"uv": [5, 8.75, 5.5, 9.75], "texture": "#0"},
				"up": {"uv": [5, 8.25, 5.5, 8.75], "texture": "#0"},
				"down": {"uv": [5, 8.25, 5.5, 8.75], "texture": "#0"}
			}
		},
		{
			"from": [6.25, 24, 6.25],
			"to": [7.25, 28, 7.25],
			"rotation": {"angle": 0, "axis": "y", "origin": [-17, 23, 6]},
			"faces": {
				"north": {"uv": [4, 8.75, 4.25, 9.75], "texture": "#0"},
				"east": {"uv": [4, 8.75, 4.25, 9.75], "texture": "#0"},
				"south": {"uv": [4, 8.75, 4.25, 9.75], "texture": "#0"},
				"west": {"uv": [4, 8.75, 4.25, 9.75], "texture": "#0"},
				"up": {"uv": [4, 8.75, 4.25, 9], "texture": "#0"},
				"down": {"uv": [4, 9.5, 4.25, 9.75], "texture": "#0"}
			}
		},
		{
			"from": [8.75, 24, 6.25],
			"to": [9.75, 28, 7.25],
			"rotation": {"angle": 0, "axis": "y", "origin": [-17, 23, 6]},
			"faces": {
				"north": {"uv": [4, 8.75, 4.25, 9.75], "texture": "#0"},
				"east": {"uv": [4, 8.75, 4.25, 9.75], "texture": "#0"},
				"south": {"uv": [4, 8.75, 4.25, 9.75], "texture": "#0"},
				"west": {"uv": [4, 8.75, 4.25, 9.75], "texture": "#0"},
				"up": {"uv": [4, 8.75, 4.25, 9], "texture": "#0"},
				"down": {"uv": [4, 9.5, 4.25, 9.75], "texture": "#0"}
			}
		},
		{
			"from": [8.75, 24, 8.75],
			"to": [9.75, 28, 9.75],
			"rotation": {"angle": 0, "axis": "y", "origin": [-17, 23, 6]},
			"faces": {
				"north": {"uv": [4, 8.75, 4.25, 9.75], "texture": "#0"},
				"east": {"uv": [4, 8.75, 4.25, 9.75], "texture": "#0"},
				"south": {"uv": [4, 8.75, 4.25, 9.75], "texture": "#0"},
				"west": {"uv": [4, 8.75, 4.25, 9.75], "texture": "#0"},
				"up": {"uv": [4, 8.75, 4.25, 9], "texture": "#0"},
				"down": {"uv": [4, 9.5, 4.25, 9.75], "texture": "#0"}
			}
		},
		{
			"from": [6.25, 24, 8.75],
			"to": [7.25, 28, 9.75],
			"rotation": {"angle": 0, "axis": "y", "origin": [-17, 23, 6]},
			"faces": {
				"north": {"uv": [4, 8.75, 4.25, 9.75], "texture": "#0"},
				"east": {"uv": [4, 8.75, 4.25, 9.75], "texture": "#0"},
				"south": {"uv": [4, 8.75, 4.25, 9.75], "texture": "#0"},
				"west": {"uv": [4, 8.75, 4.25, 9.75], "texture": "#0"},
				"up": {"uv": [4, 8.75, 4.25, 9], "texture": "#0"},
				"down": {"uv": [4, 9.5, 4.25, 9.75], "texture": "#0"}
			}
		}
	],
	"display": {
		"head": {
			"translation": [0, -60, 0],
			"scale": [2, 2, 2]
		}
	},
	"groups": [
		{
			"name": "All",
			"origin": [8, 8, 8],
			"color": 0,
			"children": [
				{
					"name": "group",
					"origin": [0, 0, 0],
					"color": 0,
					"children": [
						{
							"name": "group",
							"origin": [0, 0, 0],
							"color": 0,
							"children": [0, 1]
						},
						{
							"name": "group",
							"origin": [0, 0, 0],
							"color": 0,
							"children": [2, 3]
						},
						{
							"name": "group",
							"origin": [0, 0, 0],
							"color": 0,
							"children": [4, 5]
						},
						{
							"name": "group",
							"origin": [0, 0, 0],
							"color": 0,
							"children": [6, 7]
						}
					]
				},
				{
					"name": "summon_soul",
					"origin": [8, 8, 8],
					"color": 0,
					"children": [8,
						{
							"name": "group",
							"origin": [0, 0, 0],
							"color": 0,
							"children": []
						}
					]
				},
				{
					"name": "L",
					"origin": [8, 8, 8],
					"color": 0,
					"children": [9, 10, 11, 12, 13, 14, 15, 16, 17]
				}
			]
		}
	]
}