{
	"credit": "Made with Blockbench",
	"texture_size": [64, 64],
	"textures": {
		"0": "item/enemy/tank_skeleton",
		"particle": "item/enemy/tank_skeleton"
	},
	"elements": [
		{
			"from": [4, 16, 4],
			"to": [12, 24, 12],
			"faces": {
				"north": {"uv": [2, 2, 4, 4], "texture": "#0"},
				"east": {"uv": [0, 2, 2, 4], "texture": "#0"},
				"south": {"uv": [6, 2, 8, 4], "texture": "#0"},
				"west": {"uv": [4, 2, 6, 4], "texture": "#0"},
				"up": {"uv": [4, 2, 2, 0], "texture": "#0"},
				"down": {"uv": [6, 0, 4, 2], "texture": "#0"}
			}
		},
		{
			"from": [3.8, 15.9, 3.8],
			"to": [12.2, 18.9, 12.2],
			"faces": {
				"north": {"uv": [2, 10, 4, 10.75], "texture": "#0"},
				"east": {"uv": [0, 10, 2, 10.75], "texture": "#0"},
				"south": {"uv": [6, 10, 8, 10.75], "texture": "#0"},
				"west": {"uv": [4, 10, 6, 10.75], "texture": "#0"},
				"up": {"uv": [4, 10, 2, 8], "texture": "#0"},
				"down": {"uv": [6, 8, 4, 10], "texture": "#0"}
			}
		},
		{
			"from": [0, 9, 18],
			"to": [16, 11, 20],
			"rotation": {"angle": -22.5, "axis": "x", "origin": [0, 0, 0]},
			"faces": {
				"north": {"uv": [8, 2, 12, 2.5], "texture": "#0"},
				"east": {"uv": [8.5, 2.5, 9, 3], "texture": "#0"},
				"south": {"uv": [8, 2, 12, 2.5], "texture": "#0"},
				"west": {"uv": [8, 2.5, 8.5, 3], "texture": "#0"},
				"up": {"uv": [12, 2.5, 8, 2], "texture": "#0"},
				"down": {"uv": [12, 2, 8, 2.5], "texture": "#0"}
			}
		},
		{
			"from": [1, 9, 8],
			"to": [7, 11, 10],
			"rotation": {"angle": -22.5, "axis": "x", "origin": [0, 0, 0]},
			"faces": {
				"north": {"uv": [8, 2, 9.5, 2.5], "texture": "#0"},
				"east": {"uv": [8.5, 2.5, 9, 3], "texture": "#0"},
				"south": {"uv": [8, 2, 9.5, 2.5], "texture": "#0"},
				"west": {"uv": [8, 2.5, 8.5, 3], "texture": "#0"},
				"up": {"uv": [9.5, 2.5, 8, 2], "texture": "#0"},
				"down": {"uv": [9.5, 2, 8, 2.5], "texture": "#0"}
			}
		},
		{
			"from": [1, 6, 8],
			"to": [7, 8, 10],
			"rotation": {"angle": -22.5, "axis": "x", "origin": [0, 0, 0]},
			"faces": {
				"north": {"uv": [8, 2, 9.5, 2.5], "texture": "#0"},
				"east": {"uv": [8.5, 2.5, 9, 3], "texture": "#0"},
				"south": {"uv": [8, 2, 9.5, 2.5], "texture": "#0"},
				"west": {"uv": [8, 2.5, 8.5, 3], "texture": "#0"},
				"up": {"uv": [9.5, 2.5, 8, 2], "texture": "#0"},
				"down": {"uv": [9.5, 2, 8, 2.5], "texture": "#0"}
			}
		},
		{
			"from": [1, 3, 8],
			"to": [7, 5, 10],
			"rotation": {"angle": -22.5, "axis": "x", "origin": [0, 0, 0]},
			"faces": {
				"north": {"uv": [8, 2, 9.5, 2.5], "texture": "#0"},
				"east": {"uv": [8.5, 2.5, 9, 3], "texture": "#0"},
				"south": {"uv": [8, 2, 9.5, 2.5], "texture": "#0"},
				"west": {"uv": [8, 2.5, 8.5, 3], "texture": "#0"},
				"up": {"uv": [9.5, 2.5, 8, 2], "texture": "#0"},
				"down": {"uv": [9.5, 2, 8, 2.5], "texture": "#0"}
			}
		},
		{
			"from": [9, 9, 8],
			"to": [15, 11, 10],
			"rotation": {"angle": -22.5, "axis": "x", "origin": [0, 0, 0]},
			"faces": {
				"north": {"uv": [8, 2, 9.5, 2.5], "texture": "#0"},
				"east": {"uv": [8.5, 2.5, 9, 3], "texture": "#0"},
				"south": {"uv": [8, 2, 9.5, 2.5], "texture": "#0"},
				"west": {"uv": [8, 2.5, 8.5, 3], "texture": "#0"},
				"up": {"uv": [9.5, 2.5, 8, 2], "texture": "#0"},
				"down": {"uv": [9.5, 2, 8, 2.5], "texture": "#0"}
			}
		},
		{
			"from": [9, 6, 8],
			"to": [15, 8, 10],
			"rotation": {"angle": -22.5, "axis": "x", "origin": [0, 0, 0]},
			"faces": {
				"north": {"uv": [8, 2, 9.5, 2.5], "texture": "#0"},
				"east": {"uv": [8.5, 2.5, 9, 3], "texture": "#0"},
				"south": {"uv": [8, 2, 9.5, 2.5], "texture": "#0"},
				"west": {"uv": [8, 2.5, 8.5, 3], "texture": "#0"},
				"up": {"uv": [9.5, 2.5, 8, 2], "texture": "#0"},
				"down": {"uv": [9.5, 2, 8, 2.5], "texture": "#0"}
			}
		},
		{
			"from": [9, 3, 8],
			"to": [15, 5, 10],
			"rotation": {"angle": -22.5, "axis": "x", "origin": [0, 0, 0]},
			"faces": {
				"north": {"uv": [8, 2, 9.5, 2.5], "texture": "#0"},
				"east": {"uv": [8.5, 2.5, 9, 3], "texture": "#0"},
				"south": {"uv": [8, 2, 9.5, 2.5], "texture": "#0"},
				"west": {"uv": [8, 2.5, 8.5, 3], "texture": "#0"},
				"up": {"uv": [9.5, 2.5, 8, 2], "texture": "#0"},
				"down": {"uv": [9.5, 2, 8, 2.5], "texture": "#0"}
			}
		},
		{
			"from": [0, 9, 10],
			"to": [2, 11, 18],
			"rotation": {"angle": -22.5, "axis": "x", "origin": [0, 0, 0]},
			"faces": {
				"north": {"uv": [8, 2, 8.5, 2.5], "texture": "#0"},
				"east": {"uv": [8, 2, 10, 2.5], "texture": "#0"},
				"south": {"uv": [8, 2, 8.5, 2.5], "texture": "#0"},
				"west": {"uv": [8, 2, 10, 2.5], "texture": "#0"},
				"up": {"uv": [8.5, 4, 8, 2], "texture": "#0"},
				"down": {"uv": [8.5, 2, 8, 4], "texture": "#0"}
			}
		},
		{
			"from": [0, 6, 10],
			"to": [2, 8, 18],
			"rotation": {"angle": -22.5, "axis": "x", "origin": [0, 0, 0]},
			"faces": {
				"north": {"uv": [8, 2, 8.5, 2.5], "texture": "#0"},
				"east": {"uv": [8, 2, 10, 2.5], "texture": "#0"},
				"south": {"uv": [8, 2, 8.5, 2.5], "texture": "#0"},
				"west": {"uv": [8, 2, 10, 2.5], "texture": "#0"},
				"up": {"uv": [8.5, 4, 8, 2], "texture": "#0"},
				"down": {"uv": [8.5, 2, 8, 4], "texture": "#0"}
			}
		},
		{
			"from": [0, 3, 10],
			"to": [2, 5, 18],
			"rotation": {"angle": -22.5, "axis": "x", "origin": [0, 0, 0]},
			"faces": {
				"north": {"uv": [8, 2, 8.5, 2.5], "texture": "#0"},
				"east": {"uv": [8, 2, 10, 2.5], "texture": "#0"},
				"south": {"uv": [8, 2, 8.5, 2.5], "texture": "#0"},
				"west": {"uv": [8, 2, 10, 2.5], "texture": "#0"},
				"up": {"uv": [8.5, 4, 8, 2], "texture": "#0"},
				"down": {"uv": [8.5, 2, 8, 4], "texture": "#0"}
			}
		},
		{
			"from": [14, 9, 10],
			"to": [16, 11, 18],
			"rotation": {"angle": -22.5, "axis": "x", "origin": [0, 0, 0]},
			"faces": {
				"north": {"uv": [8, 2, 8.5, 2.5], "texture": "#0"},
				"east": {"uv": [8, 2, 10, 2.5], "texture": "#0"},
				"south": {"uv": [8, 2, 8.5, 2.5], "texture": "#0"},
				"west": {"uv": [8, 2, 10, 2.5], "texture": "#0"},
				"up": {"uv": [8.5, 4, 8, 2], "texture": "#0"},
				"down": {"uv": [8.5, 2, 8, 4], "texture": "#0"}
			}
		},
		{
			"from": [14, 6, 10],
			"to": [16, 8, 18],
			"rotation": {"angle": -22.5, "axis": "x", "origin": [0, 0, 0]},
			"faces": {
				"north": {"uv": [8, 2, 8.5, 2.5], "texture": "#0"},
				"east": {"uv": [8, 2, 10, 2.5], "texture": "#0"},
				"south": {"uv": [8, 2, 8.5, 2.5], "texture": "#0"},
				"west": {"uv": [8, 2, 10, 2.5], "texture": "#0"},
				"up": {"uv": [8.5, 4, 8, 2], "texture": "#0"},
				"down": {"uv": [8.5, 2, 8, 4], "texture": "#0"}
			}
		},
		{
			"from": [14, 3, 10],
			"to": [16, 5, 18],
			"rotation": {"angle": -22.5, "axis": "x", "origin": [0, 0, 0]},
			"faces": {
				"north": {"uv": [8, 2, 8.5, 2.5], "texture": "#0"},
				"east": {"uv": [8, 2, 10, 2.5], "texture": "#0"},
				"south": {"uv": [8, 2, 8.5, 2.5], "texture": "#0"},
				"west": {"uv": [8, 2, 10, 2.5], "texture": "#0"},
				"up": {"uv": [8.5, 4, 8, 2], "texture": "#0"},
				"down": {"uv": [8.5, 2, 8, 4], "texture": "#0"}
			}
		},
		{
			"from": [0, 6, 18],
			"to": [16, 8, 20],
			"rotation": {"angle": -22.5, "axis": "x", "origin": [0, 0, 0]},
			"faces": {
				"north": {"uv": [8, 2, 12, 2.5], "texture": "#0"},
				"east": {"uv": [8.5, 2.5, 9, 3], "texture": "#0"},
				"south": {"uv": [8, 2, 12, 2.5], "texture": "#0"},
				"west": {"uv": [8, 2.5, 8.5, 3], "texture": "#0"},
				"up": {"uv": [12, 2.5, 8, 2], "texture": "#0"},
				"down": {"uv": [12, 2, 8, 2.5], "texture": "#0"}
			}
		},
		{
			"from": [0, 3, 18],
			"to": [16, 5, 20],
			"rotation": {"angle": -22.5, "axis": "x", "origin": [0, 0, 0]},
			"faces": {
				"north": {"uv": [8, 2, 12, 2.5], "texture": "#0"},
				"east": {"uv": [8.5, 2.5, 9, 3], "texture": "#0"},
				"south": {"uv": [8, 2, 12, 2.5], "texture": "#0"},
				"west": {"uv": [8, 2.5, 8.5, 3], "texture": "#0"},
				"up": {"uv": [12, 2.5, 8, 2], "texture": "#0"},
				"down": {"uv": [12, 2, 8, 2.5], "texture": "#0"}
			}
		},
		{
			"from": [6, 4, 17],
			"to": [10, 12, 21],
			"rotation": {"angle": -22.5, "axis": "x", "origin": [0, 0, 0]},
			"faces": {
				"north": {"uv": [9, 2, 10, 4], "texture": "#0"},
				"east": {"uv": [8, 2, 9, 4], "texture": "#0"},
				"south": {"uv": [11, 2, 12, 4], "texture": "#0"},
				"west": {"uv": [10, 2, 11, 4], "texture": "#0"},
				"up": {"uv": [10, 2, 9, 1], "texture": "#0"},
				"down": {"uv": [11, 1, 10, 2], "texture": "#0"}
			}
		},
		{
			"from": [6.1, 3.1, 14],
			"to": [9.9, 11.1, 18],
			"faces": {
				"north": {"uv": [9, 2, 10, 4], "texture": "#0"},
				"east": {"uv": [8, 2, 9, 4], "texture": "#0"},
				"south": {"uv": [11, 2, 12, 4], "texture": "#0"},
				"west": {"uv": [10, 2, 11, 4], "texture": "#0"},
				"up": {"uv": [10, 2, 9, 1], "texture": "#0"},
				"down": {"uv": [11, 1, 10, 2], "texture": "#0"}
			}
		},
		{
			"from": [2, 3, 8],
			"to": [14, 5, 16],
			"faces": {
				"north": {"uv": [12, 4, 15, 4.5], "texture": "#0"},
				"east": {"uv": [12, 4, 14, 4.5], "texture": "#0"},
				"south": {"uv": [12, 4, 15, 4.5], "texture": "#0"},
				"west": {"uv": [12, 4, 14, 4.5], "texture": "#0"},
				"up": {"uv": [12, 2, 15, 4], "texture": "#0"},
				"down": {"uv": [12, 2, 15, 4], "texture": "#0"}
			}
		},
		{
			"from": [-4, 12, 3],
			"to": [0, 16, 13],
			"rotation": {"angle": -22.5, "axis": "y", "origin": [8, 0, 10]},
			"faces": {
				"north": {"uv": [2, 4, 3, 5], "rotation": 180, "texture": "#0"},
				"east": {"uv": [0, 5, 1, 7.5], "rotation": 270, "texture": "#0"},
				"south": {"uv": [1, 4, 2, 5], "texture": "#0"},
				"west": {"uv": [2, 5, 3, 7.5], "rotation": 90, "texture": "#0"},
				"up": {"uv": [1, 5, 2, 7.5], "rotation": 180, "texture": "#0"},
				"down": {"uv": [3, 5, 4, 7.5], "texture": "#0"}
			}
		},
		{
			"from": [-5, 12.2, -3],
			"to": [-1, 16.2, 7],
			"rotation": {"angle": -45, "axis": "y", "origin": [8, 0, 10]},
			"faces": {
				"north": {"uv": [2, 4, 3, 5], "rotation": 180, "texture": "#0"},
				"east": {"uv": [0, 5, 1, 7.5], "rotation": 270, "texture": "#0"},
				"south": {"uv": [1, 4, 2, 5], "texture": "#0"},
				"west": {"uv": [2, 5, 3, 7.5], "rotation": 90, "texture": "#0"},
				"up": {"uv": [1, 5, 2, 7.5], "rotation": 180, "texture": "#0"},
				"down": {"uv": [3, 5, 4, 7.5], "texture": "#0"}
			}
		},
		{
			"from": [16, 12, 0],
			"to": [20, 16, 10],
			"rotation": {"angle": 0, "axis": "x", "origin": [8, 0, 10]},
			"faces": {
				"north": {"uv": [2, 4, 3, 5], "texture": "#0"},
				"east": {"uv": [2, 5, 3, 7.5], "rotation": 270, "texture": "#0"},
				"south": {"uv": [1, 4, 2, 5], "rotation": 180, "texture": "#0"},
				"west": {"uv": [0, 5, 1, 7.5], "rotation": 90, "texture": "#0"},
				"up": {"uv": [3, 5, 4, 7.5], "rotation": 180, "texture": "#0"},
				"down": {"uv": [1, 5, 2, 7.5], "texture": "#0"}
			}
		},
		{
			"from": [19, 11.9, -5],
			"to": [23, 15.9, 5],
			"rotation": {"angle": 22.5, "axis": "y", "origin": [8, 0, 10]},
			"faces": {
				"north": {"uv": [2, 4, 3, 5], "texture": "#0"},
				"east": {"uv": [2, 5, 3, 7.5], "rotation": 270, "texture": "#0"},
				"south": {"uv": [1, 4, 2, 5], "rotation": 180, "texture": "#0"},
				"west": {"uv": [0, 5, 1, 7.5], "rotation": 90, "texture": "#0"},
				"up": {"uv": [3, 5, 4, 7.5], "rotation": 180, "texture": "#0"},
				"down": {"uv": [1, 5, 2, 7.5], "texture": "#0"}
			}
		},
		{
			"from": [5, 13, -11],
			"to": [15, 15, -9],
			"faces": {
				"north": {"uv": [0, 13.5, 0.5, 16], "rotation": 270, "texture": "#0"},
				"east": {"uv": [0, 13.5, 0.5, 14], "rotation": 270, "texture": "#0"},
				"south": {"uv": [0, 13.5, 0.5, 16], "rotation": 270, "texture": "#0"},
				"west": {"uv": [0, 13.5, 0.5, 14], "rotation": 90, "texture": "#0"},
				"up": {"uv": [0, 13.5, 2.5, 14], "rotation": 180, "texture": "#0"},
				"down": {"uv": [0, 13.5, 2.5, 14], "texture": "#0"}
			}
		},
		{
			"from": [-1, 13, -10],
			"to": [5, 15, -8],
			"faces": {
				"north": {"uv": [0, 13.5, 0.5, 15], "rotation": 270, "texture": "#0"},
				"east": {"uv": [0, 13.5, 0.5, 14], "rotation": 270, "texture": "#0"},
				"south": {"uv": [0, 13.5, 0.5, 15], "rotation": 270, "texture": "#0"},
				"west": {"uv": [0, 13.5, 0.5, 14], "rotation": 90, "texture": "#0"},
				"up": {"uv": [0, 13.5, 1.5, 14], "rotation": 180, "texture": "#0"},
				"down": {"uv": [0, 13.5, 1.5, 14], "texture": "#0"}
			}
		},
		{
			"from": [-3, 13, -8],
			"to": [1, 15, -6],
			"faces": {
				"north": {"uv": [0, 13.5, 0.5, 14.5], "rotation": 270, "texture": "#0"},
				"east": {"uv": [0, 13.5, 0.5, 14], "rotation": 270, "texture": "#0"},
				"south": {"uv": [0, 13.5, 0.5, 14.5], "rotation": 270, "texture": "#0"},
				"west": {"uv": [0, 13.5, 0.5, 14], "rotation": 90, "texture": "#0"},
				"up": {"uv": [0, 13.5, 1, 14], "rotation": 180, "texture": "#0"},
				"down": {"uv": [0, 13.5, 1, 14], "texture": "#0"}
			}
		},
		{
			"from": [19, 13, -8],
			"to": [23, 15, -6],
			"faces": {
				"north": {"uv": [0, 13.5, 0.5, 14.5], "rotation": 270, "texture": "#0"},
				"east": {"uv": [0, 13.5, 0.5, 14], "rotation": 270, "texture": "#0"},
				"south": {"uv": [0, 13.5, 0.5, 14.5], "rotation": 270, "texture": "#0"},
				"west": {"uv": [0, 13.5, 0.5, 14], "rotation": 90, "texture": "#0"},
				"up": {"uv": [0, 13.5, 1, 14], "rotation": 180, "texture": "#0"},
				"down": {"uv": [0, 13.5, 1, 14], "texture": "#0"}
			}
		},
		{
			"from": [15, 13, -10],
			"to": [21, 15, -8],
			"faces": {
				"north": {"uv": [0, 13.5, 0.5, 15], "rotation": 270, "texture": "#0"},
				"east": {"uv": [0, 13.5, 0.5, 14], "rotation": 270, "texture": "#0"},
				"south": {"uv": [0, 13.5, 0.5, 15], "rotation": 270, "texture": "#0"},
				"west": {"uv": [0, 13.5, 0.5, 14], "rotation": 90, "texture": "#0"},
				"up": {"uv": [0, 13.5, 1.5, 14], "rotation": 180, "texture": "#0"},
				"down": {"uv": [0, 13.5, 1.5, 14], "texture": "#0"}
			}
		}
	],
	"display": {
		"head": {
			"translation": [0, -14.5, -7.25],
			"scale": [2, 2, 2]
		}
	},
	"groups": [
		0,
		1,
		2,
		3,
		4,
		5,
		6,
		7,
		8,
		9,
		10,
		11,
		12,
		13,
		14,
		15,
		16,
		17,
		18,
		19,
		20,
		21,
		22,
		23,
		{
			"name": "bow",
			"origin": [0, 0, 0],
			"color": 0,
			"children": [24, 25, 26, 27, 28]
		}
	]
}