{
	"credit": "Made with Blockbench",
	"texture_size": [64, 64],
	"textures": {
		"0": "item/enemy/pillager_tank",
		"particle": "item/enemy/pillager_tank"
	},
	"elements": [
		{
			"from": [4, 15, 3],
			"to": [12, 25, 11],
			"faces": {
				"north": {"uv": [2, 2, 4, 4.5], "texture": "#0"},
				"east": {"uv": [0, 2, 2, 4.5], "texture": "#0"},
				"south": {"uv": [6, 2, 8, 4], "texture": "#0"},
				"west": {"uv": [4, 2, 6, 4.5], "texture": "#0"},
				"up": {"uv": [4, 2, 2, 0], "texture": "#0"},
				"down": {"uv": [6, 0, 4, 2], "texture": "#0"}
			}
		},
		{
			"from": [0, 4, 9],
			"to": [16, 12, 21],
			"rotation": {"angle": -22.5, "axis": "x", "origin": [0, 0, 0]},
			"faces": {
				"north": {"uv": [5.5, 6.5, 7.5, 8.5], "texture": "#0"},
				"east": {"uv": [4, 6.5, 5.5, 8.5], "texture": "#0"},
				"south": {"uv": [9, 6.5, 11, 8.5], "texture": "#0"},
				"west": {"uv": [7.5, 6.5, 9, 8.5], "texture": "#0"},
				"up": {"uv": [7.5, 6.5, 5.5, 5], "texture": "#0"},
				"down": {"uv": [9.5, 5, 7.5, 6.5], "texture": "#0"}
			}
		},
		{
			"from": [2, 3, 8],
			"to": [14, 11, 16],
			"faces": {
				"north": {"uv": [5.5, 7.5, 7.5, 9.5], "texture": "#0"},
				"east": {"uv": [4, 7.5, 5.5, 9.5], "texture": "#0"},
				"south": {"uv": [9, 7.5, 11, 9.5], "texture": "#0"},
				"west": {"uv": [7.5, 7.5, 9, 9.5], "texture": "#0"},
				"up": {"uv": [0, 0, 3, 2], "texture": "#0"},
				"down": {"uv": [7.5, 5, 9.5, 6.5], "texture": "#0"}
			}
		},
		{
			"from": [-6, 13, 6],
			"to": [0, 28, 12],
			"rotation": {"angle": 22.5, "axis": "x", "origin": [-3, 9.5, 9]},
			"faces": {
				"north": {"uv": [11, 12.5, 12, 15.5], "rotation": 180, "texture": "#0"},
				"east": {"uv": [12, 12.5, 13, 15.5], "rotation": 180, "texture": "#0"},
				"south": {"uv": [13, 12.5, 14, 15.5], "rotation": 180, "texture": "#0"},
				"west": {"uv": [10, 12.5, 11, 15.5], "rotation": 180, "texture": "#0"},
				"up": {"uv": [12, 11.5, 13, 12.5], "texture": "#0"},
				"down": {"uv": [11, 11.5, 12, 12.5], "texture": "#0"}
			}
		},
		{
			"from": [16, 13, 6],
			"to": [22, 28, 12],
			"rotation": {"angle": 22.5, "axis": "x", "origin": [19, 9.5, 9]},
			"faces": {
				"north": {"uv": [13, 12.5, 14, 15.5], "rotation": 180, "texture": "#0"},
				"east": {"uv": [10, 12.5, 11, 15.5], "rotation": 180, "texture": "#0"},
				"south": {"uv": [11, 12.5, 12, 15.5], "rotation": 180, "texture": "#0"},
				"west": {"uv": [12, 12.5, 13, 15.5], "rotation": 180, "texture": "#0"},
				"up": {"uv": [12, 11.5, 13, 12.5], "rotation": 180, "texture": "#0"},
				"down": {"uv": [11, 11.5, 12, 12.5], "rotation": 180, "texture": "#0"}
			}
		},
		{
			"from": [7, 14, 1],
			"to": [9, 18, 3],
			"faces": {
				"north": {"uv": [6.5, 0.5, 7, 1.5], "texture": "#0"},
				"east": {"uv": [7, 0.5, 7.5, 1.5], "texture": "#0"},
				"south": {"uv": [7.5, 0.5, 8, 1.5], "texture": "#0"},
				"west": {"uv": [6, 0.5, 6.5, 1.5], "texture": "#0"},
				"up": {"uv": [6.5, 0, 7, 0.5], "texture": "#0"},
				"down": {"uv": [7, 0, 7.5, 0.5], "texture": "#0"}
			}
		},
		{
			"from": [0, 11.49432, 14.65156],
			"to": [16, 27.49432, 30.65156],
			"rotation": {"angle": -45, "axis": "x", "origin": [8, 19.49432, 15.65156]},
			"faces": {
				"north": {"uv": [8, 0, 12, 4], "rotation": 180, "texture": "#0"},
				"east": {"uv": [12, 0, 16, 4], "rotation": 270, "texture": "#0"},
				"south": {"uv": [12, 4, 16, 8], "texture": "#0"},
				"west": {"uv": [12, 0, 16, 4], "rotation": 90, "texture": "#0"},
				"up": {"uv": [12, 0, 16, 4], "rotation": 180, "texture": "#0"},
				"down": {"uv": [12, 0, 16, 4], "texture": "#0"}
			}
		}
	],
	"display": {
		"head": {
			"translation": [0, -14.5, -7.25],
			"scale": [2, 2, 2]
		}
	}
}