{
	"credit": "Made with Blockbench",
	"texture_size": [64, 64],
	"textures": {
		"0": "item/enemy/clown_tank_zombie",
		"1": "item/enemy/clown_face",
		"particle": "item/enemy/clown_tank_zombie"
	},
	"elements": [
		{
			"from": [4, 16, 4],
			"to": [12, 24, 12],
			"faces": {
				"north": {"uv": [4, 4, 8, 8], "texture": "#1"},
				"east": {"uv": [0, 2, 2, 4], "texture": "#0"},
				"south": {"uv": [6, 2, 8, 4], "texture": "#0"},
				"west": {"uv": [4, 2, 6, 4], "texture": "#0"},
				"up": {"uv": [4, 2, 2, 0], "texture": "#0"},
				"down": {"uv": [6, 0, 4, 2], "texture": "#0"}
			}
		},
		{
			"from": [0, 4, 9],
			"to": [16, 12, 21],
			"rotation": {"angle": -22.5, "axis": "x", "origin": [0, 0, 0]},
			"faces": {
				"north": {"uv": [5, 5, 7, 7], "texture": "#0"},
				"east": {"uv": [4, 5, 5, 7], "texture": "#0"},
				"south": {"uv": [8, 5, 10, 7], "texture": "#0"},
				"west": {"uv": [7, 5, 8, 7], "texture": "#0"},
				"up": {"uv": [7, 5, 5, 4], "texture": "#0"},
				"down": {"uv": [7, 4, 5, 5], "texture": "#0"}
			}
		},
		{
			"from": [2, 3, 8],
			"to": [14, 11, 16],
			"faces": {
				"north": {"uv": [5, 6, 7, 8], "texture": "#0"},
				"east": {"uv": [4, 6, 5, 8], "texture": "#0"},
				"south": {"uv": [8, 6, 10, 8], "texture": "#0"},
				"west": {"uv": [7, 6, 8, 8], "texture": "#0"},
				"up": {"uv": [0, 0, 3, 2], "texture": "#0"},
				"down": {"uv": [1, 4, 2, 5], "texture": "#0"}
			}
		},
		{
			"from": [-4, 11, -4],
			"to": [2, 17, 11],
			"faces": {
				"north": {"uv": [10, 12, 11, 13], "rotation": 180, "texture": "#0"},
				"east": {"uv": [8, 13, 9, 16], "rotation": 270, "texture": "#0"},
				"south": {"uv": [9, 12, 10, 13], "texture": "#0"},
				"west": {"uv": [10, 13, 11, 16], "rotation": 90, "texture": "#0"},
				"up": {"uv": [9, 13, 10, 16], "rotation": 180, "texture": "#0"},
				"down": {"uv": [11, 13, 12, 16], "texture": "#0"}
			}
		},
		{
			"from": [14, 11, -5],
			"to": [20, 17, 10],
			"faces": {
				"north": {"uv": [12, 4, 13, 5], "rotation": 180, "texture": "#0"},
				"east": {"uv": [10, 5, 11, 8], "rotation": 270, "texture": "#0"},
				"south": {"uv": [11, 4, 12, 5], "texture": "#0"},
				"west": {"uv": [12, 5, 13, 8], "rotation": 90, "texture": "#0"},
				"up": {"uv": [11, 5, 12, 8], "rotation": 180, "texture": "#0"},
				"down": {"uv": [13, 5, 14, 8], "texture": "#0"}
			}
		},
		{
			"from": [1, 18, 8],
			"to": [15, 22, 14],
			"faces": {
				"north": {"uv": [1, 14.5, 4.5, 15.5], "texture": "#1"},
				"east": {"uv": [1, 14.5, 2.5, 15.5], "texture": "#1"},
				"south": {"uv": [1, 14.5, 4.5, 15.5], "texture": "#1"},
				"west": {"uv": [1, 14.5, 2.5, 15.5], "texture": "#1"},
				"up": {"uv": [1, 14.5, 4.5, 16], "texture": "#1"},
				"down": {"uv": [1, 14.5, 4.5, 16], "texture": "#1"}
			}
		}
	],
	"display": {
		"head": {
			"rotation": [-20, 0, 0],
			"translation": [0, -16.25, -7.25],
			"scale": [2, 2, 2]
		}
	}
}