{
	"credit": "Made with Blockbench",
	"textures": {
		"0": "item/mapmark",
		"particle": "item/mapmark"
	},
	"elements": [
		{
			"from": [10, 1, 12],
			"to": [11, 1.2, 13],
			"faces": {
				"north": {"uv": [0, 0, 2, 2], "texture": "#0"},
				"east": {"uv": [0, 0, 2, 2], "texture": "#0"},
				"south": {"uv": [0, 0, 2, 2], "texture": "#0"},
				"west": {"uv": [0, 0, 2, 2], "texture": "#0"},
				"up": {"uv": [0, 0, 2, 2], "texture": "#0"},
				"down": {"uv": [0, 0, 2, 2], "texture": "#0"}
			}
		},
		{
			"from": [10.1, 1.2, 12.1],
			"to": [10.4, 2.2, 12.4],
			"faces": {
				"north": {"uv": [0, 0, 2, 2], "texture": "#0"},
				"east": {"uv": [0, 0, 2, 2], "texture": "#0"},
				"south": {"uv": [0, 0, 2, 2], "texture": "#0"},
				"west": {"uv": [0, 0, 2, 2], "texture": "#0"},
				"up": {"uv": [0, 0, 2, 2], "texture": "#0"},
				"down": {"uv": [0, 0, 2, 2], "texture": "#0"}
			}
		},
		{
			"from": [10.1, 1.2, 12.6],
			"to": [10.4, 2.2, 12.9],
			"faces": {
				"north": {"uv": [0, 0, 2, 2], "texture": "#0"},
				"east": {"uv": [0, 0, 2, 2], "texture": "#0"},
				"south": {"uv": [0, 0, 2, 2], "texture": "#0"},
				"west": {"uv": [0, 0, 2, 2], "texture": "#0"},
				"up": {"uv": [0, 0, 2, 2], "texture": "#0"},
				"down": {"uv": [0, 0, 2, 2], "texture": "#0"}
			}
		},
		{
			"from": [10.6, 1.2, 12.6],
			"to": [10.9, 2.2, 12.9],
			"faces": {
				"north": {"uv": [0, 0, 2, 2], "texture": "#0"},
				"east": {"uv": [0, 0, 2, 2], "texture": "#0"},
				"south": {"uv": [0, 0, 2, 2], "texture": "#0"},
				"west": {"uv": [0, 0, 2, 2], "texture": "#0"},
				"up": {"uv": [0, 0, 2, 2], "texture": "#0"},
				"down": {"uv": [0, 0, 2, 2], "texture": "#0"}
			}
		},
		{
			"from": [10.6, 1.2, 12.1],
			"to": [10.9, 2.2, 12.4],
			"faces": {
				"north": {"uv": [0, 0, 2, 2], "texture": "#0"},
				"east": {"uv": [0, 0, 2, 2], "texture": "#0"},
				"south": {"uv": [0, 0, 2, 2], "texture": "#0"},
				"west": {"uv": [0, 0, 2, 2], "texture": "#0"},
				"up": {"uv": [0, 0, 2, 2], "texture": "#0"},
				"down": {"uv": [0, 0, 2, 2], "texture": "#0"}
			}
		},
		{
			"from": [10, 1.8, 12],
			"to": [11, 2, 13],
			"faces": {
				"north": {"uv": [0, 0, 2, 2], "texture": "#0"},
				"east": {"uv": [0, 0, 2, 2], "texture": "#0"},
				"south": {"uv": [0, 0, 2, 2], "texture": "#0"},
				"west": {"uv": [0, 0, 2, 2], "texture": "#0"},
				"up": {"uv": [0, 0, 2, 2], "texture": "#0"},
				"down": {"uv": [0, 0, 2, 2], "texture": "#0"}
			}
		},
		{
			"from": [10.2, 1.2, 12.2],
			"to": [10.8, 1.8, 12.8],
			"faces": {
				"north": {"uv": [2, 0, 4, 2], "texture": "#0"},
				"east": {"uv": [2, 0, 4, 2], "texture": "#0"},
				"south": {"uv": [2, 0, 4, 2], "texture": "#0"},
				"west": {"uv": [2, 0, 4, 2], "texture": "#0"},
				"up": {"uv": [2, 0, 4, 2], "texture": "#0"},
				"down": {"uv": [2, 0, 4, 2], "texture": "#0"}
			}
		},
		{
			"from": [13, 2, 6],
			"to": [14, 2.2, 7],
			"faces": {
				"north": {"uv": [0, 2, 2, 4], "texture": "#0"},
				"east": {"uv": [0, 2, 2, 4], "texture": "#0"},
				"south": {"uv": [0, 2, 2, 4], "texture": "#0"},
				"west": {"uv": [0, 2, 2, 4], "texture": "#0"},
				"up": {"uv": [0, 2, 2, 4], "texture": "#0"},
				"down": {"uv": [0, 2, 2, 4], "texture": "#0"}
			}
		},
		{
			"from": [13.1, 1.4, 6.1],
			"to": [13.9, 1.6, 6.9],
			"faces": {
				"north": {"uv": [0, 2, 2, 4], "texture": "#0"},
				"east": {"uv": [0, 2, 2, 4], "texture": "#0"},
				"south": {"uv": [0, 2, 2, 4], "texture": "#0"},
				"west": {"uv": [0, 2, 2, 4], "texture": "#0"},
				"up": {"uv": [0, 2, 2, 4], "texture": "#0"},
				"down": {"uv": [0, 2, 2, 4], "texture": "#0"}
			}
		},
		{
			"from": [13.2, 1.8, 6.2],
			"to": [13.8, 2.4, 6.8],
			"faces": {
				"north": {"uv": [2, 2, 4, 4], "texture": "#0"},
				"east": {"uv": [2, 2, 4, 4], "texture": "#0"},
				"south": {"uv": [2, 2, 4, 4], "texture": "#0"},
				"west": {"uv": [2, 2, 4, 4], "texture": "#0"},
				"up": {"uv": [2, 2, 4, 4], "texture": "#0"},
				"down": {"uv": [2, 2, 4, 4], "texture": "#0"}
			}
		},
		{
			"from": [13, 1.6, 6],
			"to": [14, 1.8, 7],
			"faces": {
				"north": {"uv": [0, 2, 2, 4], "texture": "#0"},
				"east": {"uv": [0, 2, 2, 4], "texture": "#0"},
				"south": {"uv": [0, 2, 2, 4], "texture": "#0"},
				"west": {"uv": [0, 2, 2, 4], "texture": "#0"},
				"up": {"uv": [0, 2, 2, 4], "texture": "#0"},
				"down": {"uv": [0, 2, 2, 4], "texture": "#0"}
			}
		},
		{
			"from": [13.2, 1.2, 6.2],
			"to": [13.8, 1.4, 6.8],
			"faces": {
				"north": {"uv": [0, 2, 2, 4], "texture": "#0"},
				"east": {"uv": [0, 2, 2, 4], "texture": "#0"},
				"south": {"uv": [0, 2, 2, 4], "texture": "#0"},
				"west": {"uv": [0, 2, 2, 4], "texture": "#0"},
				"up": {"uv": [0, 2, 2, 4], "texture": "#0"},
				"down": {"uv": [0, 2, 2, 4], "texture": "#0"}
			}
		},
		{
			"from": [13.3, 1, 6.3],
			"to": [13.7, 1.2, 6.7],
			"faces": {
				"north": {"uv": [0, 2, 2, 4], "texture": "#0"},
				"east": {"uv": [0, 2, 2, 4], "texture": "#0"},
				"south": {"uv": [0, 2, 2, 4], "texture": "#0"},
				"west": {"uv": [0, 2, 2, 4], "texture": "#0"},
				"up": {"uv": [0, 2, 2, 4], "texture": "#0"},
				"down": {"uv": [0, 2, 2, 4], "texture": "#0"}
			}
		},
		{
			"from": [3, 0, 7],
			"to": [7, 1, 8],
			"faces": {
				"north": {"uv": [0, 4, 2, 6], "texture": "#0"},
				"east": {"uv": [0, 4, 2, 6], "texture": "#0"},
				"south": {"uv": [0, 4, 2, 6], "texture": "#0"},
				"west": {"uv": [0, 4, 2, 6], "texture": "#0"},
				"up": {"uv": [0, 4, 2, 6], "texture": "#0"},
				"down": {"uv": [0, 4, 2, 6], "texture": "#0"}
			}
		},
		{
			"from": [3, 0, 3],
			"to": [11, 1, 4],
			"faces": {
				"north": {"uv": [0, 4, 2, 6], "texture": "#0"},
				"east": {"uv": [0, 4, 2, 6], "texture": "#0"},
				"south": {"uv": [0, 4, 2, 6], "texture": "#0"},
				"west": {"uv": [0, 4, 2, 6], "texture": "#0"},
				"up": {"uv": [0, 4, 2, 6], "texture": "#0"},
				"down": {"uv": [0, 4, 2, 6], "texture": "#0"}
			}
		},
		{
			"from": [6, 0, 8],
			"to": [7, 1, 11],
			"faces": {
				"north": {"uv": [0, 4, 2, 6], "texture": "#0"},
				"east": {"uv": [0, 4, 2, 6], "texture": "#0"},
				"south": {"uv": [0, 4, 2, 6], "texture": "#0"},
				"west": {"uv": [0, 4, 2, 6], "texture": "#0"},
				"up": {"uv": [0, 4, 2, 6], "texture": "#0"},
				"down": {"uv": [0, 4, 2, 6], "texture": "#0"}
			}
		},
		{
			"from": [3, 0, 4],
			"to": [4, 1, 7],
			"faces": {
				"north": {"uv": [0, 4, 2, 6], "texture": "#0"},
				"east": {"uv": [0, 4, 2, 6], "texture": "#0"},
				"south": {"uv": [0, 4, 2, 6], "texture": "#0"},
				"west": {"uv": [0, 4, 2, 6], "texture": "#0"},
				"up": {"uv": [0, 4, 2, 6], "texture": "#0"},
				"down": {"uv": [0, 4, 2, 6], "texture": "#0"}
			}
		},
		{
			"from": [10, 0, 11],
			"to": [11, 1, 13],
			"faces": {
				"north": {"uv": [0, 4, 2, 6], "texture": "#0"},
				"east": {"uv": [0, 4, 2, 6], "texture": "#0"},
				"south": {"uv": [0, 4, 2, 6], "texture": "#0"},
				"west": {"uv": [0, 4, 2, 6], "texture": "#0"},
				"up": {"uv": [0, 4, 2, 6], "texture": "#0"},
				"down": {"uv": [0, 4, 2, 6], "texture": "#0"}
			}
		},
		{
			"from": [10, 0, 4],
			"to": [11, 1, 6],
			"faces": {
				"north": {"uv": [0, 4, 2, 6], "texture": "#0"},
				"east": {"uv": [0, 4, 2, 6], "texture": "#0"},
				"south": {"uv": [0, 4, 2, 6], "texture": "#0"},
				"west": {"uv": [0, 4, 2, 6], "texture": "#0"},
				"up": {"uv": [0, 4, 2, 6], "texture": "#0"},
				"down": {"uv": [0, 4, 2, 6], "texture": "#0"}
			}
		},
		{
			"from": [7, 0, 10],
			"to": [11, 1, 11],
			"faces": {
				"north": {"uv": [0, 4, 2, 6], "texture": "#0"},
				"east": {"uv": [0, 4, 2, 6], "texture": "#0"},
				"south": {"uv": [0, 4, 2, 6], "texture": "#0"},
				"west": {"uv": [0, 4, 2, 6], "texture": "#0"},
				"up": {"uv": [0, 4, 2, 6], "texture": "#0"},
				"down": {"uv": [0, 4, 2, 6], "texture": "#0"}
			}
		},
		{
			"from": [10, 0, 6],
			"to": [14, 1, 7],
			"faces": {
				"north": {"uv": [0, 4, 2, 6], "texture": "#0"},
				"east": {"uv": [0, 4, 2, 6], "texture": "#0"},
				"south": {"uv": [0, 4, 2, 5], "texture": "#0"},
				"west": {"uv": [0, 4, 2, 6], "texture": "#0"},
				"up": {"uv": [0, 4, 2, 6], "texture": "#0"},
				"down": {"uv": [0, 4, 2, 6], "texture": "#0"}
			}
		},
		{
			"from": [2, 0, 2],
			"to": [13, 0, 12],
			"faces": {
				"north": {"uv": [0, 0, 11, 0], "texture": "#0"},
				"east": {"uv": [0, 0, 10, 0], "texture": "#0"},
				"south": {"uv": [0, 0, 11, 0], "texture": "#0"},
				"west": {"uv": [0, 0, 10, 0], "texture": "#0"},
				"up": {"uv": [2, 4, 4, 6], "texture": "#0"},
				"down": {"uv": [2, 4, 4, 6], "texture": "#0"}
			}
		}
	],
	"display": {
		"head": {
			"translation": [0, -7, 0],
			"scale": [4, 4, 4]
		}
	},
	"groups": [
		{
			"name": "Base",
			"origin": [0, 0, 0],
			"color": 0,
			"children": [0, 1, 2, 3, 4, 5, 6]
		},
		{
			"name": "Enemy",
			"origin": [0, 0, 0],
			"color": 0,
			"children": [7, 8, 9, 10, 11, 12]
		},
		{
			"name": "Path",
			"origin": [0, 0, 0],
			"color": 0,
			"children": [13, 14, 15, 16, 17, 18, 19, 20]
		}, 21]
}