{
	"credit": "Made with Blockbench",
	"textures": {
		"0": "item/map/unknow_map",
		"particle": "item/map/unknow_map"
	},
	"elements": [
		{
			"from": [-8, 0, 8],
			"to": [24, 16, 8],
			"faces": {
				"north": {"uv": [0, 0, 16, 8], "texture": "#0"},
				"east": {"uv": [0, 0, 0, 8], "texture": "#missing"},
				"south": {"uv": [16, 8.0625, 0, 16.0625], "texture": "#0"},
				"west": {"uv": [0, 0, 0, 8], "texture": "#missing"},
				"up": {"uv": [0, 0, 16, 0], "texture": "#missing"},
				"down": {"uv": [0, 0, 16, 0], "texture": "#missing"}
			}
		}
	],
	"display": {
		"head": {
			"rotation": [30, 0, 0],
			"translation": [0, -40, 0],
			"scale": [4, 4, 4]
		}
	}
}