{
	"credit": "Made with Blockbench",
	"textures": {
		"0": "item/message/message_base",
		"1": "item/message/1_2/battlemessage_1_2_5",
		"2": "item/sniper/sniper_face_1",
		"particle": "item/message/message_base"
	},
	"elements": [
		{
			"from": [6, 0, 6],
			"to": [10, 1, 10],
			"rotation": {"angle": 0, "axis": "y", "origin": [8, 0.5, 8]},
			"faces": {
				"north": {"uv": [7, 15.75, 9, 16], "texture": "#0"},
				"east": {"uv": [7, 15.75, 9, 16], "texture": "#0"},
				"south": {"uv": [7, 15.75, 9, 16], "texture": "#0"},
				"west": {"uv": [7, 15.75, 9, 16], "texture": "#0"},
				"up": {"uv": [7, 14, 9, 16], "texture": "#0"},
				"down": {"uv": [7, 14, 9, 16], "texture": "#0"}
			}
		},
		{
			"from": [0, 1, 8],
			"to": [16, 4, 8],
			"rotation": {"angle": 0, "axis": "y", "origin": [8, 2.5, 8]},
			"faces": {
				"north": {"uv": [0, 8, 16, 11], "texture": "#0"},
				"east": {"uv": [0, 0, 0, 3], "texture": "#0"},
				"south": {"uv": [0, 7.75, 16, 10.75], "texture": "#0"},
				"west": {"uv": [0, 0, 0, 3], "texture": "#0"},
				"up": {"uv": [0, 0, 16, 0], "texture": "#0"},
				"down": {"uv": [0, 0, 16, 0], "texture": "#0"}
			}
		},
		{
			"from": [0, 4, 7.5],
			"to": [16, 12, 8.5],
			"rotation": {"angle": 0, "axis": "y", "origin": [8, 8, 8]},
			"faces": {
				"north": {"uv": [0, 0, 16, 8], "texture": "#0", "tintindex": 0},
				"east": {"uv": [0, 0, 1, 8], "texture": "#1"},
				"south": {"uv": [0, 0, 16, 8], "texture": "#1"},
				"west": {"uv": [0, 0, 1, 8], "texture": "#1"},
				"up": {"uv": [0, 0, 16, 1], "texture": "#1"},
				"down": {"uv": [0, 0, 16, 1], "texture": "#1"}
			}
		},
		{
			"from": [1.8, 6.2, 8.6],
			"to": [5.8, 10.2, 8.6],
			"faces": {
				"east": {"uv": [0, 0, 0, 4], "texture": "#2"},
				"south": {"uv": [0, 0, 16, 16], "texture": "#2"},
				"west": {"uv": [0, 0, 0, 4], "texture": "#2"},
				"up": {"uv": [0, 0, 4, 0], "texture": "#2"},
				"down": {"uv": [0, 0, 4, 0], "texture": "#2"}
			}
		}
	],
	"display": {
		"thirdperson_righthand": {
			"scale": [0, 0, 0]
		},
		"thirdperson_lefthand": {
			"scale": [0, 0, 0]
		},
		"firstperson_righthand": {
			"translation": [0, 5, -2]
		},
		"firstperson_lefthand": {
			"translation": [0, 5, -2]
		},
		"gui": {
			"rotation": [0, -180, 0]
		}
	}
}