{
	"credit": "Made with Blockbench",
	"texture_size": [64, 64],
	"textures": {
		"0": "item/enemy/mega_drowned",
		"particle": "item/enemy/mega_drowned"
	},
	"elements": [
		{
			"from": [1, -7, 10],
			"to": [7, 8, 16],
			"faces": {
				"north": {"uv": [5, 13, 6, 16], "texture": "#0"},
				"east": {"uv": [4, 13, 5, 16], "texture": "#0"},
				"south": {"uv": [7, 13, 8, 16], "texture": "#0"},
				"west": {"uv": [6, 13, 7, 16], "texture": "#0"},
				"up": {"uv": [5, 12, 6, 13], "texture": "#0"},
				"down": {"uv": [6, 12, 7, 13], "texture": "#0"}
			}
		}
	],
	"display": {
		"head": {
			"translation": [0, -8.5, -12.5],
			"scale": [2.5, 2.5, 2.5]
		}
	}
}