{
	"credit": "Made with Blockbench",
	"texture_size": [64, 64],
	"textures": {
		"0": "item/enemy/mega_drowned",
		"particle": "item/enemy/mega_drowned"
	},
	"elements": [
		{
			"from": [18, 2, 3],
			"to": [24, 17, 9],
			"rotation": {"angle": 22.5, "axis": "z", "origin": [19, 9.5, 6]},
			"faces": {
				"north": {"uv": [11, 5, 12, 8], "texture": "#0"},
				"east": {"uv": [10, 5, 11, 8], "texture": "#0"},
				"south": {"uv": [13, 5, 14, 8], "texture": "#0"},
				"west": {"uv": [12, 5, 13, 8], "texture": "#0"},
				"up": {"uv": [11, 4, 12, 5], "texture": "#0"},
				"down": {"uv": [12, 4, 13, 5], "texture": "#0"}
			}
		},
		{
			"from": [21, -7, 3.1],
			"to": [27, 8, 8.9],
			"rotation": {"angle": -22.5, "axis": "z", "origin": [19, 9.5, 6]},
			"faces": {
				"north": {"uv": [11, 5, 12, 8], "texture": "#0"},
				"east": {"uv": [10, 5, 11, 8], "texture": "#0"},
				"south": {"uv": [13, 5, 14, 8], "texture": "#0"},
				"west": {"uv": [12, 5, 13, 8], "texture": "#0"},
				"up": {"uv": [11, 4, 12, 5], "texture": "#0"},
				"down": {"uv": [12, 4, 13, 5], "texture": "#0"}
			}
		}
	],
	"display": {
		"head": {
			"translation": [-24.5, -25, 7.25],
			"scale": [2.5, 2.5, 2.5]
		}
	}
}