{
	"credit": "Made with Blockbench",
	"texture_size": [64, 64],
	"textures": {
		"0": "item/enemy/mega_drowned",
		"particle": "item/enemy/mega_drowned"
	},
	"elements": [
		{
			"from": [4, 11, -4],
			"to": [12, 19, 4],
			"faces": {
				"north": {"uv": [2, 2, 4, 4], "texture": "#0"},
				"east": {"uv": [0, 2, 2, 4], "texture": "#0"},
				"south": {"uv": [6, 2, 8, 4], "texture": "#0"},
				"west": {"uv": [4, 2, 6, 4], "texture": "#0"},
				"up": {"uv": [4, 2, 2, 0], "texture": "#0"},
				"down": {"uv": [6, 0, 4, 2], "texture": "#0"}
			}
		},
		{
			"from": [0, 9, -3],
			"to": [16, 21, 5],
			"rotation": {"angle": 22.5, "axis": "x", "origin": [0, 0, 0]},
			"faces": {
				"north": {"uv": [7, 5, 5, 4], "rotation": 180, "texture": "#0"},
				"east": {"uv": [4, 5, 5, 7], "rotation": 90, "texture": "#0"},
				"south": {"uv": [9, 4, 7, 5], "texture": "#0"},
				"west": {"uv": [7, 5, 8, 7], "rotation": 270, "texture": "#0"},
				"up": {"uv": [8, 5, 10, 7], "texture": "#0"},
				"down": {"uv": [5, 5, 7, 7], "rotation": 180, "texture": "#0"}
			}
		},
		{
			"from": [2, -5, 12],
			"to": [14, 3, 20],
			"rotation": {"angle": -45, "axis": "x", "origin": [0, 0, 0]},
			"faces": {
				"north": {"uv": [5, 6, 7, 8], "texture": "#0"},
				"east": {"uv": [4, 6, 5, 8], "texture": "#0"},
				"south": {"uv": [8, 6, 10, 8], "texture": "#0"},
				"west": {"uv": [7, 6, 8, 8], "texture": "#0"},
				"up": {"uv": [5, 4, 7, 5], "texture": "#0"},
				"down": {"uv": [1, 4, 2, 5], "texture": "#0"}
			}
		},
		{
			"from": [-11, -7, 2.1],
			"to": [-5, 8, 7.9],
			"rotation": {"angle": 22.5, "axis": "z", "origin": [-3, 9.5, 5]},
			"faces": {
				"north": {"uv": [9, 13, 10, 16], "texture": "#0"},
				"east": {"uv": [8, 13, 9, 16], "texture": "#0"},
				"south": {"uv": [11, 13, 12, 16], "texture": "#0"},
				"west": {"uv": [10, 13, 11, 16], "texture": "#0"},
				"up": {"uv": [9, 12, 10, 13], "texture": "#0"},
				"down": {"uv": [10, 12, 11, 13], "texture": "#0"}
			}
		},
		{
			"from": [-8, 2, 2],
			"to": [-2, 17, 8],
			"rotation": {"angle": -22.5, "axis": "z", "origin": [-3, 9.5, 5]},
			"faces": {
				"north": {"uv": [9, 13, 10, 16], "texture": "#0"},
				"east": {"uv": [8, 13, 9, 16], "texture": "#0"},
				"south": {"uv": [11, 13, 12, 16], "texture": "#0"},
				"west": {"uv": [10, 13, 11, 16], "texture": "#0"},
				"up": {"uv": [9, 12, 10, 13], "texture": "#0"},
				"down": {"uv": [10, 12, 11, 13], "texture": "#0"}
			}
		},
		{
			"from": [1, -7, 10],
			"to": [7, 8, 16],
			"faces": {
				"north": {"uv": [5, 13, 6, 16], "texture": "#0"},
				"east": {"uv": [4, 13, 5, 16], "texture": "#0"},
				"south": {"uv": [7, 13, 8, 16], "texture": "#0"},
				"west": {"uv": [6, 13, 7, 16], "texture": "#0"},
				"up": {"uv": [5, 12, 6, 13], "texture": "#0"},
				"down": {"uv": [6, 12, 7, 13], "texture": "#0"}
			}
		},
		{
			"from": [18, 2, 3],
			"to": [24, 17, 9],
			"rotation": {"angle": 22.5, "axis": "z", "origin": [19, 9.5, 6]},
			"faces": {
				"north": {"uv": [11, 5, 12, 8], "texture": "#0"},
				"east": {"uv": [10, 5, 11, 8], "texture": "#0"},
				"south": {"uv": [13, 5, 14, 8], "texture": "#0"},
				"west": {"uv": [12, 5, 13, 8], "texture": "#0"},
				"up": {"uv": [11, 4, 12, 5], "texture": "#0"},
				"down": {"uv": [12, 4, 13, 5], "texture": "#0"}
			}
		},
		{
			"from": [21, -7, 3.1],
			"to": [27, 8, 8.9],
			"rotation": {"angle": -22.5, "axis": "z", "origin": [19, 9.5, 6]},
			"faces": {
				"north": {"uv": [11, 5, 12, 8], "texture": "#0"},
				"east": {"uv": [10, 5, 11, 8], "texture": "#0"},
				"south": {"uv": [13, 5, 14, 8], "texture": "#0"},
				"west": {"uv": [12, 5, 13, 8], "texture": "#0"},
				"up": {"uv": [11, 4, 12, 5], "texture": "#0"},
				"down": {"uv": [12, 4, 13, 5], "texture": "#0"}
			}
		},
		{
			"from": [9, -7, 9],
			"to": [15, 8, 15],
			"faces": {
				"north": {"uv": [1, 5, 2, 8], "texture": "#0"},
				"east": {"uv": [0, 5, 1, 8], "texture": "#0"},
				"south": {"uv": [3, 5, 4, 8], "texture": "#0"},
				"west": {"uv": [2, 5, 3, 8], "texture": "#0"},
				"up": {"uv": [1, 4, 2, 5], "texture": "#0"},
				"down": {"uv": [2, 4, 3, 5], "texture": "#0"}
			}
		},
		{
			"from": [9, 5, -5],
			"to": [10, 13, -4],
			"faces": {
				"north": {"uv": [11.75, 5.5, 12, 7.5], "texture": "#0"},
				"east": {"uv": [13.5, 5, 13.75, 7], "texture": "#0"},
				"south": {"uv": [12.5, 5.5, 12.75, 7.5], "texture": "#0"},
				"west": {"uv": [13, 5.25, 13.25, 7.25], "texture": "#0"},
				"up": {"uv": [10.75, 5.25, 11, 5.5], "texture": "#0"},
				"down": {"uv": [10.25, 7.5, 10.5, 7.75], "texture": "#0"}
			}
		},
		{
			"from": [7, 11, -5],
			"to": [9, 12, -4],
			"faces": {
				"north": {"uv": [11.75, 6, 12.25, 6.25], "texture": "#0"},
				"east": {"uv": [12, 5.5, 12.25, 5.75], "texture": "#0"},
				"south": {"uv": [12.5, 6.5, 13, 6.75], "texture": "#0"},
				"west": {"uv": [12.5, 6, 12.75, 6.25], "texture": "#0"},
				"up": {"uv": [12, 5.25, 12.5, 5.5], "texture": "#0"},
				"down": {"uv": [11.75, 6.25, 12.25, 6.5], "texture": "#0"}
			}
		},
		{
			"from": [7, 13, -5],
			"to": [9, 14, -4],
			"faces": {
				"north": {"uv": [11.75, 6, 12.25, 6.25], "texture": "#0"},
				"east": {"uv": [12, 5.5, 12.25, 5.75], "texture": "#0"},
				"south": {"uv": [12.5, 6.5, 13, 6.75], "texture": "#0"},
				"west": {"uv": [12.5, 6, 12.75, 6.25], "texture": "#0"},
				"up": {"uv": [12, 5.25, 12.5, 5.5], "texture": "#0"},
				"down": {"uv": [11.75, 6.25, 12.25, 6.5], "texture": "#0"}
			}
		},
		{
			"from": [10, 6, -5],
			"to": [11, 12, -4],
			"faces": {
				"north": {"uv": [9.75, 13.25, 10, 14.75], "texture": "#0"},
				"east": {"uv": [8.5, 13.25, 8.75, 14.75], "texture": "#0"},
				"south": {"uv": [9, 13.5, 9.25, 15], "texture": "#0"},
				"west": {"uv": [10, 13.25, 10.25, 14.75], "texture": "#0"},
				"up": {"uv": [9.75, 13.5, 10, 13.75], "texture": "#0"},
				"down": {"uv": [9.25, 15, 9.5, 15.25], "texture": "#0"}
			}
		},
		{
			"from": [8, 5, -4],
			"to": [9, 11, -3],
			"faces": {
				"north": {"uv": [9.75, 13.25, 10, 14.75], "texture": "#0"},
				"east": {"uv": [8.5, 13.25, 8.75, 14.75], "texture": "#0"},
				"south": {"uv": [9, 13.5, 9.25, 15], "texture": "#0"},
				"west": {"uv": [10, 13.25, 10.25, 14.75], "texture": "#0"},
				"up": {"uv": [9.75, 13.5, 10, 13.75], "texture": "#0"},
				"down": {"uv": [9.25, 15, 9.5, 15.25], "texture": "#0"}
			}
		},
		{
			"from": [11, 5, -4],
			"to": [12, 11, -3],
			"faces": {
				"north": {"uv": [9.75, 13.25, 10, 14.75], "texture": "#0"},
				"east": {"uv": [8.5, 13.25, 8.75, 14.75], "texture": "#0"},
				"south": {"uv": [9, 13.5, 9.25, 15], "texture": "#0"},
				"west": {"uv": [10, 13.25, 10.25, 14.75], "texture": "#0"},
				"up": {"uv": [9.75, 13.5, 10, 13.75], "texture": "#0"},
				"down": {"uv": [9.25, 15, 9.5, 15.25], "texture": "#0"}
			}
		},
		{
			"from": [5, 6, -5],
			"to": [6, 12, -4],
			"faces": {
				"north": {"uv": [9.75, 13.25, 10, 14.75], "texture": "#0"},
				"east": {"uv": [8.5, 13.25, 8.75, 14.75], "texture": "#0"},
				"south": {"uv": [9, 13.5, 9.25, 15], "texture": "#0"},
				"west": {"uv": [10, 13.25, 10.25, 14.75], "texture": "#0"},
				"up": {"uv": [9.75, 13.5, 10, 13.75], "texture": "#0"},
				"down": {"uv": [9.25, 15, 9.5, 15.25], "texture": "#0"}
			}
		},
		{
			"from": [3, 6, -1],
			"to": [4, 12, 0],
			"faces": {
				"north": {"uv": [9.75, 13.25, 10, 14.75], "texture": "#0"},
				"east": {"uv": [8.5, 13.25, 8.75, 14.75], "texture": "#0"},
				"south": {"uv": [9, 13.5, 9.25, 15], "texture": "#0"},
				"west": {"uv": [10, 13.25, 10.25, 14.75], "texture": "#0"},
				"up": {"uv": [9.75, 13.5, 10, 13.75], "texture": "#0"},
				"down": {"uv": [9.25, 15, 9.5, 15.25], "texture": "#0"}
			}
		},
		{
			"from": [7, 3, -3],
			"to": [8, 11, -2],
			"faces": {
				"north": {"uv": [11.75, 5.5, 12, 7.5], "texture": "#0"},
				"east": {"uv": [13.5, 5, 13.75, 7], "texture": "#0"},
				"south": {"uv": [12.5, 5.5, 12.75, 7.5], "texture": "#0"},
				"west": {"uv": [13, 5.25, 13.25, 7.25], "texture": "#0"},
				"up": {"uv": [10.75, 5.25, 11, 5.5], "texture": "#0"},
				"down": {"uv": [10.25, 7.5, 10.5, 7.75], "texture": "#0"}
			}
		},
		{
			"from": [6, 5, -5],
			"to": [7, 13, -4],
			"faces": {
				"north": {"uv": [11.75, 5.5, 12, 7.5], "texture": "#0"},
				"east": {"uv": [13.5, 5, 13.75, 7], "texture": "#0"},
				"south": {"uv": [12.5, 5.5, 12.75, 7.5], "texture": "#0"},
				"west": {"uv": [13, 5.25, 13.25, 7.25], "texture": "#0"},
				"up": {"uv": [10.75, 5.25, 11, 5.5], "texture": "#0"},
				"down": {"uv": [10.25, 7.5, 10.5, 7.75], "texture": "#0"}
			}
		},
		{
			"from": [4, 3, -3],
			"to": [5, 11, -2],
			"faces": {
				"north": {"uv": [11.75, 5.5, 12, 7.5], "texture": "#0"},
				"east": {"uv": [13.5, 5, 13.75, 7], "texture": "#0"},
				"south": {"uv": [12.5, 5.5, 12.75, 7.5], "texture": "#0"},
				"west": {"uv": [13, 5.25, 13.25, 7.25], "texture": "#0"},
				"up": {"uv": [10.75, 5.25, 11, 5.5], "texture": "#0"},
				"down": {"uv": [10.25, 7.5, 10.5, 7.75], "texture": "#0"}
			}
		},
		{
			"from": [11, 3, -2],
			"to": [12, 11, -1],
			"faces": {
				"north": {"uv": [11.75, 5.5, 12, 7.5], "texture": "#0"},
				"east": {"uv": [13.5, 5, 13.75, 7], "texture": "#0"},
				"south": {"uv": [12.5, 5.5, 12.75, 7.5], "texture": "#0"},
				"west": {"uv": [13, 5.25, 13.25, 7.25], "texture": "#0"},
				"up": {"uv": [10.75, 5.25, 11, 5.5], "texture": "#0"},
				"down": {"uv": [10.25, 7.5, 10.5, 7.75], "texture": "#0"}
			}
		},
		{
			"from": [12, 5, 0],
			"to": [13, 13, 1],
			"faces": {
				"north": {"uv": [11.75, 5.5, 12, 7.5], "texture": "#0"},
				"east": {"uv": [13.5, 5, 13.75, 7], "texture": "#0"},
				"south": {"uv": [12.5, 5.5, 12.75, 7.5], "texture": "#0"},
				"west": {"uv": [13, 5.25, 13.25, 7.25], "texture": "#0"},
				"up": {"uv": [10.75, 5.25, 11, 5.5], "texture": "#0"},
				"down": {"uv": [10.25, 7.5, 10.5, 7.75], "texture": "#0"}
			}
		}
	],
	"display": {
		"head": {
			"translation": [0, -8.5, -0.25],
			"scale": [2.5, 2.5, 2.5]
		}
	},
	"groups": [0, 1, 2, 3, 4, 5, 6, 7, 8,
		{
			"name": "group",
			"origin": [0, 0, 0],
			"color": 0,
			"children": [9, 10, 11, 12, 13, 14, 15, 16, 17, 18, 19, 20, 21]
		}
	]
}