{
	"credit": "Made with Blockbench",
	"texture_size": [64, 64],
	"textures": {
		"0": "item/enemy/mega_drowned",
		"particle": "item/enemy/mega_drowned"
	},
	"elements": [
		{
			"from": [-11, -7, 2.1],
			"to": [-5, 8, 7.9],
			"rotation": {"angle": 22.5, "axis": "z", "origin": [-3, 9.5, 5]},
			"faces": {
				"north": {"uv": [9, 13, 10, 16], "texture": "#0"},
				"east": {"uv": [8, 13, 9, 16], "texture": "#0"},
				"south": {"uv": [11, 13, 12, 16], "texture": "#0"},
				"west": {"uv": [10, 13, 11, 16], "texture": "#0"},
				"up": {"uv": [9, 12, 10, 13], "texture": "#0"},
				"down": {"uv": [10, 12, 11, 13], "texture": "#0"}
			}
		},
		{
			"from": [-8, 2, 2],
			"to": [-2, 17, 8],
			"rotation": {"angle": -22.5, "axis": "z", "origin": [-3, 9.5, 5]},
			"faces": {
				"north": {"uv": [9, 13, 10, 16], "texture": "#0"},
				"east": {"uv": [8, 13, 9, 16], "texture": "#0"},
				"south": {"uv": [11, 13, 12, 16], "texture": "#0"},
				"west": {"uv": [10, 13, 11, 16], "texture": "#0"},
				"up": {"uv": [9, 12, 10, 13], "texture": "#0"},
				"down": {"uv": [10, 12, 11, 13], "texture": "#0"}
			}
		}
	],
	"display": {
		"head": {
			"translation": [24.5, -25, 7.25],
			"scale": [2.5, 2.5, 2.5]
		}
	}
}