{
	"credit": "Made with Blockbench",
	"texture_size": [64, 64],
	"textures": {
		"0": "item/box/box_2",
		"1": "item/dwarf/dwarf_cg",
		"particle": "item/box/box_2"
	},
	"elements": [
		{
			"name": "out",
			"from": [0, 0, 4],
			"to": [16, 24, 12],
			"rotation": {"angle": 0, "axis": "x", "origin": [8, 12, 8]},
			"faces": {
				"north": {"uv": [2, 2, 6, 8], "texture": "#0"},
				"east": {"uv": [0, 2, 2, 8], "texture": "#0"},
				"south": {"uv": [8, 2, 12, 8], "texture": "#0"},
				"west": {"uv": [6, 2, 8, 8], "texture": "#0"},
				"up": {"uv": [6, 2, 2, 0], "texture": "#0"},
				"down": {"uv": [10, 0, 6, 2], "texture": "#0"}
			}
		},
		{
			"from": [0, 0, 11],
			"to": [16, 24, 11],
			"rotation": {"angle": 0, "axis": "y", "origin": [8, 12, 11]},
			"faces": {
				"north": {"uv": [12, 4.25, 16, 8], "texture": "#0"},
				"east": {"uv": [0, 0, 0, 6], "texture": "#0"},
				"south": {"uv": [12, 4.25, 16, 8], "texture": "#0"},
				"west": {"uv": [0, 0, 0, 6], "texture": "#0"},
				"up": {"uv": [0, 0, 4, 0], "texture": "#0"},
				"down": {"uv": [0, 0, 4, 0], "texture": "#0"}
			}
		},
		{
			"from": [15, 0, 4],
			"to": [15, 24, 12],
			"rotation": {"angle": 0, "axis": "y", "origin": [15, 12, 8]},
			"faces": {
				"north": {"uv": [0, 0, 0, 6], "texture": "#0"},
				"east": {"uv": [12, 4.25, 16, 8], "texture": "#0"},
				"south": {"uv": [0, 0, 0, 6], "texture": "#0"},
				"west": {"uv": [12, 4.25, 16, 8], "texture": "#0"},
				"up": {"uv": [0, 0, 4, 0], "rotation": 90, "texture": "#0"},
				"down": {"uv": [0, 0, 4, 0], "rotation": 270, "texture": "#0"}
			}
		},
		{
			"from": [1, 0, 4],
			"to": [1, 24, 12],
			"rotation": {"angle": 0, "axis": "y", "origin": [1, 12, 8]},
			"faces": {
				"north": {"uv": [0, 0, 0, 6], "texture": "#0"},
				"east": {"uv": [12, 4.25, 16, 8], "texture": "#0"},
				"south": {"uv": [0, 0, 0, 6], "texture": "#0"},
				"west": {"uv": [12, 4.25, 16, 8], "texture": "#0"},
				"up": {"uv": [0, 0, 4, 0], "rotation": 90, "texture": "#0"},
				"down": {"uv": [0, 0, 4, 0], "rotation": 270, "texture": "#0"}
			}
		},
		{
			"from": [0, 1, 4],
			"to": [16, 1, 12],
			"rotation": {"angle": 0, "axis": "z", "origin": [8, 1, 8]},
			"faces": {
				"north": {"uv": [0, 0, 0, 6], "rotation": 90, "texture": "#0"},
				"east": {"uv": [0, 0, 4, 0], "rotation": 180, "texture": "#0"},
				"south": {"uv": [0, 0, 0, 6], "rotation": 270, "texture": "#0"},
				"west": {"uv": [0, 0, 4, 0], "texture": "#0"},
				"up": {"uv": [12, 4.25, 16, 8], "rotation": 270, "texture": "#0"},
				"down": {"uv": [12, 4.25, 16, 8], "rotation": 270, "texture": "#0"}
			}
		},
		{
			"from": [0, 23, 4],
			"to": [16, 23, 12],
			"rotation": {"angle": 0, "axis": "y", "origin": [8, 1, 8]},
			"faces": {
				"north": {"uv": [0, 0, 0, 6], "rotation": 90, "texture": "#0"},
				"east": {"uv": [0, 0, 4, 0], "rotation": 180, "texture": "#0"},
				"south": {"uv": [0, 0, 0, 6], "rotation": 270, "texture": "#0"},
				"west": {"uv": [0, 0, 4, 0], "texture": "#0"},
				"up": {"uv": [12, 4.25, 16, 8], "rotation": 270, "texture": "#0"},
				"down": {"uv": [12, 4.25, 16, 8], "rotation": 270, "texture": "#0"}
			}
		},
		{
			"from": [0, 0, 3.95],
			"to": [10, 10, 3.95],
			"faces": {
				"north": {"uv": [4.90625, 1.72656, 10.07031, 6.82813], "texture": "#1"},
				"east": {"uv": [0, 0, 0, 2.5], "texture": "#1"},
				"south": {"uv": [0, 0, 2.5, 2.5], "texture": "#1"},
				"west": {"uv": [0, 0, 0, 2.5], "texture": "#1"},
				"up": {"uv": [0, 0, 2.5, 0], "texture": "#1"},
				"down": {"uv": [0, 0, 2.5, 0], "texture": "#1"}
			}
		},
		{
			"from": [0, 0, 12.05],
			"to": [16, 24, 12.05],
			"faces": {
				"north": {"uv": [0, 0, 4, 6], "texture": "#1"},
				"east": {"uv": [0, 0, 0.25, 6], "texture": "#1"},
				"south": {"uv": [3.09375, 0.34375, 12.51563, 14.4375], "texture": "#1"},
				"west": {"uv": [0, 0, 0.25, 6], "texture": "#1"},
				"up": {"uv": [0, 0, 4, 0.25], "texture": "#1"},
				"down": {"uv": [0, 0, 4, 0.25], "texture": "#1"}
			}
		}
	],
	"display": {
		"head": {
			"translation": [0, -21, 0],
			"scale": [3, 3, 3]
		}
	},
	"groups": [
		0,
		{
			"name": "in",
			"origin": [8, 12, 11],
			"color": 0,
			"children": [1, 2, 3, 4, 5]
		},
		6,
		7
	]
}