{
	"credit": "Made with Blockbench",
	"texture_size": [64, 64],
	"textures": {
		"0": "item/box/box_12",
		"particle": "item/box/box_12"
	},
	"elements": [
		{
			"name": "out",
			"from": [0, 0, 0],
			"to": [16, 24, 16],
			"rotation": {"angle": 0, "axis": "y", "origin": [8, 12, 8]},
			"faces": {
				"north": {"uv": [3, 2, 6, 8], "texture": "#0"},
				"east": {"uv": [0, 2, 3.75, 8], "texture": "#0"},
				"south": {"uv": [8, 2, 12, 8], "texture": "#0"},
				"west": {"uv": [5.34375, 2, 9.34375, 8], "texture": "#0"},
				"up": {"uv": [6, 2, 2, 0], "texture": "#0"},
				"down": {"uv": [10, 0, 6, 2], "texture": "#0"}
			}
		},
		{
			"name": "out",
			"from": [16, 0, 0],
			"to": [0, 24, 16],
			"rotation": {"angle": 0, "axis": "y", "origin": [8, 12, 8]},
			"faces": {
				"north": {"uv": [5.90625, 10, 3.1875, 16], "texture": "#0"},
				"east": {"uv": [5.9375, 10, 9.6875, 16], "texture": "#0"},
				"south": {"uv": [8, 10, 12, 16], "texture": "#0"},
				"west": {"uv": [3.75, 10, 0, 16], "texture": "#0"},
				"up": {"uv": [6, 10, 2, 8], "texture": "#0"},
				"down": {"uv": [10, 8, 6, 10], "texture": "#0"}
			}
		},
		{
			"from": [6, 13, 5],
			"to": [10, 17, 9],
			"rotation": {"angle": 0, "axis": "y", "origin": [8, 15, 14]},
			"faces": {
				"north": {"uv": [12, 0, 16, 4], "texture": "#0"},
				"east": {"uv": [12, 0, 16, 4], "texture": "#0"},
				"south": {"uv": [12, 0, 16, 4], "texture": "#0"},
				"west": {"uv": [12, 0, 16, 4], "texture": "#0"},
				"up": {"uv": [12, 0, 16, 4], "texture": "#0"},
				"down": {"uv": [12, 0, 16, 4], "texture": "#0"}
			}
		},
		{
			"from": [4, 7, 6],
			"to": [12, 13, 8],
			"rotation": {"angle": 0, "axis": "y", "origin": [8, 15, 14]},
			"faces": {
				"north": {"uv": [12, 0, 16, 4], "texture": "#0"},
				"east": {"uv": [12, 0, 16, 4], "texture": "#0"},
				"south": {"uv": [12, 0, 16, 4], "texture": "#0"},
				"west": {"uv": [12, 0, 16, 4], "texture": "#0"},
				"up": {"uv": [12, 0, 16, 4], "texture": "#0"},
				"down": {"uv": [12, 0, 16, 4], "texture": "#0"}
			}
		},
		{
			"from": [6, 1, 6],
			"to": [10, 7, 8],
			"rotation": {"angle": 0, "axis": "y", "origin": [8, 15, 14]},
			"faces": {
				"north": {"uv": [12, 0, 16, 4], "texture": "#0"},
				"east": {"uv": [12, 0, 16, 4], "texture": "#0"},
				"south": {"uv": [12, 0, 16, 4], "texture": "#0"},
				"west": {"uv": [12, 0, 16, 4], "texture": "#0"},
				"up": {"uv": [12, 0, 16, 4], "texture": "#0"},
				"down": {"uv": [12, 0, 16, 4], "texture": "#0"}
			}
		}
	],
	"display": {
		"head": {
			"translation": [0, -19, 0],
			"scale": [3, 3, 3]
		}
	},
	"groups": [
		0,
		1,
		{
			"name": "in",
			"origin": [8, 12, 11],
			"color": 0,
			"children": []
		},
		{
			"name": "C",
			"origin": [8, 8, 8],
			"color": 0,
			"children": [2, 3, 4]
		}
	]
}