{
	"credit": "Made with Blockbench",
	"texture_size": [64, 64],
	"textures": {
		"1": "item/minigunner/minigunner3",
		"3": "item/model_plate/model_plate_minigunner_2"
	},
	"elements": [
		{
			"from": [1, -15, 1],
			"to": [15, -14, 15],
			"rotation": {"angle": 0, "axis": "y", "origin": [0, -14, 0]},
			"faces": {
				"north": {"uv": [1, 1, 15, 2], "texture": "#3"},
				"east": {"uv": [1, 1, 15, 2], "texture": "#3"},
				"south": {"uv": [1, 1, 15, 2], "texture": "#3"},
				"west": {"uv": [1, 1, 15, 2], "texture": "#3"},
				"up": {"uv": [1, 1, 15, 15], "texture": "#3"},
				"down": {"uv": [0, 0, 3.5, 3.5], "texture": "#3"}
			}
		},
		{
			"from": [0, -16, 0],
			"to": [16, -15, 16],
			"rotation": {"angle": 0, "axis": "y", "origin": [0, -14, 0]},
			"faces": {
				"north": {"uv": [0, 0, 16, 0.75], "texture": "#3"},
				"east": {"uv": [0, 0, 16, 0.5], "texture": "#3"},
				"south": {"uv": [0, 0, 16, 0.75], "texture": "#3"},
				"west": {"uv": [0, 0, 16, 0.5], "texture": "#3"},
				"up": {"uv": [0, 0, 16, 16], "texture": "#3"},
				"down": {"uv": [0, 0, 16, 16], "texture": "#3"}
			}
		},
		{
			"from": [10.1, -11.8, 4.8],
			"to": [14.1, -10.8, 8.8],
			"rotation": {"angle": 22.5, "axis": "y", "origin": [0, -1, 0]},
			"faces": {
				"north": {"uv": [9.25, 8.75, 10.25, 9.5], "rotation": 180, "texture": "#1"},
				"east": {"uv": [9.25, 8.25, 10, 9.25], "rotation": 270, "texture": "#1"},
				"south": {"uv": [9.5, 8.5, 10.5, 9.25], "texture": "#1"},
				"west": {"uv": [11.5, 8.5, 12.25, 9.5], "rotation": 90, "texture": "#1"},
				"up": {"uv": [9, 8.25, 10, 9.25], "rotation": 180, "texture": "#1"},
				"down": {"uv": [9.5, 8.75, 10.5, 9.75], "texture": "#1"}
			}
		},
		{
			"from": [10.1, -12.5, 4.8],
			"to": [14.1, -12.1, 8.8],
			"rotation": {"angle": 22.5, "axis": "y", "origin": [0, -1, 0]},
			"faces": {
				"north": {"uv": [9.25, 8.75, 10.25, 9.5], "rotation": 180, "texture": "#1"},
				"east": {"uv": [9.25, 8.25, 10, 9.25], "rotation": 270, "texture": "#1"},
				"south": {"uv": [9.5, 8.5, 10.5, 9.25], "texture": "#1"},
				"west": {"uv": [11.5, 8.5, 12.25, 9.5], "rotation": 90, "texture": "#1"},
				"up": {"uv": [9, 8.25, 10, 9.25], "rotation": 180, "texture": "#1"},
				"down": {"uv": [9.5, 8.75, 10.5, 9.75], "texture": "#1"}
			}
		},
		{
			"from": [10.1, -13.8, 4.8],
			"to": [14.1, -12.8, 8.8],
			"rotation": {"angle": 22.5, "axis": "y", "origin": [0, -1, 0]},
			"faces": {
				"north": {"uv": [9.25, 8.75, 10.25, 9.5], "rotation": 180, "texture": "#1"},
				"east": {"uv": [9.25, 8.25, 10, 9.25], "rotation": 270, "texture": "#1"},
				"south": {"uv": [9.5, 8.5, 10.5, 9.25], "texture": "#1"},
				"west": {"uv": [11.5, 8.5, 12.25, 9.5], "rotation": 90, "texture": "#1"},
				"up": {"uv": [9, 8.25, 10, 9.25], "rotation": 180, "texture": "#1"},
				"down": {"uv": [9.5, 8.75, 10.5, 9.75], "texture": "#1"}
			}
		},
		{
			"from": [10.3, -12.8, 5],
			"to": [13.9, -11.8, 8.6],
			"rotation": {"angle": 22.5, "axis": "y", "origin": [0, -1, 0]},
			"faces": {
				"north": {"uv": [9.25, 9.75, 10, 10.5], "rotation": 180, "texture": "#1"},
				"east": {"uv": [9.25, 9.75, 10, 10.5], "rotation": 270, "texture": "#1"},
				"south": {"uv": [9.5, 9.75, 10.25, 10.5], "texture": "#1"},
				"west": {"uv": [11.5, 9.75, 12.25, 10.5], "rotation": 90, "texture": "#1"},
				"up": {"uv": [9, 9.75, 9.75, 10.5], "rotation": 180, "texture": "#1"},
				"down": {"uv": [9.5, 9.75, 10.25, 10.5], "texture": "#1"}
			}
		},
		{
			"from": [10.6, -10.85, 5.3],
			"to": [13.6, -10.6, 8.3],
			"rotation": {"angle": 22.5, "axis": "y", "origin": [0, -1, 0]},
			"faces": {
				"north": {"uv": [9.25, 10.75, 10, 10.8125], "rotation": 180, "texture": "#1"},
				"east": {"uv": [9, 10.5, 9.0625, 11.25], "rotation": 270, "texture": "#1"},
				"south": {"uv": [9, 10.75, 9.75, 10.8125], "texture": "#1"},
				"west": {"uv": [9, 10.5, 9.0625, 11.25], "rotation": 90, "texture": "#1"},
				"up": {"uv": [9.25, 10.5, 10, 11.25], "rotation": 180, "texture": "#1"},
				"down": {"uv": [9.25, 10.5, 10, 11.25], "texture": "#1"}
			}
		},
		{
			"from": [10.6, -14.05, 5.3],
			"to": [13.6, -13.8, 8.3],
			"rotation": {"angle": 22.5, "axis": "y", "origin": [0, -1, 0]},
			"faces": {
				"north": {"uv": [9.25, 10.75, 10, 10.8125], "rotation": 180, "texture": "#1"},
				"east": {"uv": [9, 10.5, 9.0625, 11.25], "rotation": 270, "texture": "#1"},
				"south": {"uv": [9, 10.75, 9.75, 10.8125], "texture": "#1"},
				"west": {"uv": [9, 10.5, 9.0625, 11.25], "rotation": 90, "texture": "#1"},
				"up": {"uv": [9.25, 10.5, 10, 11.25], "rotation": 180, "texture": "#1"},
				"down": {"uv": [9.25, 10.5, 10, 11.25], "texture": "#1"}
			}
		},
		{
			"from": [-10.3, -11.8, 10.7],
			"to": [-6.3, -10.8, 14.7],
			"rotation": {"angle": 45, "axis": "y", "origin": [0, -1, 0]},
			"faces": {
				"north": {"uv": [9.25, 8.75, 10.25, 9.5], "rotation": 180, "texture": "#1"},
				"east": {"uv": [9.25, 8.25, 10, 9.25], "rotation": 270, "texture": "#1"},
				"south": {"uv": [9.5, 8.5, 10.5, 9.25], "texture": "#1"},
				"west": {"uv": [11.5, 8.5, 12.25, 9.5], "rotation": 90, "texture": "#1"},
				"up": {"uv": [9, 8.25, 10, 9.25], "rotation": 180, "texture": "#1"},
				"down": {"uv": [9.5, 8.75, 10.5, 9.75], "texture": "#1"}
			}
		},
		{
			"from": [-10.3, -12.5, 10.7],
			"to": [-6.3, -12.1, 14.7],
			"rotation": {"angle": 45, "axis": "y", "origin": [0, -1, 0]},
			"faces": {
				"north": {"uv": [9.25, 8.75, 10.25, 9.5], "rotation": 180, "texture": "#1"},
				"east": {"uv": [9.25, 8.25, 10, 9.25], "rotation": 270, "texture": "#1"},
				"south": {"uv": [9.5, 8.5, 10.5, 9.25], "texture": "#1"},
				"west": {"uv": [11.5, 8.5, 12.25, 9.5], "rotation": 90, "texture": "#1"},
				"up": {"uv": [9, 8.25, 10, 9.25], "rotation": 180, "texture": "#1"},
				"down": {"uv": [9.5, 8.75, 10.5, 9.75], "texture": "#1"}
			}
		},
		{
			"from": [-10.3, -13.8, 10.7],
			"to": [-6.3, -12.8, 14.7],
			"rotation": {"angle": 45, "axis": "y", "origin": [0, -1, 0]},
			"faces": {
				"north": {"uv": [9.25, 8.75, 10.25, 9.5], "rotation": 180, "texture": "#1"},
				"east": {"uv": [9.25, 8.25, 10, 9.25], "rotation": 270, "texture": "#1"},
				"south": {"uv": [9.5, 8.5, 10.5, 9.25], "texture": "#1"},
				"west": {"uv": [11.5, 8.5, 12.25, 9.5], "rotation": 90, "texture": "#1"},
				"up": {"uv": [9, 8.25, 10, 9.25], "rotation": 180, "texture": "#1"},
				"down": {"uv": [9.5, 8.75, 10.5, 9.75], "texture": "#1"}
			}
		},
		{
			"from": [-10.1, -12.8, 10.9],
			"to": [-6.5, -11.8, 14.5],
			"rotation": {"angle": 45, "axis": "y", "origin": [0, -1, 0]},
			"faces": {
				"north": {"uv": [9.25, 9.75, 10, 10.5], "rotation": 180, "texture": "#1"},
				"east": {"uv": [9.25, 9.75, 10, 10.5], "rotation": 270, "texture": "#1"},
				"south": {"uv": [9.5, 9.75, 10.25, 10.5], "texture": "#1"},
				"west": {"uv": [11.5, 9.75, 12.25, 10.5], "rotation": 90, "texture": "#1"},
				"up": {"uv": [9, 9.75, 9.75, 10.5], "rotation": 180, "texture": "#1"},
				"down": {"uv": [9.5, 9.75, 10.25, 10.5], "texture": "#1"}
			}
		},
		{
			"from": [-9.8, -10.85, 11.2],
			"to": [-6.8, -10.6, 14.2],
			"rotation": {"angle": 45, "axis": "y", "origin": [0, -1, 0]},
			"faces": {
				"north": {"uv": [9.25, 10.75, 10, 10.8125], "rotation": 180, "texture": "#1"},
				"east": {"uv": [9, 10.5, 9.0625, 11.25], "rotation": 270, "texture": "#1"},
				"south": {"uv": [9, 10.75, 9.75, 10.8125], "texture": "#1"},
				"west": {"uv": [9, 10.5, 9.0625, 11.25], "rotation": 90, "texture": "#1"},
				"up": {"uv": [9.25, 10.5, 10, 11.25], "rotation": 180, "texture": "#1"},
				"down": {"uv": [9.25, 10.5, 10, 11.25], "texture": "#1"}
			}
		},
		{
			"from": [-9.8, -14.05, 11.2],
			"to": [-6.8, -13.8, 14.2],
			"rotation": {"angle": 45, "axis": "y", "origin": [0, -1, 0]},
			"faces": {
				"north": {"uv": [9.25, 10.75, 10, 10.8125], "rotation": 180, "texture": "#1"},
				"east": {"uv": [9, 10.5, 9.0625, 11.25], "rotation": 270, "texture": "#1"},
				"south": {"uv": [9, 10.75, 9.75, 10.8125], "texture": "#1"},
				"west": {"uv": [9, 10.5, 9.0625, 11.25], "rotation": 90, "texture": "#1"},
				"up": {"uv": [9.25, 10.5, 10, 11.25], "rotation": 180, "texture": "#1"},
				"down": {"uv": [9.25, 10.5, 10, 11.25], "texture": "#1"}
			}
		},
		{
			"from": [2.8, -14.1, 8.2],
			"to": [6.8, -10.1, 9.2],
			"rotation": {"angle": -22.5, "axis": "y", "origin": [0, -1, 0]},
			"faces": {
				"north": {"uv": [9.5, 8.75, 10.5, 9.75], "rotation": 270, "texture": "#1"},
				"east": {"uv": [9.5, 8.5, 10.5, 9.25], "rotation": 270, "texture": "#1"},
				"south": {"uv": [9, 8.25, 10, 9.25], "rotation": 90, "texture": "#1"},
				"west": {"uv": [9.25, 8.75, 10.25, 9.5], "rotation": 270, "texture": "#1"},
				"up": {"uv": [9.25, 8.25, 10, 9.25], "rotation": 90, "texture": "#1"},
				"down": {"uv": [11.5, 8.5, 12.25, 9.5], "rotation": 90, "texture": "#1"}
			}
		},
		{
			"from": [2.8, -14.1, 7.5],
			"to": [6.8, -10.1, 7.9],
			"rotation": {"angle": -22.5, "axis": "y", "origin": [0, -1, 0]},
			"faces": {
				"north": {"uv": [9.5, 8.75, 10.5, 9.75], "rotation": 270, "texture": "#1"},
				"east": {"uv": [9.5, 8.5, 10.5, 9.25], "rotation": 270, "texture": "#1"},
				"south": {"uv": [9, 8.25, 10, 9.25], "rotation": 90, "texture": "#1"},
				"west": {"uv": [9.25, 8.75, 10.25, 9.5], "rotation": 270, "texture": "#1"},
				"up": {"uv": [9.25, 8.25, 10, 9.25], "rotation": 90, "texture": "#1"},
				"down": {"uv": [11.5, 8.5, 12.25, 9.5], "rotation": 90, "texture": "#1"}
			}
		},
		{
			"from": [2.8, -14.1, 6.2],
			"to": [6.8, -10.1, 7.2],
			"rotation": {"angle": -22.5, "axis": "y", "origin": [0, -1, 0]},
			"faces": {
				"north": {"uv": [9.5, 8.75, 10.5, 9.75], "rotation": 270, "texture": "#1"},
				"east": {"uv": [9.5, 8.5, 10.5, 9.25], "rotation": 270, "texture": "#1"},
				"south": {"uv": [9, 8.25, 10, 9.25], "rotation": 90, "texture": "#1"},
				"west": {"uv": [9.25, 8.75, 10.25, 9.5], "rotation": 270, "texture": "#1"},
				"up": {"uv": [9.25, 8.25, 10, 9.25], "rotation": 90, "texture": "#1"},
				"down": {"uv": [11.5, 8.5, 12.25, 9.5], "rotation": 90, "texture": "#1"}
			}
		},
		{
			"from": [3, -13.9, 7.2],
			"to": [6.6, -10.3, 8.2],
			"rotation": {"angle": -22.5, "axis": "y", "origin": [0, -1, 0]},
			"faces": {
				"north": {"uv": [9.5, 9.75, 10.25, 10.5], "rotation": 270, "texture": "#1"},
				"east": {"uv": [9.5, 9.75, 10.25, 10.5], "rotation": 270, "texture": "#1"},
				"south": {"uv": [9, 9.75, 9.75, 10.5], "rotation": 90, "texture": "#1"},
				"west": {"uv": [9.25, 9.75, 10, 10.5], "rotation": 270, "texture": "#1"},
				"up": {"uv": [9.25, 9.75, 10, 10.5], "rotation": 90, "texture": "#1"},
				"down": {"uv": [11.5, 9.75, 12.25, 10.5], "rotation": 90, "texture": "#1"}
			}
		},
		{
			"from": [3.3, -13.6, 9.15],
			"to": [6.3, -10.6, 9.4],
			"rotation": {"angle": -22.5, "axis": "y", "origin": [0, -1, 0]},
			"faces": {
				"north": {"uv": [9.25, 10.5, 10, 11.25], "rotation": 270, "texture": "#1"},
				"east": {"uv": [9, 10.75, 9.75, 10.8125], "rotation": 270, "texture": "#1"},
				"south": {"uv": [9.25, 10.5, 10, 11.25], "rotation": 90, "texture": "#1"},
				"west": {"uv": [9.25, 10.75, 10, 10.8125], "rotation": 270, "texture": "#1"},
				"up": {"uv": [9, 10.5, 9.0625, 11.25], "rotation": 90, "texture": "#1"},
				"down": {"uv": [9, 10.5, 9.0625, 11.25], "rotation": 90, "texture": "#1"}
			}
		},
		{
			"from": [3.3, -13.6, 5.95],
			"to": [6.3, -10.6, 6.2],
			"rotation": {"angle": -22.5, "axis": "y", "origin": [0, -1, 0]},
			"faces": {
				"north": {"uv": [9.25, 10.5, 10, 11.25], "rotation": 270, "texture": "#1"},
				"east": {"uv": [9, 10.75, 9.75, 10.8125], "rotation": 270, "texture": "#1"},
				"south": {"uv": [9.25, 10.5, 10, 11.25], "rotation": 90, "texture": "#1"},
				"west": {"uv": [9.25, 10.75, 10, 10.8125], "rotation": 270, "texture": "#1"},
				"up": {"uv": [9, 10.5, 9.0625, 11.25], "rotation": 90, "texture": "#1"},
				"down": {"uv": [9, 10.5, 9.0625, 11.25], "rotation": 90, "texture": "#1"}
			}
		}
	],
	"display": {
		"thirdperson_righthand": {
			"rotation": [60, 0, 0],
			"translation": [0, 1.5, 2],
			"scale": [0.2, 0.2, 0.2]
		},
		"thirdperson_lefthand": {
			"rotation": [60, 0, 0],
			"translation": [0, 1.5, 2],
			"scale": [0.2, 0.2, 0.2]
		},
		"firstperson_righthand": {
			"rotation": [0, 135, 0],
			"translation": [0, 6.5, 0],
			"scale": [0.2, 0.2, 0.2]
		},
		"firstperson_lefthand": {
			"rotation": [0, 135, 0],
			"translation": [0, 6.5, 0],
			"scale": [0.2, 0.2, 0.2]
		},
		"ground": {
			"translation": [0, 20, 0]
		},
		"gui": {
			"rotation": [30, 135, 0],
			"translation": [0, 11.5, 0]
		},
		"head": {
			"translation": [0, -7.5, 0],
			"scale": [1.5, 1.5, 1.5]
		},
		"fixed": {
			"translation": [0, 4, -1.5],
			"scale": [0.5, 0.5, 0.5]
		}
	},
	"groups": [
		{
			"name": "plate",
			"origin": [0, 0, 0],
			"color": 0,
			"children": [0, 1]
		},
		{
			"name": "ammo",
			"origin": [8, 8, 8],
			"color": 0,
			"children": [2, 3, 4, 5, 6, 7]
		},
		{
			"name": "ammo",
			"origin": [8, 8, 8],
			"color": 0,
			"children": [8, 9, 10, 11, 12, 13]
		},
		{
			"name": "ammo",
			"origin": [8, 8, 8],
			"color": 0,
			"children": [14, 15, 16, 17, 18, 19]
		}
	]
}