{
	"credit": "Made with Blockbench",
	"texture_size": [64, 64],
	"textures": {
		"1": "item/minigunner/minigunner2",
		"particle": "item/minigunner/minigunner2"
	},
	"elements": [
		{
			"name": "RL",
			"from": [7.1, -16, 11.5],
			"to": [10.1, -6, 14.5],
			"rotation": {"angle": -22.5, "axis": "x", "origin": [9.6, -8.73333, 9]},
			"faces": {
				"north": {"uv": [1, 5, 2, 8], "texture": "#1"},
				"east": {"uv": [0, 5, 1, 8], "texture": "#1"},
				"south": {"uv": [3, 5, 4, 8], "texture": "#1"},
				"west": {"uv": [2, 5, 3, 8], "texture": "#1"},
				"up": {"uv": [1, 4, 2, 5], "texture": "#1"},
				"down": {"uv": [2, 4, 3, 5], "texture": "#1"}
			}
		},
		{
			"from": [6.6, -10.3, 11],
			"to": [10.6, -9.3, 15],
			"rotation": {"angle": -22.5, "axis": "x", "origin": [9.6, -8.73333, 9]},
			"faces": {
				"north": {"uv": [13.5, 5, 14.5, 5.25], "texture": "#1"},
				"east": {"uv": [13.5, 5, 14.5, 5.25], "texture": "#1"},
				"south": {"uv": [13.75, 5, 14.75, 5.25], "texture": "#1"},
				"west": {"uv": [13.5, 5, 14.5, 5.25], "texture": "#1"},
				"up": {"uv": [13.5, 5, 14.5, 6], "texture": "#1"},
				"down": {"uv": [13.5, 5, 14.5, 6], "texture": "#1"}
			}
		},
		{
			"from": [6.6, -8.9, 11],
			"to": [10.6, -7.9, 15],
			"rotation": {"angle": -22.5, "axis": "x", "origin": [9.6, -8.73333, 9]},
			"faces": {
				"north": {"uv": [13.5, 5, 14.5, 5.25], "texture": "#1"},
				"east": {"uv": [13.5, 5, 14.5, 5.25], "texture": "#1"},
				"south": {"uv": [13.75, 5, 14.75, 5.25], "texture": "#1"},
				"west": {"uv": [13.5, 5, 14.5, 5.25], "texture": "#1"},
				"up": {"uv": [13.5, 5, 14.5, 6], "texture": "#1"},
				"down": {"uv": [13.5, 5, 14.5, 6], "texture": "#1"}
			}
		},
		{
			"name": "LL",
			"from": [4.9, -16, 3.5],
			"to": [7.9, -6, 6.5],
			"rotation": {"angle": 22.5, "axis": "x", "origin": [6.4, -8.73333, 9]},
			"faces": {
				"north": {"uv": [5, 13, 6, 16], "texture": "#1"},
				"east": {"uv": [4, 13, 5, 16], "texture": "#1"},
				"south": {"uv": [7, 13, 8, 16], "texture": "#1"},
				"west": {"uv": [6, 13, 7, 16], "texture": "#1"},
				"up": {"uv": [5, 12, 6, 13], "texture": "#1"},
				"down": {"uv": [6, 12, 7, 13], "texture": "#1"}
			}
		},
		{
			"from": [4.4, -10.3, 3],
			"to": [8.4, -9.3, 7],
			"rotation": {"angle": 22.5, "axis": "x", "origin": [6.4, -8.73333, 9]},
			"faces": {
				"north": {"uv": [13.5, 5, 14.5, 5.25], "texture": "#1"},
				"east": {"uv": [13.5, 5, 14.5, 5.25], "texture": "#1"},
				"south": {"uv": [13.75, 5, 14.75, 5.25], "texture": "#1"},
				"west": {"uv": [13.5, 5, 14.5, 5.25], "texture": "#1"},
				"up": {"uv": [13.5, 5, 14.5, 6], "texture": "#1"},
				"down": {"uv": [13.5, 5, 14.5, 6], "texture": "#1"}
			}
		},
		{
			"from": [4.4, -8.9, 3],
			"to": [8.4, -7.9, 7],
			"rotation": {"angle": 22.5, "axis": "x", "origin": [6.4, -8.73333, 9]},
			"faces": {
				"north": {"uv": [13.5, 5, 14.5, 5.25], "texture": "#1"},
				"east": {"uv": [13.5, 5, 14.5, 5.25], "texture": "#1"},
				"south": {"uv": [13.75, 5, 14.75, 5.25], "texture": "#1"},
				"west": {"uv": [13.5, 5, 14.5, 5.25], "texture": "#1"},
				"up": {"uv": [13.5, 5, 14.5, 6], "texture": "#1"},
				"down": {"uv": [13.5, 5, 14.5, 6], "texture": "#1"}
			}
		}
	],
	"display": {
		"thirdperson_righthand": {
			"rotation": [60, 0, 0],
			"translation": [0, 1.5, 2],
			"scale": [0.2, 0.2, 0.2]
		},
		"thirdperson_lefthand": {
			"rotation": [60, 0, 0],
			"translation": [0, 1.5, 2],
			"scale": [0.2, 0.2, 0.2]
		},
		"firstperson_righthand": {
			"rotation": [0, 135, 0],
			"translation": [0, 6.5, 0],
			"scale": [0.2, 0.2, 0.2]
		},
		"firstperson_lefthand": {
			"rotation": [0, 135, 0],
			"translation": [0, 6.5, 0],
			"scale": [0.2, 0.2, 0.2]
		},
		"ground": {
			"translation": [0, 20, 0]
		},
		"gui": {
			"rotation": [30, 135, 0],
			"translation": [0, 11.5, 0]
		},
		"head": {
			"translation": [0, -1.75, -1.5],
			"scale": [1.5, 1.5, 1.5]
		},
		"fixed": {
			"translation": [0, 4, -1.5],
			"scale": [0.5, 0.5, 0.5]
		}
	},
	"groups": [
		{
			"name": "charactor",
			"origin": [8, 8, 8],
			"color": 0,
			"children": [
				{
					"name": "RL",
					"origin": [0, 0, 0],
					"color": 0,
					"children": [0, 1, 2]
				},
				{
					"name": "LL",
					"origin": [0, 0, 0],
					"color": 0,
					"children": [3, 4, 5]
				}
			]
		}
	]
}