{
	"credit": "Made with Blockbench",
	"texture_size": [64, 64],
	"textures": {
		"1": "item/minigunner/minigunner2",
		"particle": "item/minigunner/minigunner2"
	},
	"elements": [
		{
			"from": [3, 6, 8],
			"to": [4, 9, 11],
			"rotation": {"angle": 0, "axis": "y", "origin": [7.90278, 2.49753, 9.80585]},
			"faces": {
				"north": {"uv": [15.25, 6, 15.5, 8], "texture": "#1"},
				"east": {"uv": [13.5, 6, 15.5, 8], "texture": "#1"},
				"south": {"uv": [15.25, 6, 15.5, 8], "texture": "#1"},
				"west": {"uv": [13.5, 6, 15.5, 8], "texture": "#1"},
				"up": {"uv": [15.25, 6, 15.5, 8], "texture": "#1"},
				"down": {"uv": [15.25, 6, 15.5, 8], "texture": "#1"}
			}
		},
		{
			"from": [12, 6, 8],
			"to": [13, 9, 11],
			"rotation": {"angle": 0, "axis": "y", "origin": [7.90278, 2.49753, 9.80585]},
			"faces": {
				"north": {"uv": [15.25, 6, 15.5, 8], "texture": "#1"},
				"east": {"uv": [13.5, 6, 15.5, 8], "texture": "#1"},
				"south": {"uv": [15.25, 6, 15.5, 8], "texture": "#1"},
				"west": {"uv": [13.5, 6, 15.5, 8], "texture": "#1"},
				"up": {"uv": [15.25, 6, 15.5, 8], "texture": "#1"},
				"down": {"uv": [15.25, 6, 15.5, 8], "texture": "#1"}
			}
		},
		{
			"from": [3.2, 5.95819, 14.39894],
			"to": [3.8, 6.95819, 19.39894],
			"rotation": {"angle": -45, "axis": "x", "origin": [7.90278, 2.49753, 9.80585]},
			"faces": {
				"north": {"uv": [14.5, 4.5, 14.75, 5], "texture": "#1"},
				"east": {"uv": [14.5, 4.5, 16, 5], "rotation": 180, "texture": "#1"},
				"south": {"uv": [15.75, 4.5, 16, 5], "texture": "#1"},
				"west": {"uv": [14.5, 4.5, 16, 5], "texture": "#1"},
				"up": {"uv": [14.5, 4.5, 16, 4.75], "rotation": 90, "texture": "#1"},
				"down": {"uv": [14.5, 4.75, 16, 5], "rotation": 270, "texture": "#1"}
			}
		},
		{
			"from": [3.3, 5.45819, 13.39894],
			"to": [3.7, 5.95819, 18.39894],
			"rotation": {"angle": -45, "axis": "x", "origin": [7.90278, 2.49753, 9.80585]},
			"faces": {
				"north": {"uv": [14.5, 4.5, 14.75, 5], "texture": "#1"},
				"east": {"uv": [14.5, 4.5, 16, 5], "rotation": 180, "texture": "#1"},
				"south": {"uv": [15.75, 4.5, 16, 5], "texture": "#1"},
				"west": {"uv": [14.5, 4.5, 16, 5], "texture": "#1"},
				"up": {"uv": [14.5, 4.5, 16, 4.75], "rotation": 90, "texture": "#1"},
				"down": {"uv": [14.5, 4.75, 16, 5], "rotation": 270, "texture": "#1"}
			}
		},
		{
			"from": [3.4, 4.95819, 12.39894],
			"to": [3.6, 5.45819, 17.39894],
			"rotation": {"angle": -45, "axis": "x", "origin": [7.90278, 2.49753, 9.80585]},
			"faces": {
				"north": {"uv": [14.5, 4.5, 14.75, 5], "texture": "#1"},
				"east": {"uv": [14.5, 4.5, 16, 5], "rotation": 180, "texture": "#1"},
				"south": {"uv": [15.75, 4.5, 16, 5], "texture": "#1"},
				"west": {"uv": [14.5, 4.5, 16, 5], "texture": "#1"},
				"up": {"uv": [14.5, 4.5, 16, 4.75], "rotation": 90, "texture": "#1"},
				"down": {"uv": [14.5, 4.75, 16, 5], "rotation": 270, "texture": "#1"}
			}
		},
		{
			"from": [12.2, 5.95819, 14.39894],
			"to": [12.8, 6.95819, 19.39894],
			"rotation": {"angle": -45, "axis": "x", "origin": [7.90278, 2.49753, 9.80585]},
			"faces": {
				"north": {"uv": [14.5, 4.5, 14.75, 5], "texture": "#1"},
				"east": {"uv": [14.5, 4.5, 16, 5], "rotation": 180, "texture": "#1"},
				"south": {"uv": [15.75, 4.5, 16, 5], "texture": "#1"},
				"west": {"uv": [14.5, 4.5, 16, 5], "texture": "#1"},
				"up": {"uv": [14.5, 4.5, 16, 4.75], "rotation": 90, "texture": "#1"},
				"down": {"uv": [14.5, 4.75, 16, 5], "rotation": 270, "texture": "#1"}
			}
		},
		{
			"from": [12.3, 5.45819, 13.39894],
			"to": [12.7, 5.95819, 18.39894],
			"rotation": {"angle": -45, "axis": "x", "origin": [7.90278, 2.49753, 9.80585]},
			"faces": {
				"north": {"uv": [14.5, 4.5, 14.75, 5], "texture": "#1"},
				"east": {"uv": [14.5, 4.5, 16, 5], "rotation": 180, "texture": "#1"},
				"south": {"uv": [15.75, 4.5, 16, 5], "texture": "#1"},
				"west": {"uv": [14.5, 4.5, 16, 5], "texture": "#1"},
				"up": {"uv": [14.5, 4.5, 16, 4.75], "rotation": 90, "texture": "#1"},
				"down": {"uv": [14.5, 4.75, 16, 5], "rotation": 270, "texture": "#1"}
			}
		},
		{
			"from": [12.4, 4.95819, 12.39894],
			"to": [12.6, 5.45819, 17.39894],
			"rotation": {"angle": -45, "axis": "x", "origin": [7.90278, 2.49753, 9.80585]},
			"faces": {
				"north": {"uv": [14.5, 4.5, 14.75, 5], "texture": "#1"},
				"east": {"uv": [14.5, 4.5, 16, 5], "rotation": 180, "texture": "#1"},
				"south": {"uv": [15.75, 4.5, 16, 5], "texture": "#1"},
				"west": {"uv": [14.5, 4.5, 16, 5], "texture": "#1"},
				"up": {"uv": [14.5, 4.5, 16, 4.75], "rotation": 90, "texture": "#1"},
				"down": {"uv": [14.5, 4.75, 16, 5], "rotation": 270, "texture": "#1"}
			}
		},
		{
			"name": "H",
			"from": [4, 5, 5],
			"to": [12, 13, 13],
			"rotation": {"angle": 0, "axis": "y", "origin": [8, 9, 9]},
			"faces": {
				"north": {"uv": [2, 2, 4, 4], "texture": "#1"},
				"east": {"uv": [0, 2, 2, 4], "texture": "#1"},
				"south": {"uv": [6, 2, 8, 4], "texture": "#1"},
				"west": {"uv": [4, 2, 6, 4], "texture": "#1"},
				"up": {"uv": [2, 0, 4, 2], "texture": "#1"},
				"down": {"uv": [4, 0, 6, 2], "texture": "#1"}
			}
		},
		{
			"from": [4, 2, 7],
			"to": [5, 5, 8],
			"rotation": {"angle": 0, "axis": "y", "origin": [7.90278, 2.49753, 9.80585]},
			"faces": {
				"north": {"uv": [1.5, 13.5, 1.75, 14.25], "texture": "#1"},
				"east": {"uv": [1.75, 12.75, 2, 13.5], "texture": "#1"},
				"south": {"uv": [0.75, 13, 1, 13.75], "texture": "#1"},
				"west": {"uv": [1.5, 12.75, 1.75, 13.5], "texture": "#1"},
				"up": {"uv": [1.25, 13.5, 1.5, 13.75], "texture": "#1"},
				"down": {"uv": [1.5, 13.5, 1.75, 13.75], "texture": "#1"}
			}
		},
		{
			"from": [4, 2.5, 8],
			"to": [5, 5, 9],
			"rotation": {"angle": 0, "axis": "y", "origin": [7.90278, 2.49753, 9.80585]},
			"faces": {
				"north": {"uv": [1, 14.75, 1.25, 15.5], "texture": "#1"},
				"east": {"uv": [0.5, 14.25, 0.75, 15], "texture": "#1"},
				"south": {"uv": [2.75, 14.75, 3, 15.5], "texture": "#1"},
				"west": {"uv": [2.25, 13.5, 2.5, 14.25], "texture": "#1"},
				"up": {"uv": [1.75, 13.25, 2, 13.5], "texture": "#1"},
				"down": {"uv": [1.5, 13.5, 1.75, 13.75], "texture": "#1"}
			}
		},
		{
			"from": [11, 2, 7],
			"to": [12, 5, 8],
			"rotation": {"angle": 0, "axis": "y", "origin": [7.90278, 2.49753, 9.80585]},
			"faces": {
				"north": {"uv": [1.5, 13.5, 1.75, 14.25], "texture": "#1"},
				"east": {"uv": [1.75, 12.75, 2, 13.5], "texture": "#1"},
				"south": {"uv": [0.75, 13, 1, 13.75], "texture": "#1"},
				"west": {"uv": [1.5, 12.75, 1.75, 13.5], "texture": "#1"},
				"up": {"uv": [1.25, 13.5, 1.5, 13.75], "texture": "#1"},
				"down": {"uv": [1.5, 13.5, 1.75, 13.75], "texture": "#1"}
			}
		},
		{
			"from": [11, 2.5, 8],
			"to": [12, 5, 9],
			"rotation": {"angle": 0, "axis": "y", "origin": [7.90278, 2.49753, 9.80585]},
			"faces": {
				"north": {"uv": [1.5, 13.5, 1.75, 14.25], "texture": "#1"},
				"east": {"uv": [1.75, 12.75, 2, 13.5], "texture": "#1"},
				"south": {"uv": [0.75, 13, 1, 13.75], "texture": "#1"},
				"west": {"uv": [1.5, 12.75, 1.75, 13.5], "texture": "#1"},
				"up": {"uv": [1.25, 13.5, 1.5, 13.75], "texture": "#1"},
				"down": {"uv": [1.5, 13.5, 1.75, 13.75], "texture": "#1"}
			}
		},
		{
			"from": [11, 3, 9],
			"to": [12, 5, 10],
			"rotation": {"angle": 0, "axis": "y", "origin": [7.90278, 2.49753, 9.80585]},
			"faces": {
				"north": {"uv": [0.25, 14, 0.5, 14.75], "texture": "#1"},
				"east": {"uv": [2.25, 14, 2.5, 14.75], "texture": "#1"},
				"south": {"uv": [2.75, 14, 3, 14.75], "texture": "#1"},
				"west": {"uv": [1, 14.75, 1.25, 15.5], "texture": "#1"},
				"up": {"uv": [1.25, 13.5, 1.5, 13.75], "texture": "#1"},
				"down": {"uv": [1.5, 13.5, 1.75, 13.75], "texture": "#1"}
			}
		},
		{
			"from": [4, 3, 9],
			"to": [5, 5, 10],
			"rotation": {"angle": 0, "axis": "y", "origin": [7.90278, 2.49753, 9.80585]},
			"faces": {
				"north": {"uv": [0.25, 14, 0.5, 14.75], "texture": "#1"},
				"east": {"uv": [2.25, 14, 2.5, 14.75], "texture": "#1"},
				"south": {"uv": [2.75, 14, 3, 14.75], "texture": "#1"},
				"west": {"uv": [1, 14.75, 1.25, 15.5], "texture": "#1"},
				"up": {"uv": [1.25, 13.5, 1.5, 13.75], "texture": "#1"},
				"down": {"uv": [1.5, 13.5, 1.75, 13.75], "texture": "#1"}
			}
		},
		{
			"from": [4, 3, 9],
			"to": [5, 5, 10],
			"rotation": {"angle": 0, "axis": "y", "origin": [7.90278, 2.49753, 9.80585]},
			"faces": {
				"north": {"uv": [0.75, 14.5, 1, 15.25], "texture": "#1"},
				"east": {"uv": [1.5, 13.5, 1.75, 14.25], "texture": "#1"},
				"south": {"uv": [3, 14.25, 3.25, 15], "texture": "#1"},
				"west": {"uv": [2.25, 14, 2.5, 14.75], "texture": "#1"},
				"up": {"uv": [1.25, 13.5, 1.5, 13.75], "texture": "#1"},
				"down": {"uv": [1.5, 13.5, 1.75, 13.75], "texture": "#1"}
			}
		},
		{
			"from": [4, 3.5, 10],
			"to": [5, 5, 11],
			"rotation": {"angle": 0, "axis": "y", "origin": [7.90278, 2.49753, 9.80585]},
			"faces": {
				"north": {"uv": [2, 13.75, 2.25, 14.5], "texture": "#1"},
				"east": {"uv": [0.75, 11.75, 1, 12.5], "texture": "#1"},
				"south": {"uv": [1, 14.5, 1.25, 15.25], "texture": "#1"},
				"west": {"uv": [2.5, 12.5, 2.75, 13.25], "texture": "#1"},
				"up": {"uv": [1.25, 13.5, 1.5, 13.75], "texture": "#1"},
				"down": {"uv": [1.5, 13.5, 1.75, 13.75], "texture": "#1"}
			}
		},
		{
			"from": [11, 3.5, 10],
			"to": [12, 5, 11],
			"rotation": {"angle": 0, "axis": "y", "origin": [7.90278, 2.49753, 9.80585]},
			"faces": {
				"north": {"uv": [2, 13.75, 2.25, 14.5], "texture": "#1"},
				"east": {"uv": [0.75, 11.75, 1, 12.5], "texture": "#1"},
				"south": {"uv": [1, 14.5, 1.25, 15.25], "texture": "#1"},
				"west": {"uv": [2.5, 12.5, 2.75, 13.25], "texture": "#1"},
				"up": {"uv": [1.25, 13.5, 1.5, 13.75], "texture": "#1"},
				"down": {"uv": [1.5, 13.5, 1.75, 13.75], "texture": "#1"}
			}
		},
		{
			"from": [11, 4, 11],
			"to": [12, 5, 12],
			"rotation": {"angle": 0, "axis": "y", "origin": [7.90278, 2.49753, 9.80585]},
			"faces": {
				"north": {"uv": [0.25, 11.25, 0.5, 12], "texture": "#1"},
				"east": {"uv": [2.25, 13.5, 2.5, 14.25], "texture": "#1"},
				"south": {"uv": [1, 11.75, 1.25, 12.5], "texture": "#1"},
				"west": {"uv": [2, 11.5, 2.25, 12.25], "texture": "#1"},
				"up": {"uv": [1.25, 13.5, 1.5, 13.75], "texture": "#1"},
				"down": {"uv": [1.5, 13.5, 1.75, 13.75], "texture": "#1"}
			}
		},
		{
			"from": [4, 4, 11],
			"to": [5, 5, 12],
			"rotation": {"angle": 0, "axis": "y", "origin": [7.90278, 2.49753, 9.80585]},
			"faces": {
				"north": {"uv": [0.25, 11.25, 0.5, 12], "texture": "#1"},
				"east": {"uv": [2.25, 13.5, 2.5, 14.25], "texture": "#1"},
				"south": {"uv": [1, 11.75, 1.25, 12.5], "texture": "#1"},
				"west": {"uv": [2, 11.5, 2.25, 12.25], "texture": "#1"},
				"up": {"uv": [1.25, 13.5, 1.5, 13.75], "texture": "#1"},
				"down": {"uv": [1.5, 13.5, 1.75, 13.75], "texture": "#1"}
			}
		},
		{
			"from": [4, 4.5, 12],
			"to": [6, 5, 13],
			"rotation": {"angle": 0, "axis": "y", "origin": [7.90278, 2.49753, 9.80585]},
			"faces": {
				"north": {"uv": [0.25, 11.25, 0.5, 12], "texture": "#1"},
				"east": {"uv": [2.25, 13.5, 2.5, 14.25], "texture": "#1"},
				"south": {"uv": [1, 11.75, 1.25, 12.5], "texture": "#1"},
				"west": {"uv": [2, 11.5, 2.25, 12.25], "texture": "#1"},
				"up": {"uv": [1.25, 13.5, 1.5, 13.75], "texture": "#1"},
				"down": {"uv": [1.5, 13.5, 1.75, 13.75], "texture": "#1"}
			}
		},
		{
			"from": [10, 4.5, 12],
			"to": [12, 5, 13],
			"rotation": {"angle": 0, "axis": "y", "origin": [7.90278, 2.49753, 9.80585]},
			"faces": {
				"north": {"uv": [0.25, 11.25, 0.5, 12], "texture": "#1"},
				"east": {"uv": [2.25, 13.5, 2.5, 14.25], "texture": "#1"},
				"south": {"uv": [1, 11.75, 1.25, 12.5], "texture": "#1"},
				"west": {"uv": [2, 11.5, 2.25, 12.25], "texture": "#1"},
				"up": {"uv": [1.25, 13.5, 1.5, 13.75], "texture": "#1"},
				"down": {"uv": [1.5, 13.5, 1.75, 13.75], "texture": "#1"}
			}
		},
		{
			"from": [3.5, 6, 4],
			"to": [12.5, 9, 8],
			"rotation": {"angle": 0, "axis": "y", "origin": [8, 7.5, 6]},
			"faces": {
				"north": {"uv": [1.25, 8, 3.5, 8.75], "texture": "#1"},
				"east": {"uv": [0, 8, 1.25, 8.75], "texture": "#1"},
				"south": {"uv": [0, 0, 2, 0.75], "texture": "#1"},
				"west": {"uv": [0, 8, 1.25, 8.75], "rotation": 180, "texture": "#1"},
				"up": {"uv": [0, 0, 2, 1.25], "texture": "#1"},
				"down": {"uv": [0, 0, 2, 1.25], "texture": "#1"}
			}
		},
		{
			"from": [12.5, 6, 4],
			"to": [3.5, 9, 8],
			"faces": {
				"north": {"uv": [1.25, 8, 3.5, 8.75], "texture": "#1"},
				"east": {"uv": [0, 8, 1.25, 8.75], "texture": "#1"},
				"south": {"uv": [0, 0, 2, 0.75], "texture": "#1"},
				"west": {"uv": [0, 8, 1.25, 8.75], "rotation": 180, "texture": "#1"},
				"up": {"uv": [0, 0, 2, 1.25], "texture": "#1"},
				"down": {"uv": [0, 0, 2, 1.25], "texture": "#1"}
			}
		}
	],
	"display": {
		"thirdperson_righthand": {
			"rotation": [60, 0, 0],
			"translation": [0, 1.5, 2],
			"scale": [0.2, 0.2, 0.2]
		},
		"thirdperson_lefthand": {
			"rotation": [60, 0, 0],
			"translation": [0, 1.5, 2],
			"scale": [0.2, 0.2, 0.2]
		},
		"firstperson_righthand": {
			"rotation": [0, 135, 0],
			"translation": [0, 6.5, 0],
			"scale": [0.2, 0.2, 0.2]
		},
		"firstperson_lefthand": {
			"rotation": [0, 135, 0],
			"translation": [0, 6.5, 0],
			"scale": [0.2, 0.2, 0.2]
		},
		"ground": {
			"translation": [0, 20, 0]
		},
		"gui": {
			"rotation": [30, 135, 0],
			"translation": [0, 11.5, 0]
		},
		"head": {
			"translation": [0, -1.75, -1.5],
			"scale": [1.5, 1.5, 1.5]
		},
		"fixed": {
			"translation": [0, 4, -1.5],
			"scale": [0.5, 0.5, 0.5]
		}
	},
	"groups": [
		{
			"name": "charactor",
			"origin": [8, 8, 8],
			"color": 0,
			"children": [
				{
					"name": "H",
					"origin": [0, 0, 0],
					"color": 0,
					"children": [
						{
							"name": "P",
							"origin": [0, 0, 0],
							"color": 0,
							"children": [0, 1, 2, 3, 4, 5, 6, 7]
						}, 8, 9, 10, 11, 12, 13, 14, 15, 16, 17, 18, 19, 20, 21, 22, 23]
				}
			]
		}
	]
}