{
	"credit": "Made with Blockbench",
	"texture_size": [64, 64],
	"textures": {
		"1": "item/minigunner/minigunner3"
	},
	"elements": [
		{
			"name": "RA",
			"from": [6.20863, -6, 13.40307],
			"to": [9.20863, 4, 16.40307],
			"rotation": {"angle": 45, "axis": "z", "origin": [7.90278, 2.49753, 9.80585]},
			"faces": {
				"north": {"uv": [11.75, 5, 12.75, 8], "texture": "#1"},
				"east": {"uv": [11, 5, 11.75, 8], "texture": "#1"},
				"south": {"uv": [10, 5, 11, 8], "texture": "#1"},
				"west": {"uv": [12.75, 5, 13.5, 8], "texture": "#1"},
				"up": {"uv": [11, 4, 11.75, 5], "rotation": 90, "texture": "#1"},
				"down": {"uv": [11.75, 4, 12.5, 5], "rotation": 270, "texture": "#1"}
			}
		},
		{
			"from": [5.70863, 1.1, 12.90307],
			"to": [9.70863, 2.1, 16.90307],
			"rotation": {"angle": 45, "axis": "z", "origin": [7.90278, 2.49753, 9.80585]},
			"faces": {
				"north": {"uv": [13.5, 5, 14.5, 5.25], "texture": "#1"},
				"east": {"uv": [13.5, 5, 14.5, 5.25], "texture": "#1"},
				"south": {"uv": [13.5, 5, 14.5, 5.25], "texture": "#1"},
				"west": {"uv": [13.75, 5, 14.75, 5.25], "texture": "#1"},
				"up": {"uv": [13.5, 5, 14.5, 6], "rotation": 90, "texture": "#1"},
				"down": {"uv": [13.5, 5, 14.5, 6], "rotation": 270, "texture": "#1"}
			}
		},
		{
			"from": [5.70863, -0.3, 12.90307],
			"to": [9.70863, 0.7, 16.90307],
			"rotation": {"angle": 45, "axis": "z", "origin": [7.90278, 2.49753, 9.80585]},
			"faces": {
				"north": {"uv": [13.5, 5, 14.5, 5.25], "texture": "#1"},
				"east": {"uv": [13.5, 5, 14.5, 5.25], "texture": "#1"},
				"south": {"uv": [13.5, 5, 14.5, 5.25], "texture": "#1"},
				"west": {"uv": [13.75, 5, 14.75, 5.25], "texture": "#1"},
				"up": {"uv": [13.5, 5, 14.5, 6], "rotation": 90, "texture": "#1"},
				"down": {"uv": [13.5, 5, 14.5, 6], "rotation": 270, "texture": "#1"}
			}
		}
	],
	"display": {
		"thirdperson_righthand": {
			"rotation": [60, 0, 0],
			"translation": [0, 1.5, 2],
			"scale": [0.2, 0.2, 0.2]
		},
		"thirdperson_lefthand": {
			"rotation": [60, 0, 0],
			"translation": [0, 1.5, 2],
			"scale": [0.2, 0.2, 0.2]
		},
		"firstperson_righthand": {
			"rotation": [0, 135, 0],
			"translation": [0, 6.5, 0],
			"scale": [0.2, 0.2, 0.2]
		},
		"firstperson_lefthand": {
			"rotation": [0, 135, 0],
			"translation": [0, 6.5, 0],
			"scale": [0.2, 0.2, 0.2]
		},
		"ground": {
			"translation": [0, 20, 0]
		},
		"gui": {
			"rotation": [30, 135, 0],
			"translation": [0, 11.5, 0]
		},
		"head": {
			"translation": [0, -1.75, -1.5],
			"scale": [1.5, 1.5, 1.5]
		},
		"fixed": {
			"translation": [0, 4, -1.5],
			"scale": [0.5, 0.5, 0.5]
		}
	},
	"groups": [
		{
			"name": "charactor",
			"origin": [8, 8, 8],
			"color": 0,
			"children": [
				{
					"name": "RA",
					"origin": [0, 0, 0],
					"color": 0,
					"children": [0, 1, 2]
				}
			]
		}
	]
}