{
	"credit": "Made with Blockbench",
	"texture_size": [64, 64],
	"textures": {
		"1": "item/minigunner/minigunner3"
	},
	"elements": [
		{
			"name": "B",
			"from": [5.9, -5, 4.9],
			"to": [8.9, 5, 12.9],
			"rotation": {"angle": 22.5, "axis": "y", "origin": [8, 1.2, 8.4]},
			"faces": {
				"north": {"uv": [7, 5, 8, 8], "texture": "#1"},
				"east": {"uv": [5, 5, 7, 8], "texture": "#1"},
				"south": {"uv": [4, 5, 5, 8], "texture": "#1"},
				"west": {"uv": [8, 5, 10, 8], "texture": "#1"},
				"up": {"uv": [5, 4, 7, 5], "rotation": 90, "texture": "#1"},
				"down": {"uv": [7, 4, 9, 5], "rotation": 270, "texture": "#1"}
			}
		},
		{
			"from": [8.1, 1.4, 5],
			"to": [9.1, 3.4, 12.8],
			"rotation": {"angle": 22.5, "axis": "y", "origin": [8, 1.2, 8.4]},
			"faces": {
				"north": {"uv": [6.5, 5.5, 6.75, 6], "texture": "#1"},
				"east": {"uv": [5, 5.5, 7, 6], "texture": "#1"},
				"south": {"uv": [5, 5.5, 5.25, 6], "texture": "#1"},
				"west": {"uv": [0, 0, 1.75, 0.5], "texture": "#1"},
				"up": {"uv": [5, 5.5, 7, 5.75], "rotation": 90, "texture": "#1"},
				"down": {"uv": [5, 5.75, 7, 6], "rotation": 270, "texture": "#1"}
			}
		},
		{
			"from": [1.3, -1, 9.8],
			"to": [2.3, 2, 12.8],
			"rotation": {"angle": 22.5, "axis": "y", "origin": [0, 0, 0]},
			"faces": {
				"north": {"uv": [13.5, 6, 13.75, 8], "texture": "#1"},
				"east": {"uv": [13.5, 6, 15.5, 8], "texture": "#1"},
				"south": {"uv": [13.5, 6, 13.75, 8], "texture": "#1"},
				"west": {"uv": [13.5, 6, 15.5, 8], "texture": "#1"},
				"up": {"uv": [13.5, 6, 13.75, 8], "texture": "#1"},
				"down": {"uv": [13.5, 6, 13.75, 8], "texture": "#1"}
			}
		},
		{
			"from": [-12, -5, 12],
			"to": [6, 14, 12],
			"rotation": {"angle": -45, "axis": "y", "origin": [6, 0, 10]},
			"faces": {
				"north": {"uv": [11.5, 11.25, 16, 16], "texture": "#1"},
				"east": {"uv": [0, 0, 0, 4], "texture": "#missing"},
				"south": {"uv": [16, 11.25, 11.5, 16], "texture": "#1"},
				"west": {"uv": [0, 0, 0, 4], "texture": "#missing"},
				"up": {"uv": [0, 0, 2.5, 0], "texture": "#missing"},
				"down": {"uv": [0, 0, 2.5, 0], "texture": "#missing"}
			}
		},
		{
			"from": [4, -5, 10],
			"to": [4, 14, 28],
			"rotation": {"angle": 0, "axis": "y", "origin": [6, 0, 10]},
			"faces": {
				"north": {"uv": [0, 0, 0, 4], "texture": "#1"},
				"east": {"uv": [16, 11.25, 11.5, 16], "texture": "#1"},
				"south": {"uv": [0, 0, 0, 4], "texture": "#1"},
				"west": {"uv": [11.5, 11.25, 16, 16], "texture": "#1"},
				"up": {"uv": [0, 0, 2.5, 0], "rotation": 270, "texture": "#1"},
				"down": {"uv": [0, 0, 2.5, 0], "rotation": 90, "texture": "#1"}
			}
		}
	],
	"display": {
		"thirdperson_righthand": {
			"rotation": [60, 0, 0],
			"translation": [0, 1.5, 2],
			"scale": [0.2, 0.2, 0.2]
		},
		"thirdperson_lefthand": {
			"rotation": [60, 0, 0],
			"translation": [0, 1.5, 2],
			"scale": [0.2, 0.2, 0.2]
		},
		"firstperson_righthand": {
			"rotation": [0, 135, 0],
			"translation": [0, 6.5, 0],
			"scale": [0.2, 0.2, 0.2]
		},
		"firstperson_lefthand": {
			"rotation": [0, 135, 0],
			"translation": [0, 6.5, 0],
			"scale": [0.2, 0.2, 0.2]
		},
		"ground": {
			"translation": [0, 20, 0]
		},
		"gui": {
			"rotation": [30, 135, 0],
			"translation": [0, 11.5, 0]
		},
		"head": {
			"translation": [0, -1.75, -1.5],
			"scale": [1.5, 1.5, 1.5]
		},
		"fixed": {
			"translation": [0, 4, -1.5],
			"scale": [0.5, 0.5, 0.5]
		}
	},
	"groups": [
		{
			"name": "charactor",
			"origin": [8, 8, 8],
			"color": 0,
			"children": [
				{
					"name": "B",
					"origin": [0, 0, 0],
					"color": 0,
					"children": [0, 1, 2, 3, 4]
				}
			]
		}
	]
}