{
	"credit": "Made with Blockbench",
	"texture_size": [64, 64],
	"textures": {
		"1": "item/minigunner/minigunner3",
		"3": "item/model_plate/model_plate_minigunner_2"
	},
	"elements": [
		{
			"from": [1, -15, 1],
			"to": [15, -14, 15],
			"rotation": {"angle": 0, "axis": "y", "origin": [0, -14, 0]},
			"faces": {
				"north": {"uv": [1, 1, 15, 2], "texture": "#3"},
				"east": {"uv": [1, 1, 15, 2], "texture": "#3"},
				"south": {"uv": [1, 1, 15, 2], "texture": "#3"},
				"west": {"uv": [1, 1, 15, 2], "texture": "#3"},
				"up": {"uv": [1, 1, 15, 15], "texture": "#3"},
				"down": {"uv": [0, 0, 3.5, 3.5], "texture": "#3"}
			}
		},
		{
			"from": [0, -16, 0],
			"to": [16, -15, 16],
			"rotation": {"angle": 0, "axis": "y", "origin": [0, -14, 0]},
			"faces": {
				"north": {"uv": [0, 0, 16, 0.75], "texture": "#3"},
				"east": {"uv": [0, 0, 16, 0.5], "texture": "#3"},
				"south": {"uv": [0, 0, 16, 0.75], "texture": "#3"},
				"west": {"uv": [0, 0, 16, 0.5], "texture": "#3"},
				"up": {"uv": [0, 0, 16, 16], "texture": "#3"},
				"down": {"uv": [0, 0, 16, 16], "texture": "#3"}
			}
		},
		{
			"from": [3, 6, 8],
			"to": [4, 9, 11],
			"rotation": {"angle": 0, "axis": "y", "origin": [7.90278, 2.49753, 9.80585]},
			"faces": {
				"north": {"uv": [15.25, 6, 15.5, 8], "texture": "#1"},
				"east": {"uv": [13.5, 6, 15.5, 8], "texture": "#1"},
				"south": {"uv": [15.25, 6, 15.5, 8], "texture": "#1"},
				"west": {"uv": [13.5, 6, 15.5, 8], "texture": "#1"},
				"up": {"uv": [15.25, 6, 15.5, 8], "texture": "#1"},
				"down": {"uv": [15.25, 6, 15.5, 8], "texture": "#1"}
			}
		},
		{
			"from": [12, 6, 8],
			"to": [13, 9, 11],
			"rotation": {"angle": 0, "axis": "y", "origin": [7.90278, 2.49753, 9.80585]},
			"faces": {
				"north": {"uv": [15.25, 6, 15.5, 8], "texture": "#1"},
				"east": {"uv": [13.5, 6, 15.5, 8], "texture": "#1"},
				"south": {"uv": [15.25, 6, 15.5, 8], "texture": "#1"},
				"west": {"uv": [13.5, 6, 15.5, 8], "texture": "#1"},
				"up": {"uv": [15.25, 6, 15.5, 8], "texture": "#1"},
				"down": {"uv": [15.25, 6, 15.5, 8], "texture": "#1"}
			}
		},
		{
			"from": [3.2, 5.95819, 14.39894],
			"to": [3.8, 6.95819, 19.39894],
			"rotation": {"angle": -45, "axis": "x", "origin": [7.90278, 2.49753, 9.80585]},
			"faces": {
				"north": {"uv": [14.5, 4.5, 14.75, 5], "texture": "#1"},
				"east": {"uv": [14.5, 4.5, 16, 5], "rotation": 180, "texture": "#1"},
				"south": {"uv": [15.75, 4.5, 16, 5], "texture": "#1"},
				"west": {"uv": [14.5, 4.5, 16, 5], "texture": "#1"},
				"up": {"uv": [14.5, 4.5, 16, 4.75], "rotation": 90, "texture": "#1"},
				"down": {"uv": [14.5, 4.75, 16, 5], "rotation": 270, "texture": "#1"}
			}
		},
		{
			"from": [3.3, 5.45819, 13.39894],
			"to": [3.7, 5.95819, 18.39894],
			"rotation": {"angle": -45, "axis": "x", "origin": [7.90278, 2.49753, 9.80585]},
			"faces": {
				"north": {"uv": [14.5, 4.5, 14.75, 5], "texture": "#1"},
				"east": {"uv": [14.5, 4.5, 16, 5], "rotation": 180, "texture": "#1"},
				"south": {"uv": [15.75, 4.5, 16, 5], "texture": "#1"},
				"west": {"uv": [14.5, 4.5, 16, 5], "texture": "#1"},
				"up": {"uv": [14.5, 4.5, 16, 4.75], "rotation": 90, "texture": "#1"},
				"down": {"uv": [14.5, 4.75, 16, 5], "rotation": 270, "texture": "#1"}
			}
		},
		{
			"from": [3.4, 4.95819, 12.39894],
			"to": [3.6, 5.45819, 17.39894],
			"rotation": {"angle": -45, "axis": "x", "origin": [7.90278, 2.49753, 9.80585]},
			"faces": {
				"north": {"uv": [14.5, 4.5, 14.75, 5], "texture": "#1"},
				"east": {"uv": [14.5, 4.5, 16, 5], "rotation": 180, "texture": "#1"},
				"south": {"uv": [15.75, 4.5, 16, 5], "texture": "#1"},
				"west": {"uv": [14.5, 4.5, 16, 5], "texture": "#1"},
				"up": {"uv": [14.5, 4.5, 16, 4.75], "rotation": 90, "texture": "#1"},
				"down": {"uv": [14.5, 4.75, 16, 5], "rotation": 270, "texture": "#1"}
			}
		},
		{
			"from": [12.2, 5.95819, 14.39894],
			"to": [12.8, 6.95819, 19.39894],
			"rotation": {"angle": -45, "axis": "x", "origin": [7.90278, 2.49753, 9.80585]},
			"faces": {
				"north": {"uv": [14.5, 4.5, 14.75, 5], "texture": "#1"},
				"east": {"uv": [14.5, 4.5, 16, 5], "rotation": 180, "texture": "#1"},
				"south": {"uv": [15.75, 4.5, 16, 5], "texture": "#1"},
				"west": {"uv": [14.5, 4.5, 16, 5], "texture": "#1"},
				"up": {"uv": [14.5, 4.5, 16, 4.75], "rotation": 90, "texture": "#1"},
				"down": {"uv": [14.5, 4.75, 16, 5], "rotation": 270, "texture": "#1"}
			}
		},
		{
			"from": [12.3, 5.45819, 13.39894],
			"to": [12.7, 5.95819, 18.39894],
			"rotation": {"angle": -45, "axis": "x", "origin": [7.90278, 2.49753, 9.80585]},
			"faces": {
				"north": {"uv": [14.5, 4.5, 14.75, 5], "texture": "#1"},
				"east": {"uv": [14.5, 4.5, 16, 5], "rotation": 180, "texture": "#1"},
				"south": {"uv": [15.75, 4.5, 16, 5], "texture": "#1"},
				"west": {"uv": [14.5, 4.5, 16, 5], "texture": "#1"},
				"up": {"uv": [14.5, 4.5, 16, 4.75], "rotation": 90, "texture": "#1"},
				"down": {"uv": [14.5, 4.75, 16, 5], "rotation": 270, "texture": "#1"}
			}
		},
		{
			"from": [12.4, 4.95819, 12.39894],
			"to": [12.6, 5.45819, 17.39894],
			"rotation": {"angle": -45, "axis": "x", "origin": [7.90278, 2.49753, 9.80585]},
			"faces": {
				"north": {"uv": [14.5, 4.5, 14.75, 5], "texture": "#1"},
				"east": {"uv": [14.5, 4.5, 16, 5], "rotation": 180, "texture": "#1"},
				"south": {"uv": [15.75, 4.5, 16, 5], "texture": "#1"},
				"west": {"uv": [14.5, 4.5, 16, 5], "texture": "#1"},
				"up": {"uv": [14.5, 4.5, 16, 4.75], "rotation": 90, "texture": "#1"},
				"down": {"uv": [14.5, 4.75, 16, 5], "rotation": 270, "texture": "#1"}
			}
		},
		{
			"name": "H",
			"from": [4, 5, 5],
			"to": [12, 13, 13],
			"rotation": {"angle": 0, "axis": "y", "origin": [8, 9, 9]},
			"faces": {
				"north": {"uv": [2, 2, 4, 4], "texture": "#1"},
				"east": {"uv": [0, 2, 2, 4], "texture": "#1"},
				"south": {"uv": [6, 2, 8, 4], "texture": "#1"},
				"west": {"uv": [4, 2, 6, 4], "texture": "#1"},
				"up": {"uv": [2, 0, 4, 2], "texture": "#1"},
				"down": {"uv": [4, 0, 6, 2], "texture": "#1"}
			}
		},
		{
			"from": [4, 2, 7],
			"to": [5, 5, 8],
			"rotation": {"angle": 0, "axis": "y", "origin": [7.90278, 2.49753, 9.80585]},
			"faces": {
				"north": {"uv": [1.5, 13.5, 1.75, 14.25], "texture": "#1"},
				"east": {"uv": [1.75, 12.75, 2, 13.5], "texture": "#1"},
				"south": {"uv": [0.75, 13, 1, 13.75], "texture": "#1"},
				"west": {"uv": [1.5, 12.75, 1.75, 13.5], "texture": "#1"},
				"up": {"uv": [1.25, 13.5, 1.5, 13.75], "texture": "#1"},
				"down": {"uv": [1.5, 13.5, 1.75, 13.75], "texture": "#1"}
			}
		},
		{
			"from": [4, 2.5, 8],
			"to": [5, 5, 9],
			"rotation": {"angle": 0, "axis": "y", "origin": [7.90278, 2.49753, 9.80585]},
			"faces": {
				"north": {"uv": [1, 14.75, 1.25, 15.5], "texture": "#1"},
				"east": {"uv": [0.5, 14.25, 0.75, 15], "texture": "#1"},
				"south": {"uv": [2.75, 14.75, 3, 15.5], "texture": "#1"},
				"west": {"uv": [2.25, 13.5, 2.5, 14.25], "texture": "#1"},
				"up": {"uv": [1.75, 13.25, 2, 13.5], "texture": "#1"},
				"down": {"uv": [1.5, 13.5, 1.75, 13.75], "texture": "#1"}
			}
		},
		{
			"from": [11, 2, 7],
			"to": [12, 5, 8],
			"rotation": {"angle": 0, "axis": "y", "origin": [7.90278, 2.49753, 9.80585]},
			"faces": {
				"north": {"uv": [1.5, 13.5, 1.75, 14.25], "texture": "#1"},
				"east": {"uv": [1.75, 12.75, 2, 13.5], "texture": "#1"},
				"south": {"uv": [0.75, 13, 1, 13.75], "texture": "#1"},
				"west": {"uv": [1.5, 12.75, 1.75, 13.5], "texture": "#1"},
				"up": {"uv": [1.25, 13.5, 1.5, 13.75], "texture": "#1"},
				"down": {"uv": [1.5, 13.5, 1.75, 13.75], "texture": "#1"}
			}
		},
		{
			"from": [11, 2.5, 8],
			"to": [12, 5, 9],
			"rotation": {"angle": 0, "axis": "y", "origin": [7.90278, 2.49753, 9.80585]},
			"faces": {
				"north": {"uv": [1.5, 13.5, 1.75, 14.25], "texture": "#1"},
				"east": {"uv": [1.75, 12.75, 2, 13.5], "texture": "#1"},
				"south": {"uv": [0.75, 13, 1, 13.75], "texture": "#1"},
				"west": {"uv": [1.5, 12.75, 1.75, 13.5], "texture": "#1"},
				"up": {"uv": [1.25, 13.5, 1.5, 13.75], "texture": "#1"},
				"down": {"uv": [1.5, 13.5, 1.75, 13.75], "texture": "#1"}
			}
		},
		{
			"from": [11, 3, 9],
			"to": [12, 5, 10],
			"rotation": {"angle": 0, "axis": "y", "origin": [7.90278, 2.49753, 9.80585]},
			"faces": {
				"north": {"uv": [0.25, 14, 0.5, 14.75], "texture": "#1"},
				"east": {"uv": [2.25, 14, 2.5, 14.75], "texture": "#1"},
				"south": {"uv": [2.75, 14, 3, 14.75], "texture": "#1"},
				"west": {"uv": [1, 14.75, 1.25, 15.5], "texture": "#1"},
				"up": {"uv": [1.25, 13.5, 1.5, 13.75], "texture": "#1"},
				"down": {"uv": [1.5, 13.5, 1.75, 13.75], "texture": "#1"}
			}
		},
		{
			"from": [4, 3, 9],
			"to": [5, 5, 10],
			"rotation": {"angle": 0, "axis": "y", "origin": [7.90278, 2.49753, 9.80585]},
			"faces": {
				"north": {"uv": [0.25, 14, 0.5, 14.75], "texture": "#1"},
				"east": {"uv": [2.25, 14, 2.5, 14.75], "texture": "#1"},
				"south": {"uv": [2.75, 14, 3, 14.75], "texture": "#1"},
				"west": {"uv": [1, 14.75, 1.25, 15.5], "texture": "#1"},
				"up": {"uv": [1.25, 13.5, 1.5, 13.75], "texture": "#1"},
				"down": {"uv": [1.5, 13.5, 1.75, 13.75], "texture": "#1"}
			}
		},
		{
			"from": [4, 3, 9],
			"to": [5, 5, 10],
			"rotation": {"angle": 0, "axis": "y", "origin": [7.90278, 2.49753, 9.80585]},
			"faces": {
				"north": {"uv": [0.75, 14.5, 1, 15.25], "texture": "#1"},
				"east": {"uv": [1.5, 13.5, 1.75, 14.25], "texture": "#1"},
				"south": {"uv": [3, 14.25, 3.25, 15], "texture": "#1"},
				"west": {"uv": [2.25, 14, 2.5, 14.75], "texture": "#1"},
				"up": {"uv": [1.25, 13.5, 1.5, 13.75], "texture": "#1"},
				"down": {"uv": [1.5, 13.5, 1.75, 13.75], "texture": "#1"}
			}
		},
		{
			"from": [4, 3.5, 10],
			"to": [5, 5, 11],
			"rotation": {"angle": 0, "axis": "y", "origin": [7.90278, 2.49753, 9.80585]},
			"faces": {
				"north": {"uv": [2, 13.75, 2.25, 14.5], "texture": "#1"},
				"east": {"uv": [0.75, 11.75, 1, 12.5], "texture": "#1"},
				"south": {"uv": [1, 14.5, 1.25, 15.25], "texture": "#1"},
				"west": {"uv": [2.5, 12.5, 2.75, 13.25], "texture": "#1"},
				"up": {"uv": [1.25, 13.5, 1.5, 13.75], "texture": "#1"},
				"down": {"uv": [1.5, 13.5, 1.75, 13.75], "texture": "#1"}
			}
		},
		{
			"from": [11, 3.5, 10],
			"to": [12, 5, 11],
			"rotation": {"angle": 0, "axis": "y", "origin": [7.90278, 2.49753, 9.80585]},
			"faces": {
				"north": {"uv": [2, 13.75, 2.25, 14.5], "texture": "#1"},
				"east": {"uv": [0.75, 11.75, 1, 12.5], "texture": "#1"},
				"south": {"uv": [1, 14.5, 1.25, 15.25], "texture": "#1"},
				"west": {"uv": [2.5, 12.5, 2.75, 13.25], "texture": "#1"},
				"up": {"uv": [1.25, 13.5, 1.5, 13.75], "texture": "#1"},
				"down": {"uv": [1.5, 13.5, 1.75, 13.75], "texture": "#1"}
			}
		},
		{
			"from": [11, 4, 11],
			"to": [12, 5, 12],
			"rotation": {"angle": 0, "axis": "y", "origin": [7.90278, 2.49753, 9.80585]},
			"faces": {
				"north": {"uv": [0.25, 11.25, 0.5, 12], "texture": "#1"},
				"east": {"uv": [2.25, 13.5, 2.5, 14.25], "texture": "#1"},
				"south": {"uv": [1, 11.75, 1.25, 12.5], "texture": "#1"},
				"west": {"uv": [2, 11.5, 2.25, 12.25], "texture": "#1"},
				"up": {"uv": [1.25, 13.5, 1.5, 13.75], "texture": "#1"},
				"down": {"uv": [1.5, 13.5, 1.75, 13.75], "texture": "#1"}
			}
		},
		{
			"from": [4, 4, 11],
			"to": [5, 5, 12],
			"rotation": {"angle": 0, "axis": "y", "origin": [7.90278, 2.49753, 9.80585]},
			"faces": {
				"north": {"uv": [0.25, 11.25, 0.5, 12], "texture": "#1"},
				"east": {"uv": [2.25, 13.5, 2.5, 14.25], "texture": "#1"},
				"south": {"uv": [1, 11.75, 1.25, 12.5], "texture": "#1"},
				"west": {"uv": [2, 11.5, 2.25, 12.25], "texture": "#1"},
				"up": {"uv": [1.25, 13.5, 1.5, 13.75], "texture": "#1"},
				"down": {"uv": [1.5, 13.5, 1.75, 13.75], "texture": "#1"}
			}
		},
		{
			"from": [4, 4.5, 12],
			"to": [6, 5, 13],
			"rotation": {"angle": 0, "axis": "y", "origin": [7.90278, 2.49753, 9.80585]},
			"faces": {
				"north": {"uv": [0.25, 11.25, 0.5, 12], "texture": "#1"},
				"east": {"uv": [2.25, 13.5, 2.5, 14.25], "texture": "#1"},
				"south": {"uv": [1, 11.75, 1.25, 12.5], "texture": "#1"},
				"west": {"uv": [2, 11.5, 2.25, 12.25], "texture": "#1"},
				"up": {"uv": [1.25, 13.5, 1.5, 13.75], "texture": "#1"},
				"down": {"uv": [1.5, 13.5, 1.75, 13.75], "texture": "#1"}
			}
		},
		{
			"from": [10, 4.5, 12],
			"to": [12, 5, 13],
			"rotation": {"angle": 0, "axis": "y", "origin": [7.90278, 2.49753, 9.80585]},
			"faces": {
				"north": {"uv": [0.25, 11.25, 0.5, 12], "texture": "#1"},
				"east": {"uv": [2.25, 13.5, 2.5, 14.25], "texture": "#1"},
				"south": {"uv": [1, 11.75, 1.25, 12.5], "texture": "#1"},
				"west": {"uv": [2, 11.5, 2.25, 12.25], "texture": "#1"},
				"up": {"uv": [1.25, 13.5, 1.5, 13.75], "texture": "#1"},
				"down": {"uv": [1.5, 13.5, 1.75, 13.75], "texture": "#1"}
			}
		},
		{
			"from": [3.5, 6, 4],
			"to": [12.5, 9, 8],
			"rotation": {"angle": 0, "axis": "y", "origin": [8, 7.5, 6]},
			"faces": {
				"north": {"uv": [1.25, 8, 3.5, 8.75], "texture": "#1"},
				"east": {"uv": [0, 8, 1.25, 8.75], "texture": "#1"},
				"south": {"uv": [0, 0, 2, 0.75], "texture": "#1"},
				"west": {"uv": [0, 8, 1.25, 8.75], "rotation": 180, "texture": "#1"},
				"up": {"uv": [0, 0, 2, 1.25], "texture": "#1"},
				"down": {"uv": [0, 0, 2, 1.25], "texture": "#1"}
			}
		},
		{
			"from": [12.5, 6, 4],
			"to": [3.5, 9, 8],
			"faces": {
				"north": {"uv": [1.25, 8, 3.5, 8.75], "texture": "#1"},
				"east": {"uv": [0, 8, 1.25, 8.75], "texture": "#1"},
				"south": {"uv": [0, 0, 2, 0.75], "texture": "#1"},
				"west": {"uv": [0, 8, 1.25, 8.75], "rotation": 180, "texture": "#1"},
				"up": {"uv": [0, 0, 2, 1.25], "texture": "#1"},
				"down": {"uv": [0, 0, 2, 1.25], "texture": "#1"}
			}
		},
		{
			"name": "B",
			"from": [5.9, -5, 4.9],
			"to": [8.9, 5, 12.9],
			"rotation": {"angle": 22.5, "axis": "y", "origin": [8, 1.2, 8.4]},
			"faces": {
				"north": {"uv": [7, 5, 8, 8], "texture": "#1"},
				"east": {"uv": [5, 5, 7, 8], "texture": "#1"},
				"south": {"uv": [4, 5, 5, 8], "texture": "#1"},
				"west": {"uv": [8, 5, 10, 8], "texture": "#1"},
				"up": {"uv": [5, 4, 7, 5], "rotation": 90, "texture": "#1"},
				"down": {"uv": [7, 4, 9, 5], "rotation": 270, "texture": "#1"}
			}
		},
		{
			"from": [8.1, 1.4, 5],
			"to": [9.1, 3.4, 12.8],
			"rotation": {"angle": 22.5, "axis": "y", "origin": [8, 1.2, 8.4]},
			"faces": {
				"north": {"uv": [6.5, 5.5, 6.75, 6], "texture": "#1"},
				"east": {"uv": [5, 5.5, 7, 6], "texture": "#1"},
				"south": {"uv": [5, 5.5, 5.25, 6], "texture": "#1"},
				"west": {"uv": [0, 0, 1.75, 0.5], "texture": "#1"},
				"up": {"uv": [5, 5.5, 7, 5.75], "rotation": 90, "texture": "#1"},
				"down": {"uv": [5, 5.75, 7, 6], "rotation": 270, "texture": "#1"}
			}
		},
		{
			"from": [1.3, -1, 9.8],
			"to": [2.3, 2, 12.8],
			"rotation": {"angle": 22.5, "axis": "y", "origin": [0, 0, 0]},
			"faces": {
				"north": {"uv": [13.5, 6, 13.75, 8], "texture": "#1"},
				"east": {"uv": [13.5, 6, 15.5, 8], "texture": "#1"},
				"south": {"uv": [13.5, 6, 13.75, 8], "texture": "#1"},
				"west": {"uv": [13.5, 6, 15.5, 8], "texture": "#1"},
				"up": {"uv": [13.5, 6, 13.75, 8], "texture": "#1"},
				"down": {"uv": [13.5, 6, 13.75, 8], "texture": "#1"}
			}
		},
		{
			"from": [-12, -5, 12],
			"to": [6, 14, 12],
			"rotation": {"angle": -45, "axis": "y", "origin": [6, 0, 10]},
			"faces": {
				"north": {"uv": [11.5, 11.25, 16, 16], "texture": "#1"},
				"east": {"uv": [0, 0, 0, 4], "texture": "#missing"},
				"south": {"uv": [16, 11.25, 11.5, 16], "texture": "#1"},
				"west": {"uv": [0, 0, 0, 4], "texture": "#missing"},
				"up": {"uv": [0, 0, 2.5, 0], "texture": "#missing"},
				"down": {"uv": [0, 0, 2.5, 0], "texture": "#missing"}
			}
		},
		{
			"from": [4, -5, 10],
			"to": [4, 14, 28],
			"rotation": {"angle": 0, "axis": "y", "origin": [6, 0, 10]},
			"faces": {
				"north": {"uv": [0, 0, 0, 4], "texture": "#1"},
				"east": {"uv": [16, 11.25, 11.5, 16], "texture": "#1"},
				"south": {"uv": [0, 0, 0, 4], "texture": "#1"},
				"west": {"uv": [11.5, 11.25, 16, 16], "texture": "#1"},
				"up": {"uv": [0, 0, 2.5, 0], "rotation": 270, "texture": "#1"},
				"down": {"uv": [0, 0, 2.5, 0], "rotation": 90, "texture": "#1"}
			}
		},
		{
			"name": "RA",
			"from": [6.20863, -6, 13.40307],
			"to": [9.20863, 4, 16.40307],
			"rotation": {"angle": 45, "axis": "z", "origin": [7.90278, 2.49753, 9.80585]},
			"faces": {
				"north": {"uv": [11.75, 5, 12.75, 8], "texture": "#1"},
				"east": {"uv": [11, 5, 11.75, 8], "texture": "#1"},
				"south": {"uv": [10, 5, 11, 8], "texture": "#1"},
				"west": {"uv": [12.75, 5, 13.5, 8], "texture": "#1"},
				"up": {"uv": [11, 4, 11.75, 5], "rotation": 90, "texture": "#1"},
				"down": {"uv": [11.75, 4, 12.5, 5], "rotation": 270, "texture": "#1"}
			}
		},
		{
			"from": [5.70863, 1.1, 12.90307],
			"to": [9.70863, 2.1, 16.90307],
			"rotation": {"angle": 45, "axis": "z", "origin": [7.90278, 2.49753, 9.80585]},
			"faces": {
				"north": {"uv": [13.5, 5, 14.5, 5.25], "texture": "#1"},
				"east": {"uv": [13.5, 5, 14.5, 5.25], "texture": "#1"},
				"south": {"uv": [13.5, 5, 14.5, 5.25], "texture": "#1"},
				"west": {"uv": [13.75, 5, 14.75, 5.25], "texture": "#1"},
				"up": {"uv": [13.5, 5, 14.5, 6], "rotation": 90, "texture": "#1"},
				"down": {"uv": [13.5, 5, 14.5, 6], "rotation": 270, "texture": "#1"}
			}
		},
		{
			"from": [5.70863, -0.3, 12.90307],
			"to": [9.70863, 0.7, 16.90307],
			"rotation": {"angle": 45, "axis": "z", "origin": [7.90278, 2.49753, 9.80585]},
			"faces": {
				"north": {"uv": [13.5, 5, 14.5, 5.25], "texture": "#1"},
				"east": {"uv": [13.5, 5, 14.5, 5.25], "texture": "#1"},
				"south": {"uv": [13.5, 5, 14.5, 5.25], "texture": "#1"},
				"west": {"uv": [13.75, 5, 14.75, 5.25], "texture": "#1"},
				"up": {"uv": [13.5, 5, 14.5, 6], "rotation": 90, "texture": "#1"},
				"down": {"uv": [13.5, 5, 14.5, 6], "rotation": 270, "texture": "#1"}
			}
		},
		{
			"name": "LA",
			"from": [7.20863, -6, 3.40307],
			"to": [10.20863, 4, 6.40307],
			"rotation": {"angle": 22.5, "axis": "z", "origin": [7.90278, 2.49753, 9.80585]},
			"faces": {
				"north": {"uv": [9.75, 13, 10.75, 16], "texture": "#1"},
				"east": {"uv": [9, 13, 9.75, 16], "texture": "#1"},
				"south": {"uv": [8, 13, 9, 16], "texture": "#1"},
				"west": {"uv": [10.75, 13, 11.5, 16], "texture": "#1"},
				"up": {"uv": [9, 12, 9.75, 13], "rotation": 90, "texture": "#1"},
				"down": {"uv": [9.75, 12, 10.5, 13], "rotation": 270, "texture": "#1"}
			}
		},
		{
			"from": [6.70863, 1.1, 2.90307],
			"to": [10.70863, 2.1, 6.90307],
			"rotation": {"angle": 22.5, "axis": "z", "origin": [7.90278, 2.49753, 9.80585]},
			"faces": {
				"north": {"uv": [13.5, 5, 14.5, 5.25], "texture": "#1"},
				"east": {"uv": [13.5, 5, 14.5, 5.25], "texture": "#1"},
				"south": {"uv": [13.5, 5, 14.5, 5.25], "texture": "#1"},
				"west": {"uv": [13.75, 5, 14.75, 5.25], "texture": "#1"},
				"up": {"uv": [13.5, 5, 14.5, 6], "rotation": 90, "texture": "#1"},
				"down": {"uv": [13.5, 5, 14.5, 6], "rotation": 270, "texture": "#1"}
			}
		},
		{
			"from": [6.70863, -0.3, 2.90307],
			"to": [10.70863, 0.7, 6.90307],
			"rotation": {"angle": 22.5, "axis": "z", "origin": [7.90278, 2.49753, 9.80585]},
			"faces": {
				"north": {"uv": [13.5, 5, 14.5, 5.25], "texture": "#1"},
				"east": {"uv": [13.5, 5, 14.5, 5.25], "texture": "#1"},
				"south": {"uv": [13.5, 5, 14.5, 5.25], "texture": "#1"},
				"west": {"uv": [13.75, 5, 14.75, 5.25], "texture": "#1"},
				"up": {"uv": [13.5, 5, 14.5, 6], "rotation": 90, "texture": "#1"},
				"down": {"uv": [13.5, 5, 14.5, 6], "rotation": 270, "texture": "#1"}
			}
		},
		{
			"name": "RL",
			"from": [7.1, -16, 11.5],
			"to": [10.1, -6, 14.5],
			"rotation": {"angle": -22.5, "axis": "x", "origin": [9.6, -8.73333, 9]},
			"faces": {
				"north": {"uv": [1, 5, 2, 8], "texture": "#1"},
				"east": {"uv": [0, 5, 1, 8], "texture": "#1"},
				"south": {"uv": [3, 5, 4, 8], "texture": "#1"},
				"west": {"uv": [2, 5, 3, 8], "texture": "#1"},
				"up": {"uv": [1, 4, 2, 5], "texture": "#1"},
				"down": {"uv": [2, 4, 3, 5], "texture": "#1"}
			}
		},
		{
			"from": [6.6, -10.3, 11],
			"to": [10.6, -9.3, 15],
			"rotation": {"angle": -22.5, "axis": "x", "origin": [9.6, -8.73333, 9]},
			"faces": {
				"north": {"uv": [13.5, 5, 14.5, 5.25], "texture": "#1"},
				"east": {"uv": [13.5, 5, 14.5, 5.25], "texture": "#1"},
				"south": {"uv": [13.75, 5, 14.75, 5.25], "texture": "#1"},
				"west": {"uv": [13.5, 5, 14.5, 5.25], "texture": "#1"},
				"up": {"uv": [13.5, 5, 14.5, 6], "texture": "#1"},
				"down": {"uv": [13.5, 5, 14.5, 6], "texture": "#1"}
			}
		},
		{
			"from": [6.6, -8.9, 11],
			"to": [10.6, -7.9, 15],
			"rotation": {"angle": -22.5, "axis": "x", "origin": [9.6, -8.73333, 9]},
			"faces": {
				"north": {"uv": [13.5, 5, 14.5, 5.25], "texture": "#1"},
				"east": {"uv": [13.5, 5, 14.5, 5.25], "texture": "#1"},
				"south": {"uv": [13.75, 5, 14.75, 5.25], "texture": "#1"},
				"west": {"uv": [13.5, 5, 14.5, 5.25], "texture": "#1"},
				"up": {"uv": [13.5, 5, 14.5, 6], "texture": "#1"},
				"down": {"uv": [13.5, 5, 14.5, 6], "texture": "#1"}
			}
		},
		{
			"name": "LL",
			"from": [4.9, -16, 3.5],
			"to": [7.9, -6, 6.5],
			"rotation": {"angle": 22.5, "axis": "x", "origin": [6.4, -8.73333, 9]},
			"faces": {
				"north": {"uv": [5, 13, 6, 16], "texture": "#1"},
				"east": {"uv": [4, 13, 5, 16], "texture": "#1"},
				"south": {"uv": [7, 13, 8, 16], "texture": "#1"},
				"west": {"uv": [6, 13, 7, 16], "texture": "#1"},
				"up": {"uv": [5, 12, 6, 13], "texture": "#1"},
				"down": {"uv": [6, 12, 7, 13], "texture": "#1"}
			}
		},
		{
			"from": [4.4, -10.3, 3],
			"to": [8.4, -9.3, 7],
			"rotation": {"angle": 22.5, "axis": "x", "origin": [6.4, -8.73333, 9]},
			"faces": {
				"north": {"uv": [13.5, 5, 14.5, 5.25], "texture": "#1"},
				"east": {"uv": [13.5, 5, 14.5, 5.25], "texture": "#1"},
				"south": {"uv": [13.75, 5, 14.75, 5.25], "texture": "#1"},
				"west": {"uv": [13.5, 5, 14.5, 5.25], "texture": "#1"},
				"up": {"uv": [13.5, 5, 14.5, 6], "texture": "#1"},
				"down": {"uv": [13.5, 5, 14.5, 6], "texture": "#1"}
			}
		},
		{
			"from": [4.4, -8.9, 3],
			"to": [8.4, -7.9, 7],
			"rotation": {"angle": 22.5, "axis": "x", "origin": [6.4, -8.73333, 9]},
			"faces": {
				"north": {"uv": [13.5, 5, 14.5, 5.25], "texture": "#1"},
				"east": {"uv": [13.5, 5, 14.5, 5.25], "texture": "#1"},
				"south": {"uv": [13.75, 5, 14.75, 5.25], "texture": "#1"},
				"west": {"uv": [13.5, 5, 14.5, 5.25], "texture": "#1"},
				"up": {"uv": [13.5, 5, 14.5, 6], "texture": "#1"},
				"down": {"uv": [13.5, 5, 14.5, 6], "texture": "#1"}
			}
		},
		{
			"from": [11, -9, 5],
			"to": [15, -5, 6],
			"rotation": {"angle": 0, "axis": "y", "origin": [0, -1, 0]},
			"faces": {
				"north": {"uv": [10.75, 8.25, 11.75, 9.25], "texture": "#1"},
				"east": {"uv": [10.25, 8.25, 10.5, 9.25], "texture": "#1"},
				"south": {"uv": [10.75, 8.5, 11.75, 9.5], "texture": "#1"},
				"west": {"uv": [0, 0, 0.25, 1], "texture": "#1"},
				"up": {"uv": [11.5, 8.5, 12.5, 8.75], "texture": "#1"},
				"down": {"uv": [10, 8.75, 11, 9], "texture": "#1"}
			}
		},
		{
			"from": [11, -3.5, 3.9],
			"to": [15, -3, 4.9],
			"rotation": {"angle": 0, "axis": "y", "origin": [0, -1, 0]},
			"faces": {
				"north": {"uv": [11, 10.75, 12, 10.875], "texture": "#1"},
				"east": {"uv": [9, 10.5, 9.25, 10.625], "texture": "#1"},
				"south": {"uv": [9.75, 10.75, 10.75, 10.875], "texture": "#1"},
				"west": {"uv": [10.5, 11, 10.75, 11.125], "texture": "#1"},
				"up": {"uv": [10, 10.75, 11, 11], "texture": "#1"},
				"down": {"uv": [9.5, 10.5, 10.5, 10.75], "texture": "#1"}
			}
		},
		{
			"from": [11, -5, 3.8],
			"to": [15, -4.5, 5.8],
			"rotation": {"angle": 0, "axis": "y", "origin": [0, -1, 0]},
			"faces": {
				"north": {"uv": [10.25, 9, 10.5, 9.125], "texture": "#1"},
				"east": {"uv": [10.75, 9, 11.25, 9.125], "texture": "#1"},
				"south": {"uv": [10, 9.25, 10.25, 9.375], "texture": "#1"},
				"west": {"uv": [9.75, 9, 10.25, 9.125], "texture": "#1"},
				"up": {"uv": [9.25, 9, 9.5, 9.5], "texture": "#1"},
				"down": {"uv": [10, 9, 10.25, 9.5], "texture": "#1"}
			}
		},
		{
			"from": [14.1, -4.5, 4],
			"to": [14.9, -3.5, 4.8],
			"rotation": {"angle": 0, "axis": "y", "origin": [0, -1, 0]},
			"faces": {
				"north": {"uv": [10, 10, 10.2, 10.25], "texture": "#1"},
				"east": {"uv": [9.75, 10, 9.95, 10.25], "texture": "#1"},
				"south": {"uv": [10.5, 10, 10.7, 10.25], "texture": "#1"},
				"west": {"uv": [10.75, 10, 10.95, 10.25], "texture": "#1"},
				"up": {"uv": [9.25, 10.25, 9.45, 10.45], "texture": "#1"},
				"down": {"uv": [9, 10, 9.2, 10.2], "texture": "#1"}
			}
		},
		{
			"from": [14, -4.3, 3.9],
			"to": [15, -3.7, 4.9],
			"rotation": {"angle": 0, "axis": "y", "origin": [0, -1, 0]},
			"faces": {
				"north": {"uv": [10, 9, 10.2, 9.25], "texture": "#1"},
				"east": {"uv": [9.75, 9, 9.95, 9.25], "texture": "#1"},
				"south": {"uv": [10.5, 9, 10.7, 9.25], "texture": "#1"},
				"west": {"uv": [10.75, 8.75, 10.95, 9], "texture": "#1"},
				"up": {"uv": [9.25, 9, 9.45, 9.2], "texture": "#1"},
				"down": {"uv": [9, 9, 9.2, 9.2], "texture": "#1"}
			}
		},
		{
			"from": [11, -4.3, 3.9],
			"to": [12, -3.7, 4.9],
			"rotation": {"angle": 0, "axis": "y", "origin": [0, -1, 0]},
			"faces": {
				"north": {"uv": [10, 9, 10.2, 9.25], "texture": "#1"},
				"east": {"uv": [9.75, 9, 9.95, 9.25], "texture": "#1"},
				"south": {"uv": [10.5, 9, 10.7, 9.25], "texture": "#1"},
				"west": {"uv": [10.75, 8.75, 10.95, 9], "texture": "#1"},
				"up": {"uv": [9.25, 9, 9.45, 9.2], "texture": "#1"},
				"down": {"uv": [9, 9, 9.2, 9.2], "texture": "#1"}
			}
		},
		{
			"from": [11.1, -4.5, 4],
			"to": [11.9, -3.5, 4.8],
			"rotation": {"angle": 0, "axis": "y", "origin": [0, -1, 0]},
			"faces": {
				"north": {"uv": [10.75, 10, 10.95, 10.25], "texture": "#1"},
				"east": {"uv": [11.5, 10, 11.7, 10.25], "texture": "#1"},
				"south": {"uv": [10, 10, 10.2, 10.25], "texture": "#1"},
				"west": {"uv": [10, 10, 10.2, 10.25], "texture": "#1"},
				"up": {"uv": [10.5, 10, 10.7, 10.2], "texture": "#1"},
				"down": {"uv": [10, 10, 10.2, 10.2], "texture": "#1"}
			}
		},
		{
			"from": [11.5, -8.5, 6],
			"to": [14.5, -5.5, 7],
			"rotation": {"angle": 0, "axis": "y", "origin": [0, -1, 0]},
			"faces": {
				"north": {"uv": [0, 0, 0.75, 0.75], "texture": "#1"},
				"east": {"uv": [9.75, 9.75, 10, 10.5], "texture": "#1"},
				"south": {"uv": [0, 0, 0.75, 0.75], "texture": "#1"},
				"west": {"uv": [11, 9.75, 11.25, 10.5], "texture": "#1"},
				"up": {"uv": [11.25, 10, 12, 10.25], "texture": "#1"},
				"down": {"uv": [9.25, 10, 10, 10.25], "texture": "#1"}
			}
		},
		{
			"from": [11.3, -8.7, 4.5],
			"to": [14.7, -5.3, 5],
			"rotation": {"angle": 0, "axis": "y", "origin": [0, -1, 0]},
			"faces": {
				"north": {"uv": [9, 9.75, 9.75, 10.5], "texture": "#1"},
				"east": {"uv": [9.75, 9.75, 10, 10.5], "texture": "#1"},
				"south": {"uv": [0, 0, 0.75, 0.75], "texture": "#1"},
				"west": {"uv": [11, 9.75, 11.25, 10.5], "texture": "#1"},
				"up": {"uv": [11.25, 10, 12, 10.25], "texture": "#1"},
				"down": {"uv": [9.25, 10, 10, 10.25], "texture": "#1"}
			}
		},
		{
			"from": [11.5, -8.5, 4],
			"to": [14.5, -5.5, 5],
			"rotation": {"angle": 0, "axis": "y", "origin": [0, -1, 0]},
			"faces": {
				"north": {"uv": [10, 10.5, 10.75, 11.25], "texture": "#1"},
				"east": {"uv": [9.5, 10.5, 9.75, 11.25], "texture": "#1"},
				"south": {"uv": [10.25, 10.5, 11, 11.25], "texture": "#1"},
				"west": {"uv": [9.75, 10.5, 10, 11.25], "texture": "#1"},
				"up": {"uv": [11.25, 10.5, 12, 10.75], "texture": "#1"},
				"down": {"uv": [9.75, 10.75, 10.5, 11], "texture": "#1"}
			}
		},
		{
			"from": [11.5, -8.5, -3],
			"to": [14.5, -5.5, -2.5],
			"rotation": {"angle": 0, "axis": "y", "origin": [0, -1, 0]},
			"faces": {
				"north": {"uv": [8.5, 9.75, 9.25, 10.5], "texture": "#1"},
				"east": {"uv": [8.75, 9.75, 8.875, 10.5], "texture": "#1"},
				"south": {"uv": [8.75, 9.75, 9.5, 10.5], "texture": "#1"},
				"west": {"uv": [8.5, 9.75, 8.625, 10.5], "texture": "#1"},
				"up": {"uv": [9, 10, 9.75, 10.125], "texture": "#1"},
				"down": {"uv": [9, 10, 9.75, 10.125], "texture": "#1"}
			}
		},
		{
			"from": [11.3, -8.7, -3.5],
			"to": [14.7, -5.3, -3],
			"rotation": {"angle": 0, "axis": "y", "origin": [0, -1, 0]},
			"faces": {
				"north": {"uv": [8.5, 8.5, 9.25, 9.25], "texture": "#1"},
				"east": {"uv": [8.75, 8.5, 8.875, 9.25], "texture": "#1"},
				"south": {"uv": [9, 8.75, 9.75, 9.5], "texture": "#1"},
				"west": {"uv": [8.75, 8.5, 8.875, 9.25], "texture": "#1"},
				"up": {"uv": [9.25, 9.25, 10, 9.375], "texture": "#1"},
				"down": {"uv": [9, 8.75, 9.75, 8.875], "texture": "#1"}
			}
		},
		{
			"from": [11.3, -8.7, -2.5],
			"to": [14.7, -5.3, -2],
			"rotation": {"angle": 0, "axis": "y", "origin": [0, -1, 0]},
			"faces": {
				"north": {"uv": [8.5, 8.5, 9.25, 9.25], "texture": "#1"},
				"east": {"uv": [8.75, 8.5, 8.875, 9.25], "texture": "#1"},
				"south": {"uv": [9, 8.75, 9.75, 9.5], "texture": "#1"},
				"west": {"uv": [8.75, 8.5, 8.875, 9.25], "texture": "#1"},
				"up": {"uv": [9.25, 9.25, 10, 9.375], "texture": "#1"},
				"down": {"uv": [9, 8.75, 9.75, 8.875], "texture": "#1"}
			}
		},
		{
			"from": [11.5, -8.5, -5],
			"to": [14.5, -5.5, -4.5],
			"rotation": {"angle": 0, "axis": "y", "origin": [0, -1, 0]},
			"faces": {
				"north": {"uv": [8.5, 9.75, 9.25, 10.5], "texture": "#1"},
				"east": {"uv": [8.75, 9.75, 8.875, 10.5], "texture": "#1"},
				"south": {"uv": [8.75, 9.75, 9.5, 10.5], "texture": "#1"},
				"west": {"uv": [8.5, 9.75, 8.625, 10.5], "texture": "#1"},
				"up": {"uv": [9, 10, 9.75, 10.125], "texture": "#1"},
				"down": {"uv": [9, 10, 9.75, 10.125], "texture": "#1"}
			}
		},
		{
			"from": [11.3, -8.7, -5.5],
			"to": [14.7, -5.3, -5],
			"rotation": {"angle": 0, "axis": "y", "origin": [0, -1, 0]},
			"faces": {
				"north": {"uv": [8.5, 8.5, 9.25, 9.25], "texture": "#1"},
				"east": {"uv": [8.75, 8.5, 8.875, 9.25], "texture": "#1"},
				"south": {"uv": [9, 8.75, 9.75, 9.5], "texture": "#1"},
				"west": {"uv": [8.75, 8.5, 8.875, 9.25], "texture": "#1"},
				"up": {"uv": [9.25, 9.25, 10, 9.375], "texture": "#1"},
				"down": {"uv": [9, 8.75, 9.75, 8.875], "texture": "#1"}
			}
		},
		{
			"from": [11.3, -8.7, -4.5],
			"to": [14.7, -5.3, -4],
			"rotation": {"angle": 0, "axis": "y", "origin": [0, -1, 0]},
			"faces": {
				"north": {"uv": [8.5, 8.5, 9.25, 9.25], "texture": "#1"},
				"east": {"uv": [8.75, 8.5, 8.875, 9.25], "texture": "#1"},
				"south": {"uv": [9, 8.75, 9.75, 9.5], "texture": "#1"},
				"west": {"uv": [8.75, 8.5, 8.875, 9.25], "texture": "#1"},
				"up": {"uv": [9.25, 9.25, 10, 9.375], "texture": "#1"},
				"down": {"uv": [9, 8.75, 9.75, 8.875], "texture": "#1"}
			}
		},
		{
			"from": [11.3, -8.7, 6.25],
			"to": [14.7, -5.3, 6.75],
			"rotation": {"angle": 0, "axis": "y", "origin": [0, -1, 0]},
			"faces": {
				"north": {"uv": [8.5, 8.5, 9.25, 9.25], "texture": "#1"},
				"east": {"uv": [8.75, 8.5, 8.875, 9.25], "texture": "#1"},
				"south": {"uv": [9, 8.75, 9.75, 9.5], "texture": "#1"},
				"west": {"uv": [8.75, 8.5, 8.875, 9.25], "texture": "#1"},
				"up": {"uv": [9.25, 9.25, 10, 9.375], "texture": "#1"},
				"down": {"uv": [9, 8.75, 9.75, 8.875], "texture": "#1"}
			}
		},
		{
			"from": [11.3, -8.7, 11.25],
			"to": [14.7, -5.3, 11.75],
			"rotation": {"angle": 0, "axis": "y", "origin": [0, -1, 0]},
			"faces": {
				"north": {"uv": [8.5, 8.5, 9.25, 9.25], "texture": "#1"},
				"east": {"uv": [8.75, 8.5, 8.875, 9.25], "texture": "#1"},
				"south": {"uv": [9, 8.75, 9.75, 9.5], "texture": "#1"},
				"west": {"uv": [8.75, 8.5, 8.875, 9.25], "texture": "#1"},
				"up": {"uv": [9.25, 9.25, 10, 9.375], "texture": "#1"},
				"down": {"uv": [9, 8.75, 9.75, 8.875], "texture": "#1"}
			}
		},
		{
			"from": [11.5, -8.5, 11],
			"to": [14.5, -5.5, 12],
			"rotation": {"angle": 0, "axis": "y", "origin": [0, -1, 0]},
			"faces": {
				"north": {"uv": [0, 0, 0.75, 0.75], "texture": "#1"},
				"east": {"uv": [9.5, 9.75, 9.75, 10.5], "texture": "#1"},
				"south": {"uv": [0, 0, 0.75, 0.75], "texture": "#1"},
				"west": {"uv": [10.25, 9.75, 10.5, 10.5], "texture": "#1"},
				"up": {"uv": [10.75, 9.75, 11.5, 10], "texture": "#1"},
				"down": {"uv": [10.5, 10, 11.25, 10.25], "texture": "#1"}
			}
		},
		{
			"from": [11, -9, 7],
			"to": [15, -5, 11],
			"rotation": {"angle": 0, "axis": "y", "origin": [0, -1, 0]},
			"faces": {
				"north": {"uv": [9.75, 8.5, 10.75, 9.5], "texture": "#1"},
				"east": {"uv": [10, 8.25, 11, 9.25], "texture": "#1"},
				"south": {"uv": [11, 8.25, 12, 9.25], "texture": "#1"},
				"west": {"uv": [10.75, 8.5, 11.75, 9.5], "texture": "#1"},
				"up": {"uv": [8.75, 8, 9.75, 9], "texture": "#1"},
				"down": {"uv": [11.5, 8.25, 12.5, 9.25], "texture": "#1"}
			}
		},
		{
			"from": [12, -5, 7],
			"to": [14, -4.6, 11],
			"rotation": {"angle": 0, "axis": "y", "origin": [0, -1, 0]},
			"faces": {
				"north": {"uv": [9.75, 8.5, 10.75, 9.5], "texture": "#1"},
				"east": {"uv": [10, 8.25, 11, 9.25], "texture": "#1"},
				"south": {"uv": [11, 8.25, 12, 9.25], "texture": "#1"},
				"west": {"uv": [10.75, 8.5, 11.75, 9.5], "texture": "#1"},
				"up": {"uv": [8.75, 8, 9.75, 9], "texture": "#1"},
				"down": {"uv": [11.5, 8.25, 12.5, 9.25], "texture": "#1"}
			}
		},
		{
			"from": [11.9, -5, 7.2],
			"to": [14.1, -4.8, 10.8],
			"rotation": {"angle": 0, "axis": "y", "origin": [0, -1, 0]},
			"faces": {
				"north": {"uv": [9.25, 9.75, 10, 10.5], "texture": "#1"},
				"east": {"uv": [10, 9.75, 10.75, 10.5], "texture": "#1"},
				"south": {"uv": [9.75, 9.75, 10.5, 10.5], "texture": "#1"},
				"west": {"uv": [10, 9.75, 10.75, 10.5], "texture": "#1"},
				"up": {"uv": [8.5, 9.75, 9.25, 10.5], "texture": "#1"},
				"down": {"uv": [10.75, 9.75, 11.5, 10.5], "texture": "#1"}
			}
		},
		{
			"from": [11.9, -7.1, 13],
			"to": [14.1, -5.9, 13.1],
			"rotation": {"angle": 0, "axis": "y", "origin": [0, -1, 0]},
			"faces": {
				"north": {"uv": [9.25, 9.75, 10, 10.5], "texture": "#1"},
				"east": {"uv": [10, 9.75, 10.75, 10.5], "texture": "#1"},
				"south": {"uv": [9.75, 9.75, 10.5, 10.5], "texture": "#1"},
				"west": {"uv": [10, 9.75, 10.75, 10.5], "texture": "#1"},
				"up": {"uv": [8.5, 9.75, 9.25, 10.5], "texture": "#1"},
				"down": {"uv": [10.75, 9.75, 11.5, 10.5], "texture": "#1"}
			}
		},
		{
			"from": [13, -11, 7.5],
			"to": [17, -7, 8.5],
			"rotation": {"angle": 0, "axis": "y", "origin": [0, -1, 0]},
			"faces": {
				"north": {"uv": [9, 8.25, 10, 9.25], "texture": "#1"},
				"east": {"uv": [9.25, 8.25, 10, 9.25], "texture": "#1"},
				"south": {"uv": [9.5, 8.75, 10.5, 9.75], "texture": "#1"},
				"west": {"uv": [11.5, 8.5, 12.25, 9.5], "texture": "#1"},
				"up": {"uv": [9.5, 8.5, 10.5, 9.25], "texture": "#1"},
				"down": {"uv": [9.25, 8.75, 10.25, 9.5], "texture": "#1"}
			}
		},
		{
			"from": [13, -11, 8.8],
			"to": [17, -7, 9.2],
			"rotation": {"angle": 0, "axis": "y", "origin": [0, -1, 0]},
			"faces": {
				"north": {"uv": [9, 8.25, 10, 9.25], "texture": "#1"},
				"east": {"uv": [9.25, 8.25, 10, 9.25], "texture": "#1"},
				"south": {"uv": [9.5, 8.75, 10.5, 9.75], "texture": "#1"},
				"west": {"uv": [11.5, 8.5, 12.25, 9.5], "texture": "#1"},
				"up": {"uv": [9.5, 8.5, 10.5, 9.25], "texture": "#1"},
				"down": {"uv": [9.25, 8.75, 10.25, 9.5], "texture": "#1"}
			}
		},
		{
			"from": [13, -11, 9.5],
			"to": [17, -7, 10.5],
			"rotation": {"angle": 0, "axis": "y", "origin": [0, -1, 0]},
			"faces": {
				"north": {"uv": [9, 8.25, 10, 9.25], "texture": "#1"},
				"east": {"uv": [9.25, 8.25, 10, 9.25], "texture": "#1"},
				"south": {"uv": [9.5, 8.75, 10.5, 9.75], "texture": "#1"},
				"west": {"uv": [11.5, 8.5, 12.25, 9.5], "texture": "#1"},
				"up": {"uv": [9.5, 8.5, 10.5, 9.25], "texture": "#1"},
				"down": {"uv": [9.25, 8.75, 10.25, 9.5], "texture": "#1"}
			}
		},
		{
			"from": [13.2, -10.8, 8.5],
			"to": [16.8, -7.2, 9.5],
			"rotation": {"angle": 0, "axis": "y", "origin": [0, -1, 0]},
			"faces": {
				"north": {"uv": [9, 9.75, 9.75, 10.5], "texture": "#1"},
				"east": {"uv": [9.25, 9.75, 10, 10.5], "texture": "#1"},
				"south": {"uv": [9.5, 9.75, 10.25, 10.5], "texture": "#1"},
				"west": {"uv": [11.5, 9.75, 12.25, 10.5], "texture": "#1"},
				"up": {"uv": [9.5, 9.75, 10.25, 10.5], "texture": "#1"},
				"down": {"uv": [9.25, 9.75, 10, 10.5], "texture": "#1"}
			}
		},
		{
			"from": [13.5, -10.5, 7.3],
			"to": [16.5, -7.5, 7.55],
			"rotation": {"angle": 0, "axis": "y", "origin": [0, -1, 0]},
			"faces": {
				"north": {"uv": [9.25, 10.5, 10, 11.25], "texture": "#1"},
				"east": {"uv": [9, 10.5, 9.0625, 11.25], "texture": "#1"},
				"south": {"uv": [9.25, 10.5, 10, 11.25], "texture": "#1"},
				"west": {"uv": [9, 10.5, 9.0625, 11.25], "texture": "#1"},
				"up": {"uv": [9, 10.75, 9.75, 10.8125], "texture": "#1"},
				"down": {"uv": [9.25, 10.75, 10, 10.8125], "texture": "#1"}
			}
		},
		{
			"from": [13.5, -10.5, 10.5],
			"to": [16.5, -7.5, 10.75],
			"rotation": {"angle": 0, "axis": "y", "origin": [0, -1, 0]},
			"faces": {
				"north": {"uv": [9.25, 10.5, 10, 11.25], "texture": "#1"},
				"east": {"uv": [9, 10.5, 9.0625, 11.25], "texture": "#1"},
				"south": {"uv": [9.25, 10.5, 10, 11.25], "texture": "#1"},
				"west": {"uv": [9, 10.5, 9.0625, 11.25], "texture": "#1"},
				"up": {"uv": [9, 10.75, 9.75, 10.8125], "texture": "#1"},
				"down": {"uv": [9.25, 10.75, 10, 10.8125], "texture": "#1"}
			}
		},
		{
			"from": [11, -9, 12],
			"to": [15, -5, 13],
			"rotation": {"angle": 0, "axis": "y", "origin": [0, -1, 0]},
			"faces": {
				"north": {"uv": [9, 8.5, 10, 9.5], "texture": "#1"},
				"east": {"uv": [11.75, 8.5, 12, 9.5], "texture": "#1"},
				"south": {"uv": [10, 8.25, 11, 9.25], "texture": "#1"},
				"west": {"uv": [10.25, 8.25, 10.5, 9.25], "texture": "#1"},
				"up": {"uv": [9.5, 8.75, 10.5, 9], "texture": "#1"},
				"down": {"uv": [9.25, 8.5, 10.25, 8.75], "texture": "#1"}
			}
		},
		{
			"from": [12, -7, 13],
			"to": [14, -6, 16],
			"rotation": {"angle": 0, "axis": "y", "origin": [0, -1, 0]},
			"faces": {
				"north": {"uv": [10.75, 8.75, 11.25, 9], "texture": "#1"},
				"east": {"uv": [10, 9, 10.75, 9.25], "texture": "#1"},
				"south": {"uv": [10.25, 9, 10.75, 9.25], "texture": "#1"},
				"west": {"uv": [9.25, 9.25, 10, 9.5], "texture": "#1"},
				"up": {"uv": [10.25, 8.5, 10.75, 9.25], "texture": "#1"},
				"down": {"uv": [10.25, 8.25, 10.75, 9], "texture": "#1"}
			}
		},
		{
			"from": [12.5, -6, 14.5],
			"to": [13.5, -3, 15.5],
			"rotation": {"angle": 0, "axis": "y", "origin": [0, -1, 0]},
			"faces": {
				"north": {"uv": [10, 10.5, 10.25, 11.25], "texture": "#1"},
				"east": {"uv": [11, 10.5, 11.25, 11.25], "texture": "#1"},
				"south": {"uv": [10.25, 10.5, 10.5, 11.25], "texture": "#1"},
				"west": {"uv": [10.5, 10.5, 10.75, 11.25], "texture": "#1"},
				"up": {"uv": [10, 10.75, 10.25, 11], "texture": "#1"},
				"down": {"uv": [10.25, 11, 10.5, 11.25], "texture": "#1"}
			}
		},
		{
			"from": [12.4, -6, 14.4],
			"to": [13.6, -5.8, 15.6],
			"rotation": {"angle": 0, "axis": "y", "origin": [0, -1, 0]},
			"faces": {
				"north": {"uv": [10, 9.75, 10.25, 10.5], "texture": "#1"},
				"east": {"uv": [11, 9.75, 11.25, 10.5], "texture": "#1"},
				"south": {"uv": [10.25, 9.75, 10.5, 10.5], "texture": "#1"},
				"west": {"uv": [10.5, 9.75, 10.75, 10.5], "texture": "#1"},
				"up": {"uv": [10, 10, 10.25, 10.25], "texture": "#1"},
				"down": {"uv": [10, 10, 10.25, 10.25], "texture": "#1"}
			}
		},
		{
			"from": [12.4, -5.6, 14.4],
			"to": [13.6, -5.4, 15.6],
			"rotation": {"angle": 0, "axis": "y", "origin": [0, -1, 0]},
			"faces": {
				"north": {"uv": [10, 9.75, 10.25, 10.5], "texture": "#1"},
				"east": {"uv": [11, 9.75, 11.25, 10.5], "texture": "#1"},
				"south": {"uv": [10.25, 9.75, 10.5, 10.5], "texture": "#1"},
				"west": {"uv": [10.5, 9.75, 10.75, 10.5], "texture": "#1"},
				"up": {"uv": [10, 10, 10.25, 10.25], "texture": "#1"},
				"down": {"uv": [10, 10, 10.25, 10.25], "texture": "#1"}
			}
		},
		{
			"from": [12.4, -3, 14.4],
			"to": [13.6, -2.5, 15.6],
			"rotation": {"angle": 0, "axis": "y", "origin": [0, -1, 0]},
			"faces": {
				"north": {"uv": [10.75, 8.75, 11.05, 8.875], "texture": "#1"},
				"east": {"uv": [10, 8.75, 10.3, 8.875], "texture": "#1"},
				"south": {"uv": [10.5, 9.25, 10.8, 9.375], "texture": "#1"},
				"west": {"uv": [10, 9, 10.3, 9.125], "texture": "#1"},
				"up": {"uv": [10, 9, 10.3, 9.3], "texture": "#1"},
				"down": {"uv": [10.25, 9, 10.55, 9.3], "texture": "#1"}
			}
		},
		{
			"from": [12.7, -6.3, -6],
			"to": [13.3, -5.7, 4],
			"rotation": {"angle": 0, "axis": "y", "origin": [0, -1, 0]},
			"faces": {
				"north": {"uv": [8.5, 8, 8.65, 8.15], "texture": "#1"},
				"east": {"uv": [8.5, 8.5, 11, 8.65], "texture": "#1"},
				"south": {"uv": [8.5, 8.25, 8.65, 8.4], "texture": "#1"},
				"west": {"uv": [8.25, 8, 10.75, 8.15], "texture": "#1"},
				"up": {"uv": [8.25, 8, 8.4, 10.5], "texture": "#1"},
				"down": {"uv": [8.25, 8, 8.4, 10.5], "texture": "#1"}
			}
		},
		{
			"from": [12.7, -8.3, -6],
			"to": [13.3, -7.7, 4],
			"rotation": {"angle": 0, "axis": "y", "origin": [0, -1, 0]},
			"faces": {
				"north": {"uv": [8.5, 8, 8.65, 8.15], "texture": "#1"},
				"east": {"uv": [8.5, 8.5, 11, 8.65], "texture": "#1"},
				"south": {"uv": [8.5, 8.25, 8.65, 8.4], "texture": "#1"},
				"west": {"uv": [8.25, 8, 10.75, 8.15], "texture": "#1"},
				"up": {"uv": [8.25, 8, 8.4, 10.5], "texture": "#1"},
				"down": {"uv": [8.25, 8, 8.4, 10.5], "texture": "#1"}
			}
		},
		{
			"from": [13.6, -7.8, -6],
			"to": [14.2, -7.2, 4],
			"rotation": {"angle": 0, "axis": "y", "origin": [0, -1, 0]},
			"faces": {
				"north": {"uv": [8.5, 8, 8.65, 8.15], "texture": "#1"},
				"east": {"uv": [8.5, 8.5, 11, 8.65], "texture": "#1"},
				"south": {"uv": [8.5, 8.25, 8.65, 8.4], "texture": "#1"},
				"west": {"uv": [8.25, 8, 10.75, 8.15], "texture": "#1"},
				"up": {"uv": [8.25, 8, 8.4, 10.5], "texture": "#1"},
				"down": {"uv": [8.25, 8, 8.4, 10.5], "texture": "#1"}
			}
		},
		{
			"from": [11.8, -6.8, -6],
			"to": [12.4, -6.2, 4],
			"rotation": {"angle": 0, "axis": "y", "origin": [0, -1, 0]},
			"faces": {
				"north": {"uv": [8.5, 8, 8.65, 8.15], "texture": "#1"},
				"east": {"uv": [8.5, 8.5, 11, 8.65], "texture": "#1"},
				"south": {"uv": [8.5, 8.25, 8.65, 8.4], "texture": "#1"},
				"west": {"uv": [8.25, 8, 10.75, 8.15], "texture": "#1"},
				"up": {"uv": [8.25, 8, 8.4, 10.5], "texture": "#1"},
				"down": {"uv": [8.25, 8, 8.4, 10.5], "texture": "#1"}
			}
		},
		{
			"from": [11.8, -7.8, -6],
			"to": [12.4, -7.2, 4],
			"rotation": {"angle": 0, "axis": "y", "origin": [0, -1, 0]},
			"faces": {
				"north": {"uv": [8.5, 8, 8.65, 8.15], "texture": "#1"},
				"east": {"uv": [8.5, 8.5, 11, 8.65], "texture": "#1"},
				"south": {"uv": [8.5, 8.25, 8.65, 8.4], "texture": "#1"},
				"west": {"uv": [8.25, 8, 10.75, 8.15], "texture": "#1"},
				"up": {"uv": [8.25, 8, 8.4, 10.5], "texture": "#1"},
				"down": {"uv": [8.25, 8, 8.4, 10.5], "texture": "#1"}
			}
		},
		{
			"from": [13.6, -6.8, -6],
			"to": [14.2, -6.2, 4],
			"rotation": {"angle": 0, "axis": "y", "origin": [0, -1, 0]},
			"faces": {
				"north": {"uv": [8.5, 8, 8.65, 8.15], "texture": "#1"},
				"east": {"uv": [8.5, 8.5, 11, 8.65], "texture": "#1"},
				"south": {"uv": [8.5, 8.25, 8.65, 8.4], "texture": "#1"},
				"west": {"uv": [8.25, 8, 10.75, 8.15], "texture": "#1"},
				"up": {"uv": [8.25, 8, 8.4, 10.5], "texture": "#1"},
				"down": {"uv": [8.25, 8, 8.4, 10.5], "texture": "#1"}
			}
		},
		{
			"from": [15, -7.7, 7.1],
			"to": [16, -6.7, 10.9],
			"rotation": {"angle": 0, "axis": "y", "origin": [0, -1, 0]},
			"faces": {
				"north": {"uv": [10, 10, 10.25, 10.25], "texture": "#1"},
				"east": {"uv": [10.25, 10, 11.2, 10.25], "texture": "#1"},
				"south": {"uv": [10.5, 10, 10.75, 10.25], "texture": "#1"},
				"west": {"uv": [9.5, 10, 10.45, 10.25], "texture": "#1"},
				"up": {"uv": [9, 9.75, 9.25, 10.5], "texture": "#1"},
				"down": {"uv": [9.75, 9.75, 10, 10.5], "texture": "#1"}
			}
		},
		{
			"from": [12.7, -10, 7.1],
			"to": [13.7, -9, 10.9],
			"rotation": {"angle": 0, "axis": "y", "origin": [0, -1, 0]},
			"faces": {
				"north": {"uv": [10, 10, 10.25, 10.25], "texture": "#1"},
				"east": {"uv": [10.25, 10, 11.2, 10.25], "texture": "#1"},
				"south": {"uv": [10.75, 10, 11, 10.25], "texture": "#1"},
				"west": {"uv": [9.5, 10, 10.45, 10.25], "texture": "#1"},
				"up": {"uv": [9, 9.75, 9.25, 10.5], "texture": "#1"},
				"down": {"uv": [9.75, 9.75, 10, 10.5], "texture": "#1"}
			}
		},
		{
			"from": [12.6, -6.4, -7],
			"to": [13.4, -5.6, -6],
			"rotation": {"angle": 0, "axis": "y", "origin": [0, -1, 0]},
			"faces": {
				"north": {"uv": [7, 8.75, 8.25, 10], "texture": "#1"},
				"east": {"uv": [7, 8, 8.25, 8.75], "texture": "#1"},
				"south": {"uv": [7, 8.75, 8.25, 10], "texture": "#1"},
				"west": {"uv": [7, 8, 8.25, 8.75], "texture": "#1"},
				"up": {"uv": [7, 8, 8.25, 8.75], "rotation": 90, "texture": "#1"},
				"down": {"uv": [7, 8, 8.25, 8.75], "rotation": 90, "texture": "#1"}
			}
		},
		{
			"from": [13.5, -6.9, 3],
			"to": [14.3, -6.1, 4],
			"rotation": {"angle": 0, "axis": "y", "origin": [0, -1, 0]},
			"faces": {
				"north": {"uv": [7, 8.75, 8.25, 10], "texture": "#1"},
				"east": {"uv": [7, 8, 8.25, 8.75], "texture": "#1"},
				"south": {"uv": [7, 8.75, 8.25, 10], "texture": "#1"},
				"west": {"uv": [7, 8, 8.25, 8.75], "texture": "#1"},
				"up": {"uv": [7, 8, 8.25, 8.75], "rotation": 90, "texture": "#1"},
				"down": {"uv": [7, 8, 8.25, 8.75], "rotation": 90, "texture": "#1"}
			}
		},
		{
			"from": [11.7, -7.9, 3],
			"to": [12.5, -7.1, 4],
			"rotation": {"angle": 0, "axis": "y", "origin": [0, -1, 0]},
			"faces": {
				"north": {"uv": [7, 8.75, 8.25, 10], "texture": "#1"},
				"east": {"uv": [7, 8, 8.25, 8.75], "texture": "#1"},
				"south": {"uv": [7, 8.75, 8.25, 10], "texture": "#1"},
				"west": {"uv": [7, 8, 8.25, 8.75], "texture": "#1"},
				"up": {"uv": [7, 8, 8.25, 8.75], "rotation": 90, "texture": "#1"},
				"down": {"uv": [7, 8, 8.25, 8.75], "rotation": 90, "texture": "#1"}
			}
		},
		{
			"from": [11.7, -6.9, 3],
			"to": [12.5, -6.1, 4],
			"rotation": {"angle": 0, "axis": "y", "origin": [0, -1, 0]},
			"faces": {
				"north": {"uv": [7, 8.75, 8.25, 10], "texture": "#1"},
				"east": {"uv": [7, 8, 8.25, 8.75], "texture": "#1"},
				"south": {"uv": [7, 8.75, 8.25, 10], "texture": "#1"},
				"west": {"uv": [7, 8, 8.25, 8.75], "texture": "#1"},
				"up": {"uv": [7, 8, 8.25, 8.75], "rotation": 90, "texture": "#1"},
				"down": {"uv": [7, 8, 8.25, 8.75], "rotation": 90, "texture": "#1"}
			}
		},
		{
			"from": [13.5, -7.9, 3],
			"to": [14.3, -7.1, 4],
			"rotation": {"angle": 0, "axis": "y", "origin": [0, -1, 0]},
			"faces": {
				"north": {"uv": [7, 8.75, 8.25, 10], "texture": "#1"},
				"east": {"uv": [7, 8, 8.25, 8.75], "texture": "#1"},
				"south": {"uv": [7, 8.75, 8.25, 10], "texture": "#1"},
				"west": {"uv": [7, 8, 8.25, 8.75], "texture": "#1"},
				"up": {"uv": [7, 8, 8.25, 8.75], "rotation": 90, "texture": "#1"},
				"down": {"uv": [7, 8, 8.25, 8.75], "rotation": 90, "texture": "#1"}
			}
		},
		{
			"from": [12.6, -8.4, 3],
			"to": [13.4, -7.6, 4],
			"rotation": {"angle": 0, "axis": "y", "origin": [0, -1, 0]},
			"faces": {
				"north": {"uv": [7, 8.75, 8.25, 10], "texture": "#1"},
				"east": {"uv": [7, 8, 8.25, 8.75], "texture": "#1"},
				"south": {"uv": [7, 8.75, 8.25, 10], "texture": "#1"},
				"west": {"uv": [7, 8, 8.25, 8.75], "texture": "#1"},
				"up": {"uv": [7, 8, 8.25, 8.75], "rotation": 90, "texture": "#1"},
				"down": {"uv": [7, 8, 8.25, 8.75], "rotation": 90, "texture": "#1"}
			}
		},
		{
			"from": [12.6, -6.4, 3],
			"to": [13.4, -5.6, 4],
			"rotation": {"angle": 0, "axis": "y", "origin": [0, -1, 0]},
			"faces": {
				"north": {"uv": [7, 8.75, 8.25, 10], "texture": "#1"},
				"east": {"uv": [7, 8, 8.25, 8.75], "texture": "#1"},
				"south": {"uv": [7, 8.75, 8.25, 10], "texture": "#1"},
				"west": {"uv": [7, 8, 8.25, 8.75], "texture": "#1"},
				"up": {"uv": [7, 8, 8.25, 8.75], "rotation": 90, "texture": "#1"},
				"down": {"uv": [7, 8, 8.25, 8.75], "rotation": 90, "texture": "#1"}
			}
		},
		{
			"from": [12.6, -8.4, -7],
			"to": [13.4, -7.6, -6],
			"rotation": {"angle": 0, "axis": "y", "origin": [0, -1, 0]},
			"faces": {
				"north": {"uv": [7, 8.75, 8.25, 10], "texture": "#1"},
				"east": {"uv": [7, 8, 8.25, 8.75], "texture": "#1"},
				"south": {"uv": [7, 8.75, 8.25, 10], "texture": "#1"},
				"west": {"uv": [7, 8, 8.25, 8.75], "texture": "#1"},
				"up": {"uv": [7, 8, 8.25, 8.75], "rotation": 90, "texture": "#1"},
				"down": {"uv": [7, 8, 8.25, 8.75], "rotation": 90, "texture": "#1"}
			}
		},
		{
			"from": [13.5, -7.9, -7],
			"to": [14.3, -7.1, -6],
			"rotation": {"angle": 0, "axis": "y", "origin": [0, -1, 0]},
			"faces": {
				"north": {"uv": [7, 8.75, 8.25, 10], "texture": "#1"},
				"east": {"uv": [7, 8, 8.25, 8.75], "texture": "#1"},
				"south": {"uv": [7, 8.75, 8.25, 10], "texture": "#1"},
				"west": {"uv": [7, 8, 8.25, 8.75], "texture": "#1"},
				"up": {"uv": [7, 8, 8.25, 8.75], "rotation": 90, "texture": "#1"},
				"down": {"uv": [7, 8, 8.25, 8.75], "rotation": 90, "texture": "#1"}
			}
		},
		{
			"from": [11.7, -6.9, -7],
			"to": [12.5, -6.1, -6],
			"rotation": {"angle": 0, "axis": "y", "origin": [0, -1, 0]},
			"faces": {
				"north": {"uv": [7, 8.75, 8.25, 10], "texture": "#1"},
				"east": {"uv": [7, 8, 8.25, 8.75], "texture": "#1"},
				"south": {"uv": [7, 8.75, 8.25, 10], "texture": "#1"},
				"west": {"uv": [7, 8, 8.25, 8.75], "texture": "#1"},
				"up": {"uv": [7, 8, 8.25, 8.75], "rotation": 90, "texture": "#1"},
				"down": {"uv": [7, 8, 8.25, 8.75], "rotation": 90, "texture": "#1"}
			}
		},
		{
			"from": [11.7, -7.9, -7],
			"to": [12.5, -7.1, -6],
			"rotation": {"angle": 0, "axis": "y", "origin": [0, -1, 0]},
			"faces": {
				"north": {"uv": [7, 8.75, 8.25, 10], "texture": "#1"},
				"east": {"uv": [7, 8, 8.25, 8.75], "texture": "#1"},
				"south": {"uv": [7, 8.75, 8.25, 10], "texture": "#1"},
				"west": {"uv": [7, 8, 8.25, 8.75], "texture": "#1"},
				"up": {"uv": [7, 8, 8.25, 8.75], "rotation": 90, "texture": "#1"},
				"down": {"uv": [7, 8, 8.25, 8.75], "rotation": 90, "texture": "#1"}
			}
		},
		{
			"from": [13.5, -6.9, -7],
			"to": [14.3, -6.1, -6],
			"rotation": {"angle": 0, "axis": "y", "origin": [0, -1, 0]},
			"faces": {
				"north": {"uv": [7, 8.75, 8.25, 10], "texture": "#1"},
				"east": {"uv": [7, 8, 8.25, 8.75], "texture": "#1"},
				"south": {"uv": [7, 8.75, 8.25, 10], "texture": "#1"},
				"west": {"uv": [7, 8, 8.25, 8.75], "texture": "#1"},
				"up": {"uv": [7, 8, 8.25, 8.75], "rotation": 90, "texture": "#1"},
				"down": {"uv": [7, 8, 8.25, 8.75], "rotation": 90, "texture": "#1"}
			}
		},
		{
			"from": [10.1, -11.8, 4.8],
			"to": [14.1, -10.8, 8.8],
			"rotation": {"angle": 22.5, "axis": "y", "origin": [0, -1, 0]},
			"faces": {
				"north": {"uv": [9.25, 8.75, 10.25, 9.5], "rotation": 180, "texture": "#1"},
				"east": {"uv": [9.25, 8.25, 10, 9.25], "rotation": 270, "texture": "#1"},
				"south": {"uv": [9.5, 8.5, 10.5, 9.25], "texture": "#1"},
				"west": {"uv": [11.5, 8.5, 12.25, 9.5], "rotation": 90, "texture": "#1"},
				"up": {"uv": [9, 8.25, 10, 9.25], "rotation": 180, "texture": "#1"},
				"down": {"uv": [9.5, 8.75, 10.5, 9.75], "texture": "#1"}
			}
		},
		{
			"from": [10.1, -12.5, 4.8],
			"to": [14.1, -12.1, 8.8],
			"rotation": {"angle": 22.5, "axis": "y", "origin": [0, -1, 0]},
			"faces": {
				"north": {"uv": [9.25, 8.75, 10.25, 9.5], "rotation": 180, "texture": "#1"},
				"east": {"uv": [9.25, 8.25, 10, 9.25], "rotation": 270, "texture": "#1"},
				"south": {"uv": [9.5, 8.5, 10.5, 9.25], "texture": "#1"},
				"west": {"uv": [11.5, 8.5, 12.25, 9.5], "rotation": 90, "texture": "#1"},
				"up": {"uv": [9, 8.25, 10, 9.25], "rotation": 180, "texture": "#1"},
				"down": {"uv": [9.5, 8.75, 10.5, 9.75], "texture": "#1"}
			}
		},
		{
			"from": [10.1, -13.8, 4.8],
			"to": [14.1, -12.8, 8.8],
			"rotation": {"angle": 22.5, "axis": "y", "origin": [0, -1, 0]},
			"faces": {
				"north": {"uv": [9.25, 8.75, 10.25, 9.5], "rotation": 180, "texture": "#1"},
				"east": {"uv": [9.25, 8.25, 10, 9.25], "rotation": 270, "texture": "#1"},
				"south": {"uv": [9.5, 8.5, 10.5, 9.25], "texture": "#1"},
				"west": {"uv": [11.5, 8.5, 12.25, 9.5], "rotation": 90, "texture": "#1"},
				"up": {"uv": [9, 8.25, 10, 9.25], "rotation": 180, "texture": "#1"},
				"down": {"uv": [9.5, 8.75, 10.5, 9.75], "texture": "#1"}
			}
		},
		{
			"from": [10.3, -12.8, 5],
			"to": [13.9, -11.8, 8.6],
			"rotation": {"angle": 22.5, "axis": "y", "origin": [0, -1, 0]},
			"faces": {
				"north": {"uv": [9.25, 9.75, 10, 10.5], "rotation": 180, "texture": "#1"},
				"east": {"uv": [9.25, 9.75, 10, 10.5], "rotation": 270, "texture": "#1"},
				"south": {"uv": [9.5, 9.75, 10.25, 10.5], "texture": "#1"},
				"west": {"uv": [11.5, 9.75, 12.25, 10.5], "rotation": 90, "texture": "#1"},
				"up": {"uv": [9, 9.75, 9.75, 10.5], "rotation": 180, "texture": "#1"},
				"down": {"uv": [9.5, 9.75, 10.25, 10.5], "texture": "#1"}
			}
		},
		{
			"from": [10.6, -10.85, 5.3],
			"to": [13.6, -10.6, 8.3],
			"rotation": {"angle": 22.5, "axis": "y", "origin": [0, -1, 0]},
			"faces": {
				"north": {"uv": [9.25, 10.75, 10, 10.8125], "rotation": 180, "texture": "#1"},
				"east": {"uv": [9, 10.5, 9.0625, 11.25], "rotation": 270, "texture": "#1"},
				"south": {"uv": [9, 10.75, 9.75, 10.8125], "texture": "#1"},
				"west": {"uv": [9, 10.5, 9.0625, 11.25], "rotation": 90, "texture": "#1"},
				"up": {"uv": [9.25, 10.5, 10, 11.25], "rotation": 180, "texture": "#1"},
				"down": {"uv": [9.25, 10.5, 10, 11.25], "texture": "#1"}
			}
		},
		{
			"from": [10.6, -14.05, 5.3],
			"to": [13.6, -13.8, 8.3],
			"rotation": {"angle": 22.5, "axis": "y", "origin": [0, -1, 0]},
			"faces": {
				"north": {"uv": [9.25, 10.75, 10, 10.8125], "rotation": 180, "texture": "#1"},
				"east": {"uv": [9, 10.5, 9.0625, 11.25], "rotation": 270, "texture": "#1"},
				"south": {"uv": [9, 10.75, 9.75, 10.8125], "texture": "#1"},
				"west": {"uv": [9, 10.5, 9.0625, 11.25], "rotation": 90, "texture": "#1"},
				"up": {"uv": [9.25, 10.5, 10, 11.25], "rotation": 180, "texture": "#1"},
				"down": {"uv": [9.25, 10.5, 10, 11.25], "texture": "#1"}
			}
		},
		{
			"from": [-10.3, -11.8, 10.7],
			"to": [-6.3, -10.8, 14.7],
			"rotation": {"angle": 45, "axis": "y", "origin": [0, -1, 0]},
			"faces": {
				"north": {"uv": [9.25, 8.75, 10.25, 9.5], "rotation": 180, "texture": "#1"},
				"east": {"uv": [9.25, 8.25, 10, 9.25], "rotation": 270, "texture": "#1"},
				"south": {"uv": [9.5, 8.5, 10.5, 9.25], "texture": "#1"},
				"west": {"uv": [11.5, 8.5, 12.25, 9.5], "rotation": 90, "texture": "#1"},
				"up": {"uv": [9, 8.25, 10, 9.25], "rotation": 180, "texture": "#1"},
				"down": {"uv": [9.5, 8.75, 10.5, 9.75], "texture": "#1"}
			}
		},
		{
			"from": [-10.3, -12.5, 10.7],
			"to": [-6.3, -12.1, 14.7],
			"rotation": {"angle": 45, "axis": "y", "origin": [0, -1, 0]},
			"faces": {
				"north": {"uv": [9.25, 8.75, 10.25, 9.5], "rotation": 180, "texture": "#1"},
				"east": {"uv": [9.25, 8.25, 10, 9.25], "rotation": 270, "texture": "#1"},
				"south": {"uv": [9.5, 8.5, 10.5, 9.25], "texture": "#1"},
				"west": {"uv": [11.5, 8.5, 12.25, 9.5], "rotation": 90, "texture": "#1"},
				"up": {"uv": [9, 8.25, 10, 9.25], "rotation": 180, "texture": "#1"},
				"down": {"uv": [9.5, 8.75, 10.5, 9.75], "texture": "#1"}
			}
		},
		{
			"from": [-10.3, -13.8, 10.7],
			"to": [-6.3, -12.8, 14.7],
			"rotation": {"angle": 45, "axis": "y", "origin": [0, -1, 0]},
			"faces": {
				"north": {"uv": [9.25, 8.75, 10.25, 9.5], "rotation": 180, "texture": "#1"},
				"east": {"uv": [9.25, 8.25, 10, 9.25], "rotation": 270, "texture": "#1"},
				"south": {"uv": [9.5, 8.5, 10.5, 9.25], "texture": "#1"},
				"west": {"uv": [11.5, 8.5, 12.25, 9.5], "rotation": 90, "texture": "#1"},
				"up": {"uv": [9, 8.25, 10, 9.25], "rotation": 180, "texture": "#1"},
				"down": {"uv": [9.5, 8.75, 10.5, 9.75], "texture": "#1"}
			}
		},
		{
			"from": [-10.1, -12.8, 10.9],
			"to": [-6.5, -11.8, 14.5],
			"rotation": {"angle": 45, "axis": "y", "origin": [0, -1, 0]},
			"faces": {
				"north": {"uv": [9.25, 9.75, 10, 10.5], "rotation": 180, "texture": "#1"},
				"east": {"uv": [9.25, 9.75, 10, 10.5], "rotation": 270, "texture": "#1"},
				"south": {"uv": [9.5, 9.75, 10.25, 10.5], "texture": "#1"},
				"west": {"uv": [11.5, 9.75, 12.25, 10.5], "rotation": 90, "texture": "#1"},
				"up": {"uv": [9, 9.75, 9.75, 10.5], "rotation": 180, "texture": "#1"},
				"down": {"uv": [9.5, 9.75, 10.25, 10.5], "texture": "#1"}
			}
		},
		{
			"from": [-9.8, -10.85, 11.2],
			"to": [-6.8, -10.6, 14.2],
			"rotation": {"angle": 45, "axis": "y", "origin": [0, -1, 0]},
			"faces": {
				"north": {"uv": [9.25, 10.75, 10, 10.8125], "rotation": 180, "texture": "#1"},
				"east": {"uv": [9, 10.5, 9.0625, 11.25], "rotation": 270, "texture": "#1"},
				"south": {"uv": [9, 10.75, 9.75, 10.8125], "texture": "#1"},
				"west": {"uv": [9, 10.5, 9.0625, 11.25], "rotation": 90, "texture": "#1"},
				"up": {"uv": [9.25, 10.5, 10, 11.25], "rotation": 180, "texture": "#1"},
				"down": {"uv": [9.25, 10.5, 10, 11.25], "texture": "#1"}
			}
		},
		{
			"from": [-9.8, -14.05, 11.2],
			"to": [-6.8, -13.8, 14.2],
			"rotation": {"angle": 45, "axis": "y", "origin": [0, -1, 0]},
			"faces": {
				"north": {"uv": [9.25, 10.75, 10, 10.8125], "rotation": 180, "texture": "#1"},
				"east": {"uv": [9, 10.5, 9.0625, 11.25], "rotation": 270, "texture": "#1"},
				"south": {"uv": [9, 10.75, 9.75, 10.8125], "texture": "#1"},
				"west": {"uv": [9, 10.5, 9.0625, 11.25], "rotation": 90, "texture": "#1"},
				"up": {"uv": [9.25, 10.5, 10, 11.25], "rotation": 180, "texture": "#1"},
				"down": {"uv": [9.25, 10.5, 10, 11.25], "texture": "#1"}
			}
		},
		{
			"from": [2.8, -14.1, 8.2],
			"to": [6.8, -10.1, 9.2],
			"rotation": {"angle": -22.5, "axis": "y", "origin": [0, -1, 0]},
			"faces": {
				"north": {"uv": [9.5, 8.75, 10.5, 9.75], "rotation": 270, "texture": "#1"},
				"east": {"uv": [9.5, 8.5, 10.5, 9.25], "rotation": 270, "texture": "#1"},
				"south": {"uv": [9, 8.25, 10, 9.25], "rotation": 90, "texture": "#1"},
				"west": {"uv": [9.25, 8.75, 10.25, 9.5], "rotation": 270, "texture": "#1"},
				"up": {"uv": [9.25, 8.25, 10, 9.25], "rotation": 90, "texture": "#1"},
				"down": {"uv": [11.5, 8.5, 12.25, 9.5], "rotation": 90, "texture": "#1"}
			}
		},
		{
			"from": [2.8, -14.1, 7.5],
			"to": [6.8, -10.1, 7.9],
			"rotation": {"angle": -22.5, "axis": "y", "origin": [0, -1, 0]},
			"faces": {
				"north": {"uv": [9.5, 8.75, 10.5, 9.75], "rotation": 270, "texture": "#1"},
				"east": {"uv": [9.5, 8.5, 10.5, 9.25], "rotation": 270, "texture": "#1"},
				"south": {"uv": [9, 8.25, 10, 9.25], "rotation": 90, "texture": "#1"},
				"west": {"uv": [9.25, 8.75, 10.25, 9.5], "rotation": 270, "texture": "#1"},
				"up": {"uv": [9.25, 8.25, 10, 9.25], "rotation": 90, "texture": "#1"},
				"down": {"uv": [11.5, 8.5, 12.25, 9.5], "rotation": 90, "texture": "#1"}
			}
		},
		{
			"from": [2.8, -14.1, 6.2],
			"to": [6.8, -10.1, 7.2],
			"rotation": {"angle": -22.5, "axis": "y", "origin": [0, -1, 0]},
			"faces": {
				"north": {"uv": [9.5, 8.75, 10.5, 9.75], "rotation": 270, "texture": "#1"},
				"east": {"uv": [9.5, 8.5, 10.5, 9.25], "rotation": 270, "texture": "#1"},
				"south": {"uv": [9, 8.25, 10, 9.25], "rotation": 90, "texture": "#1"},
				"west": {"uv": [9.25, 8.75, 10.25, 9.5], "rotation": 270, "texture": "#1"},
				"up": {"uv": [9.25, 8.25, 10, 9.25], "rotation": 90, "texture": "#1"},
				"down": {"uv": [11.5, 8.5, 12.25, 9.5], "rotation": 90, "texture": "#1"}
			}
		},
		{
			"from": [3, -13.9, 7.2],
			"to": [6.6, -10.3, 8.2],
			"rotation": {"angle": -22.5, "axis": "y", "origin": [0, -1, 0]},
			"faces": {
				"north": {"uv": [9.5, 9.75, 10.25, 10.5], "rotation": 270, "texture": "#1"},
				"east": {"uv": [9.5, 9.75, 10.25, 10.5], "rotation": 270, "texture": "#1"},
				"south": {"uv": [9, 9.75, 9.75, 10.5], "rotation": 90, "texture": "#1"},
				"west": {"uv": [9.25, 9.75, 10, 10.5], "rotation": 270, "texture": "#1"},
				"up": {"uv": [9.25, 9.75, 10, 10.5], "rotation": 90, "texture": "#1"},
				"down": {"uv": [11.5, 9.75, 12.25, 10.5], "rotation": 90, "texture": "#1"}
			}
		},
		{
			"from": [3.3, -13.6, 9.15],
			"to": [6.3, -10.6, 9.4],
			"rotation": {"angle": -22.5, "axis": "y", "origin": [0, -1, 0]},
			"faces": {
				"north": {"uv": [9.25, 10.5, 10, 11.25], "rotation": 270, "texture": "#1"},
				"east": {"uv": [9, 10.75, 9.75, 10.8125], "rotation": 270, "texture": "#1"},
				"south": {"uv": [9.25, 10.5, 10, 11.25], "rotation": 90, "texture": "#1"},
				"west": {"uv": [9.25, 10.75, 10, 10.8125], "rotation": 270, "texture": "#1"},
				"up": {"uv": [9, 10.5, 9.0625, 11.25], "rotation": 90, "texture": "#1"},
				"down": {"uv": [9, 10.5, 9.0625, 11.25], "rotation": 90, "texture": "#1"}
			}
		},
		{
			"from": [3.3, -13.6, 5.95],
			"to": [6.3, -10.6, 6.2],
			"rotation": {"angle": -22.5, "axis": "y", "origin": [0, -1, 0]},
			"faces": {
				"north": {"uv": [9.25, 10.5, 10, 11.25], "rotation": 270, "texture": "#1"},
				"east": {"uv": [9, 10.75, 9.75, 10.8125], "rotation": 270, "texture": "#1"},
				"south": {"uv": [9.25, 10.5, 10, 11.25], "rotation": 90, "texture": "#1"},
				"west": {"uv": [9.25, 10.75, 10, 10.8125], "rotation": 270, "texture": "#1"},
				"up": {"uv": [9, 10.5, 9.0625, 11.25], "rotation": 90, "texture": "#1"},
				"down": {"uv": [9, 10.5, 9.0625, 11.25], "rotation": 90, "texture": "#1"}
			}
		}
	],
	"display": {
		"thirdperson_righthand": {
			"rotation": [60, 0, 0],
			"translation": [0, 1.5, 2],
			"scale": [0.2, 0.2, 0.2]
		},
		"thirdperson_lefthand": {
			"rotation": [60, 0, 0],
			"translation": [0, 1.5, 2],
			"scale": [0.2, 0.2, 0.2]
		},
		"firstperson_righthand": {
			"rotation": [0, 135, 0],
			"translation": [0, 6.5, 0],
			"scale": [0.2, 0.2, 0.2]
		},
		"firstperson_lefthand": {
			"rotation": [0, 135, 0],
			"translation": [0, 6.5, 0],
			"scale": [0.2, 0.2, 0.2]
		},
		"ground": {
			"translation": [0, 20, 0]
		},
		"gui": {
			"rotation": [30, 135, 0],
			"translation": [0, 11.5, 0]
		},
		"head": {
			"translation": [0, -7.5, 0],
			"scale": [1.5, 1.5, 1.5]
		},
		"fixed": {
			"translation": [0, 4, -1.5],
			"scale": [0.5, 0.5, 0.5]
		}
	},
	"groups": [
		{
			"name": "plate",
			"origin": [0, 0, 0],
			"children": [0, 1]
		},
		{
			"name": "charactor",
			"origin": [8, 8, 8],
			"children": [
				{
					"name": "H",
					"origin": [0, 0, 0],
					"children": [
						{
							"name": "P",
							"origin": [0, 0, 0],
							"children": [2, 3, 4, 5, 6, 7, 8, 9]
						}, 10, 11, 12, 13, 14, 15, 16, 17, 18, 19, 20, 21, 22, 23, 24, 25]
				},
				{
					"name": "B",
					"origin": [0, 0, 0],
					"children": [26, 27, 28, 29, 30]
				},
				{
					"name": "RA",
					"origin": [0, 0, 0],
					"children": [31, 32, 33]
				},
				{
					"name": "LA",
					"origin": [0, 0, 0],
					"children": [34, 35, 36]
				},
				{
					"name": "RL",
					"origin": [0, 0, 0],
					"children": [37, 38, 39]
				},
				{
					"name": "LL",
					"origin": [0, 0, 0],
					"children": [40, 41, 42]
				}
			]
		},
		{
			"name": "minigun",
			"origin": [8, 8, 8],
			"children": [43, 44, 45, 46, 47, 48, 49, 50, 51, 52, 53, 54, 55, 56, 57, 58, 59, 60, 61, 62, 63, 64, 65, 66, 67, 68, 69, 70, 71, 72, 73, 74, 75, 76, 77, 78, 79, 80, 81, 82, 83, 84, 85, 86, 87, 88, 89, 90, 91, 92, 93, 94, 95, 96, 97]
		},
		{
			"name": "ammo",
			"origin": [8, 8, 8],
			"children": [98, 99, 100, 101, 102, 103]
		},
		{
			"name": "ammo",
			"origin": [8, 8, 8],
			"children": [104, 105, 106, 107, 108, 109]
		},
		{
			"name": "ammo",
			"origin": [8, 8, 8],
			"children": [110, 111, 112, 113, 114, 115]
		}
	]
}