{
	"credit": "Made with Blockbench",
	"texture_size": [64, 64],
	"textures": {
		"1": "item/miner/miner1",
		"particle": "item/miner/miner1"
	},
	"elements": [
		{
			"from": [13.5, -10.13294, 13.68198],
			"to": [14.5, 21.86706, 14.68198],
			"rotation": {"angle": 0, "axis": "x", "origin": [14, 12.90992, 14.18198]},
			"faces": {
				"north": {"uv": [15.75, 0, 16, 6], "texture": "#1"},
				"east": {"uv": [15.75, 0, 16, 6], "texture": "#1"},
				"south": {"uv": [15.75, 0, 16, 6], "texture": "#1"},
				"west": {"uv": [15.75, 0, 16, 6], "texture": "#1"},
				"up": {"uv": [15.75, 0, 16, 0.25], "texture": "#1"},
				"down": {"uv": [15.75, 0, 16, 0.25], "texture": "#1"}
			}
		},
		{
			"from": [13, 17.86706, 9.68198],
			"to": [15, 20.86706, 18.68198],
			"rotation": {"angle": 0, "axis": "x", "origin": [14, 12.90992, 14.18198]},
			"faces": {
				"north": {"uv": [13.75, 13.75, 14.25, 14.25], "texture": "#1"},
				"east": {"uv": [13.75, 13.75, 16, 14.5], "texture": "#1"},
				"south": {"uv": [13.75, 13.75, 14.25, 14.25], "texture": "#1"},
				"west": {"uv": [13.75, 13.75, 16, 14.5], "texture": "#1"},
				"up": {"uv": [13.75, 13.75, 14.25, 16], "texture": "#1"},
				"down": {"uv": [13.75, 13.75, 14.25, 16], "texture": "#1"}
			}
		},
		{
			"from": [13.2, 17.66706, 18.68198],
			"to": [14.8, 19.66706, 23.68198],
			"rotation": {"angle": 0, "axis": "x", "origin": [14, 12.90992, 14.18198]},
			"faces": {
				"north": {"uv": [13.75, 13.75, 14.25, 14.25], "texture": "#1"},
				"east": {"uv": [13.75, 13.75, 16, 14.5], "texture": "#1"},
				"south": {"uv": [13.75, 13.75, 14.25, 14.25], "texture": "#1"},
				"west": {"uv": [13.75, 13.75, 16, 14.5], "texture": "#1"},
				"up": {"uv": [13.75, 13.75, 14.25, 16], "texture": "#1"},
				"down": {"uv": [13.75, 13.75, 14.25, 16], "texture": "#1"}
			}
		},
		{
			"from": [13.5, 17.46706, 23.68198],
			"to": [14.5, 18.46706, 25.68198],
			"rotation": {"angle": 0, "axis": "x", "origin": [14, 12.90992, 14.18198]},
			"faces": {
				"north": {"uv": [13.75, 13.75, 14.25, 14.25], "texture": "#1"},
				"east": {"uv": [13.75, 13.75, 16, 14.5], "texture": "#1"},
				"south": {"uv": [13.75, 13.75, 14.25, 14.25], "texture": "#1"},
				"west": {"uv": [13.75, 13.75, 16, 14.5], "texture": "#1"},
				"up": {"uv": [13.75, 13.75, 14.25, 16], "texture": "#1"},
				"down": {"uv": [13.75, 13.75, 14.25, 16], "texture": "#1"}
			}
		},
		{
			"from": [13.5, 17.46706, 2.68198],
			"to": [14.5, 18.46706, 4.68198],
			"rotation": {"angle": 0, "axis": "x", "origin": [14, 12.90992, 14.18198]},
			"faces": {
				"north": {"uv": [13.75, 13.75, 14.25, 14.25], "texture": "#1"},
				"east": {"uv": [13.75, 13.75, 16, 14.5], "texture": "#1"},
				"south": {"uv": [13.75, 13.75, 14.25, 14.25], "texture": "#1"},
				"west": {"uv": [13.75, 13.75, 16, 14.5], "texture": "#1"},
				"up": {"uv": [13.75, 13.75, 14.25, 16], "texture": "#1"},
				"down": {"uv": [13.75, 13.75, 14.25, 16], "texture": "#1"}
			}
		},
		{
			"from": [13.2, 17.66706, 4.68198],
			"to": [14.8, 19.66706, 9.68198],
			"rotation": {"angle": 0, "axis": "x", "origin": [14, 12.90992, 14.18198]},
			"faces": {
				"north": {"uv": [13.75, 13.75, 14.25, 14.25], "texture": "#1"},
				"east": {"uv": [13.75, 13.75, 16, 14.5], "texture": "#1"},
				"south": {"uv": [13.75, 13.75, 14.25, 14.25], "texture": "#1"},
				"west": {"uv": [13.75, 13.75, 16, 14.5], "texture": "#1"},
				"up": {"uv": [13.75, 13.75, 14.25, 16], "texture": "#1"},
				"down": {"uv": [13.75, 13.75, 14.25, 16], "texture": "#1"}
			}
		},
		{
			"from": [13.2, -9.13294, 13.38198],
			"to": [14.8, -7.13294, 14.98198],
			"rotation": {"angle": 0, "axis": "x", "origin": [14, 12.90992, 14.18198]},
			"faces": {
				"north": {"uv": [15.5, 15.5, 16, 16], "texture": "#1"},
				"east": {"uv": [15.5, 15.5, 16, 16], "texture": "#1"},
				"south": {"uv": [15.5, 15.5, 16, 16], "texture": "#1"},
				"west": {"uv": [15.5, 15.5, 16, 16], "texture": "#1"},
				"up": {"uv": [15.5, 15.5, 16, 16], "texture": "#1"},
				"down": {"uv": [15.5, 15.5, 16, 16], "texture": "#1"}
			}
		}
	],
	"display": {
		"thirdperson_righthand": {
			"rotation": [60, 0, 0],
			"translation": [0, 1.5, 2],
			"scale": [0.2, 0.2, 0.2]
		},
		"thirdperson_lefthand": {
			"rotation": [60, 0, 0],
			"translation": [0, 1.5, 2],
			"scale": [0.2, 0.2, 0.2]
		},
		"firstperson_righthand": {
			"rotation": [0, 135, 0],
			"translation": [0, 6.5, 0],
			"scale": [0.2, 0.2, 0.2]
		},
		"firstperson_lefthand": {
			"rotation": [0, 135, 0],
			"translation": [0, 6.5, 0],
			"scale": [0.2, 0.2, 0.2]
		},
		"ground": {
			"translation": [0, 20, 0]
		},
		"gui": {
			"rotation": [30, 135, 0],
			"translation": [0, 11.5, 0]
		},
		"head": {
			"translation": [-9, 13, -9.25],
			"scale": [1.5, 1.5, 1.5]
		},
		"fixed": {
			"translation": [0, 4, -1.5],
			"scale": [0.5, 0.5, 0.5]
		}
	},
	"groups": [
		{
			"name": "Pickaxe",
			"origin": [8, 8, 8],
			"color": 0,
			"children": [0, 1, 2, 3, 4, 5, 6]
		}
	]
}