{
	"credit": "Made with Blockbench",
	"texture_size": [64, 64],
	"textures": {
		"1": "item/miner/miner2",
		"3": "item/model_plate/model_plate_miner_2",
		"particle": "item/miner/miner2"
	},
	"elements": [
		{
			"from": [1, -15, 1],
			"to": [15, -14, 15],
			"rotation": {"angle": 0, "axis": "y", "origin": [0, -14, 0]},
			"faces": {
				"north": {"uv": [1, 1, 15, 2], "texture": "#3"},
				"east": {"uv": [1, 1, 15, 2], "texture": "#3"},
				"south": {"uv": [1, 1, 15, 2], "texture": "#3"},
				"west": {"uv": [1, 1, 15, 2], "texture": "#3"},
				"up": {"uv": [1, 1, 15, 15], "texture": "#3"},
				"down": {"uv": [0, 0, 3.5, 3.5], "texture": "#3"}
			}
		},
		{
			"from": [0, -16, 0],
			"to": [16, -15, 16],
			"rotation": {"angle": 0, "axis": "y", "origin": [0, -14, 0]},
			"faces": {
				"north": {"uv": [0, 0, 16, 0.75], "texture": "#3"},
				"east": {"uv": [0, 0, 16, 0.5], "texture": "#3"},
				"south": {"uv": [0, 0, 16, 0.75], "texture": "#3"},
				"west": {"uv": [0, 0, 16, 0.5], "texture": "#3"},
				"up": {"uv": [0, 0, 16, 16], "texture": "#3"},
				"down": {"uv": [0, 0, 16, 16], "texture": "#3"}
			}
		},
		{
			"name": "LL",
			"from": [4, -14, 6],
			"to": [8, -2, 10],
			"rotation": {"angle": 22.5, "axis": "y", "origin": [6, -10, 8]},
			"faces": {
				"north": {"uv": [5, 13, 6, 16], "texture": "#1"},
				"east": {"uv": [4, 13, 5, 16], "texture": "#1"},
				"south": {"uv": [7, 13, 8, 16], "texture": "#1"},
				"west": {"uv": [6, 13, 7, 16], "texture": "#1"},
				"up": {"uv": [5, 12, 6, 13], "texture": "#1"},
				"down": {"uv": [6, 12, 7, 13], "texture": "#1"}
			}
		},
		{
			"name": "LL",
			"from": [3.8, -14.1, 5.8],
			"to": [8.2, -10, 10.2],
			"rotation": {"angle": 22.5, "axis": "y", "origin": [6, -10, 8]},
			"faces": {
				"north": {"uv": [5, 15, 6, 16], "texture": "#1"},
				"east": {"uv": [4, 15, 5, 16], "texture": "#1"},
				"south": {"uv": [7, 15, 8, 16], "texture": "#1"},
				"west": {"uv": [6, 15, 7, 16], "texture": "#1"},
				"up": {"uv": [6, 12, 7, 13], "texture": "#1"},
				"down": {"uv": [6, 12, 7, 13], "texture": "#1"}
			}
		},
		{
			"name": "RL",
			"from": [8, -14, 6],
			"to": [12, -2, 10],
			"rotation": {"angle": -22.5, "axis": "y", "origin": [10, -10, 8]},
			"faces": {
				"north": {"uv": [1, 5, 2, 8], "texture": "#1"},
				"east": {"uv": [0, 5, 1, 8], "texture": "#1"},
				"south": {"uv": [3, 5, 4, 8], "texture": "#1"},
				"west": {"uv": [2, 5, 3, 8], "texture": "#1"},
				"up": {"uv": [1, 4, 2, 5], "texture": "#1"},
				"down": {"uv": [2, 4, 3, 5], "texture": "#1"}
			}
		},
		{
			"name": "RL",
			"from": [7.8, -14.1, 5.8],
			"to": [12.2, -10, 10.2],
			"rotation": {"angle": -22.5, "axis": "y", "origin": [10, -10, 8]},
			"faces": {
				"north": {"uv": [1, 7, 2, 8], "texture": "#1"},
				"east": {"uv": [0, 7, 1, 8], "texture": "#1"},
				"south": {"uv": [3, 7, 4, 8], "texture": "#1"},
				"west": {"uv": [2, 7, 3, 8], "texture": "#1"},
				"up": {"uv": [2, 4, 3, 5], "texture": "#1"},
				"down": {"uv": [2, 4, 3, 5], "texture": "#1"}
			}
		},
		{
			"name": "RA",
			"from": [12, 4, 3],
			"to": [16, 8, 7],
			"rotation": {"angle": 45, "axis": "x", "origin": [14, 4, 8]},
			"faces": {
				"north": {"uv": [11, 5, 12, 6], "texture": "#1"},
				"east": {"uv": [10, 5, 11, 6], "texture": "#1"},
				"south": {"uv": [13, 5, 14, 6], "texture": "#1"},
				"west": {"uv": [12, 5, 13, 6], "texture": "#1"},
				"up": {"uv": [11, 4, 12, 5], "texture": "#1"},
				"down": {"uv": [11, 4, 12, 5], "texture": "#1"}
			}
		},
		{
			"name": "RA",
			"from": [12, 0, -1],
			"to": [16, 4, 7],
			"rotation": {"angle": 45, "axis": "x", "origin": [14, 4, 8]},
			"faces": {
				"north": {"uv": [12, 4, 13, 5], "rotation": 180, "texture": "#1"},
				"east": {"uv": [10, 6, 11, 8], "rotation": 270, "texture": "#1"},
				"south": {"uv": [11, 4, 12, 5], "texture": "#1"},
				"west": {"uv": [12, 6, 13, 8], "rotation": 90, "texture": "#1"},
				"up": {"uv": [11, 6, 12, 8], "rotation": 180, "texture": "#1"},
				"down": {"uv": [13, 6, 14, 8], "texture": "#1"}
			}
		},
		{
			"name": "RA",
			"from": [11.5, -0.5, 2],
			"to": [16.5, 4.5, 3],
			"rotation": {"angle": 45, "axis": "x", "origin": [14, 4, 8]},
			"faces": {
				"north": {"uv": [12, 7, 13, 7.25], "rotation": 180, "texture": "#1"},
				"east": {"uv": [10, 7, 11, 7.25], "rotation": 270, "texture": "#1"},
				"south": {"uv": [11, 7, 12, 7.25], "texture": "#1"},
				"west": {"uv": [12, 7, 13, 7.25], "rotation": 90, "texture": "#1"},
				"up": {"uv": [11, 7, 12, 7.25], "rotation": 180, "texture": "#1"},
				"down": {"uv": [13, 7, 14, 7.25], "texture": "#1"}
			}
		},
		{
			"name": "LA",
			"from": [-3, 4, 6],
			"to": [1, 8, 10],
			"rotation": {"angle": -45, "axis": "z", "origin": [2, 4, 8]},
			"faces": {
				"north": {"uv": [10, 13, 11, 14], "texture": "#1"},
				"east": {"uv": [9, 13, 10, 14], "texture": "#1"},
				"south": {"uv": [8, 13, 9, 14], "texture": "#1"},
				"west": {"uv": [11, 13, 12, 14], "texture": "#1"},
				"up": {"uv": [9, 12, 10, 13], "rotation": 90, "texture": "#1"},
				"down": {"uv": [9, 12, 10, 13], "rotation": 270, "texture": "#1"}
			}
		},
		{
			"name": "LA",
			"from": [-3, 0, 6],
			"to": [5, 4, 10],
			"rotation": {"angle": -45, "axis": "z", "origin": [2, 4, 8]},
			"faces": {
				"north": {"uv": [10, 14, 11, 16], "rotation": 90, "texture": "#1"},
				"east": {"uv": [10, 12, 11, 13], "rotation": 180, "texture": "#1"},
				"south": {"uv": [8, 14, 9, 16], "rotation": 270, "texture": "#1"},
				"west": {"uv": [9, 12, 10, 13], "texture": "#1"},
				"up": {"uv": [9, 14, 10, 16], "rotation": 270, "texture": "#1"},
				"down": {"uv": [11, 13.75, 12, 16], "rotation": 270, "texture": "#1"}
			}
		},
		{
			"name": "LA",
			"from": [1, -0.5, 5.5],
			"to": [2, 4.5, 10.5],
			"rotation": {"angle": -45, "axis": "z", "origin": [2, 4, 8]},
			"faces": {
				"north": {"uv": [10, 15, 11, 15.25], "rotation": 90, "texture": "#1"},
				"east": {"uv": [10, 15, 11, 15.25], "rotation": 180, "texture": "#1"},
				"south": {"uv": [8, 15, 9, 15.25], "rotation": 270, "texture": "#1"},
				"west": {"uv": [9, 15, 10, 15.25], "texture": "#1"},
				"up": {"uv": [9, 15, 10, 15.25], "rotation": 270, "texture": "#1"},
				"down": {"uv": [11, 15, 12, 15.25], "rotation": 270, "texture": "#1"}
			}
		},
		{
			"name": "H",
			"from": [4, 10, 4],
			"to": [12, 18, 12],
			"faces": {
				"north": {"uv": [2, 2, 4, 4], "texture": "#1"},
				"east": {"uv": [0, 2, 2, 4], "texture": "#1"},
				"south": {"uv": [6, 2, 8, 4], "texture": "#1"},
				"west": {"uv": [4, 2, 6, 4], "texture": "#1"},
				"up": {"uv": [2, 0, 4, 2], "texture": "#1"},
				"down": {"uv": [4, 0, 6, 2], "texture": "#1"}
			}
		},
		{
			"name": "H",
			"from": [3.7, 9.7, 3.7],
			"to": [12.3, 18.3, 8.3],
			"faces": {
				"north": {"uv": [10, 2, 12, 4], "texture": "#1"},
				"east": {"uv": [8.75, 2, 10, 4], "texture": "#1"},
				"south": {"uv": [6, 0, 8, 2], "texture": "#1"},
				"west": {"uv": [12, 2, 13.25, 4], "texture": "#1"},
				"up": {"uv": [6, 0, 8, 2], "texture": "#1"},
				"down": {"uv": [6, 0, 8, 2], "texture": "#1"}
			}
		},
		{
			"from": [6, -4, 15],
			"to": [10, 12, 19],
			"rotation": {"angle": -22.5, "axis": "x", "origin": [0, 0, 0]},
			"faces": {
				"north": {"uv": [2.25, 11.5, 3.25, 15.5], "texture": "#1"},
				"east": {"uv": [1.5, 11.5, 2.5, 15.5], "texture": "#1"},
				"south": {"uv": [0.75, 11.5, 1.75, 15.5], "texture": "#1"},
				"west": {"uv": [0, 11.5, 1, 15.5], "texture": "#1"},
				"up": {"uv": [0.75, 11, 1.75, 12], "texture": "#1"},
				"down": {"uv": [0.5, 15, 1.5, 16], "texture": "#1"}
			}
		},
		{
			"from": [6, -6, 15],
			"to": [7, -4, 16],
			"rotation": {"angle": -22.5, "axis": "x", "origin": [0, 0, 0]},
			"faces": {
				"north": {"uv": [0, 15, 0.25, 15.5], "texture": "#1"},
				"east": {"uv": [0, 15, 0.25, 15.5], "texture": "#1"},
				"south": {"uv": [0, 15, 0.25, 15.5], "texture": "#1"},
				"west": {"uv": [0, 15, 0.25, 15.5], "texture": "#1"},
				"up": {"uv": [0, 15, 0.25, 15.25], "texture": "#1"},
				"down": {"uv": [0, 15, 0.25, 15.25], "texture": "#1"}
			}
		},
		{
			"from": [8, -6, 15],
			"to": [9, -4, 16],
			"rotation": {"angle": -22.5, "axis": "x", "origin": [0, 0, 0]},
			"faces": {
				"north": {"uv": [0, 15, 0.25, 15.5], "texture": "#1"},
				"east": {"uv": [0, 15, 0.25, 15.5], "texture": "#1"},
				"south": {"uv": [0, 15, 0.25, 15.5], "texture": "#1"},
				"west": {"uv": [0, 15, 0.25, 15.5], "texture": "#1"},
				"up": {"uv": [0, 15, 0.25, 15.25], "texture": "#1"},
				"down": {"uv": [0, 15, 0.25, 15.25], "texture": "#1"}
			}
		},
		{
			"from": [7, -6, 16],
			"to": [8, -4, 17],
			"rotation": {"angle": -22.5, "axis": "x", "origin": [0, 0, 0]},
			"faces": {
				"north": {"uv": [0, 15, 0.25, 15.5], "texture": "#1"},
				"east": {"uv": [0, 15, 0.25, 15.5], "texture": "#1"},
				"south": {"uv": [0, 15, 0.25, 15.5], "texture": "#1"},
				"west": {"uv": [0, 15, 0.25, 15.5], "texture": "#1"},
				"up": {"uv": [0, 15, 0.25, 15.25], "texture": "#1"},
				"down": {"uv": [0, 15, 0.25, 15.25], "texture": "#1"}
			}
		},
		{
			"from": [8, -6, 18],
			"to": [9, -4, 19],
			"rotation": {"angle": -22.5, "axis": "x", "origin": [0, 0, 0]},
			"faces": {
				"north": {"uv": [0, 15, 0.25, 15.5], "texture": "#1"},
				"east": {"uv": [0, 15, 0.25, 15.5], "texture": "#1"},
				"south": {"uv": [0, 15, 0.25, 15.5], "texture": "#1"},
				"west": {"uv": [0, 15, 0.25, 15.5], "texture": "#1"},
				"up": {"uv": [0, 15, 0.25, 15.25], "texture": "#1"},
				"down": {"uv": [0, 15, 0.25, 15.25], "texture": "#1"}
			}
		},
		{
			"from": [6, -6, 18],
			"to": [7, -4, 19],
			"rotation": {"angle": -22.5, "axis": "x", "origin": [0, 0, 0]},
			"faces": {
				"north": {"uv": [0, 15, 0.25, 15.5], "texture": "#1"},
				"east": {"uv": [0, 15, 0.25, 15.5], "texture": "#1"},
				"south": {"uv": [0, 15, 0.25, 15.5], "texture": "#1"},
				"west": {"uv": [0, 15, 0.25, 15.5], "texture": "#1"},
				"up": {"uv": [0, 15, 0.25, 15.25], "texture": "#1"},
				"down": {"uv": [0, 15, 0.25, 15.25], "texture": "#1"}
			}
		},
		{
			"from": [9, -6, 16],
			"to": [10, -4, 17],
			"rotation": {"angle": -22.5, "axis": "x", "origin": [0, 0, 0]},
			"faces": {
				"north": {"uv": [0, 15, 0.25, 15.5], "texture": "#1"},
				"east": {"uv": [0, 15, 0.25, 15.5], "texture": "#1"},
				"south": {"uv": [0, 15, 0.25, 15.5], "texture": "#1"},
				"west": {"uv": [0, 15, 0.25, 15.5], "texture": "#1"},
				"up": {"uv": [0, 15, 0.25, 15.25], "texture": "#1"},
				"down": {"uv": [0, 15, 0.25, 15.25], "texture": "#1"}
			}
		},
		{
			"from": [3.5, 16, 3.5],
			"to": [12.5, 17, 12.5],
			"faces": {
				"north": {"uv": [13.25, 0, 15.5, 0.25], "texture": "#1"},
				"east": {"uv": [13.25, 0, 15.5, 0.25], "texture": "#1"},
				"south": {"uv": [13.25, 0, 15.5, 0.25], "texture": "#1"},
				"west": {"uv": [13.25, 0, 15.5, 0.25], "texture": "#1"},
				"up": {"uv": [13.25, 0, 15.5, 2.25], "texture": "#1"},
				"down": {"uv": [13.25, 0, 15.5, 2.25], "texture": "#1"}
			}
		},
		{
			"from": [7, 15.5, 3],
			"to": [9, 17.5, 4],
			"faces": {
				"north": {"uv": [13.25, 2.25, 13.75, 2.75], "texture": "#1"},
				"east": {"uv": [13.25, 2.25, 13.5, 2.75], "texture": "#1"},
				"south": {"uv": [13.25, 2.25, 13.75, 2.75], "texture": "#1"},
				"west": {"uv": [13.25, 2.25, 13.5, 2.75], "texture": "#1"},
				"up": {"uv": [13.25, 2.25, 13.75, 2.5], "texture": "#1"},
				"down": {"uv": [13.25, 2.25, 13.75, 2.5], "texture": "#1"}
			}
		},
		{
			"from": [7.2, 15.7, 2.7],
			"to": [8.8, 17.3, 3.7],
			"faces": {
				"north": {"uv": [13.75, 2.25, 14.25, 2.75], "texture": "#1"},
				"east": {"uv": [13.75, 2.25, 14, 2.75], "texture": "#1"},
				"south": {"uv": [13.75, 2.25, 14.25, 2.75], "texture": "#1"},
				"west": {"uv": [13.75, 2.25, 14, 2.75], "texture": "#1"},
				"up": {"uv": [13.75, 2.25, 14.25, 2.5], "texture": "#1"},
				"down": {"uv": [13.75, 2.25, 14.25, 2.5], "texture": "#1"}
			}
		},
		{
			"name": "B",
			"from": [4, -2, 6],
			"to": [12, 10, 10],
			"faces": {
				"north": {"uv": [5, 5, 7, 8], "texture": "#1"},
				"east": {"uv": [4, 5, 5, 8], "texture": "#1"},
				"south": {"uv": [8, 5, 10, 8], "texture": "#1"},
				"west": {"uv": [7, 5, 8, 8], "texture": "#1"},
				"up": {"uv": [5, 4, 7, 5], "texture": "#1"},
				"down": {"uv": [7, 4, 9, 5], "texture": "#1"}
			}
		},
		{
			"name": "B",
			"from": [3.5, -1, 5.5],
			"to": [12.5, 1, 10.5],
			"faces": {
				"north": {"uv": [5, 7.25, 7, 7.75], "texture": "#1"},
				"east": {"uv": [4, 7.25, 5, 7.75], "texture": "#1"},
				"south": {"uv": [8, 7.25, 10, 7.75], "texture": "#1"},
				"west": {"uv": [7, 7.25, 8, 7.75], "texture": "#1"},
				"up": {"uv": [8, 7.25, 10, 7.75], "texture": "#1"},
				"down": {"uv": [8, 7.25, 10, 7.75], "texture": "#1"}
			}
		},
		{
			"name": "chest",
			"from": [4.1, 7.6, -2.1],
			"to": [11.9, 11.6, 1.9],
			"rotation": {"angle": 45, "axis": "x", "origin": [0, 0, 0]},
			"faces": {
				"north": {"uv": [5, 5, 7, 6], "texture": "#1"},
				"east": {"uv": [4, 5, 5, 6], "texture": "#1"},
				"south": {"uv": [8, 5, 10, 6], "texture": "#1"},
				"west": {"uv": [7, 5, 8, 6], "texture": "#1"},
				"up": {"uv": [5, 4, 7, 5], "texture": "#1"},
				"down": {"uv": [5, 5.5, 7, 6.5], "rotation": 180, "texture": "#1"}
			}
		},
		{
			"name": "LA",
			"from": [3, -3, 6],
			"to": [4, 1, 10],
			"rotation": {"angle": 0, "axis": "y", "origin": [2, 4, 8]},
			"faces": {
				"north": {"uv": [11, 11, 11.25, 12], "texture": "#1"},
				"east": {"uv": [11, 11, 12, 12], "texture": "#1"},
				"south": {"uv": [11, 11, 11.25, 12], "texture": "#1"},
				"west": {"uv": [11, 11, 12, 12], "texture": "#1"},
				"up": {"uv": [11, 11, 12, 11.25], "rotation": 90, "texture": "#1"},
				"down": {"uv": [11, 11, 12, 11.25], "rotation": 270, "texture": "#1"}
			}
		},
		{
			"name": "LA",
			"from": [12, -3, 6],
			"to": [13, 1, 10],
			"rotation": {"angle": 0, "axis": "y", "origin": [2, 4, 8]},
			"faces": {
				"north": {"uv": [11, 11, 11.25, 12], "texture": "#1"},
				"east": {"uv": [11, 11, 12, 12], "texture": "#1"},
				"south": {"uv": [11, 11, 11.25, 12], "texture": "#1"},
				"west": {"uv": [11, 11, 12, 12], "texture": "#1"},
				"up": {"uv": [11, 11, 12, 11.25], "rotation": 90, "texture": "#1"},
				"down": {"uv": [11, 11, 12, 11.25], "rotation": 270, "texture": "#1"}
			}
		},
		{
			"from": [13.5, 6, -5],
			"to": [14.5, 7, 27],
			"rotation": {"angle": -22.5, "axis": "x", "origin": [0, 0, 0]},
			"faces": {
				"north": {"uv": [15.75, 0, 16, 0.25], "rotation": 180, "texture": "#1"},
				"east": {"uv": [15.75, 0, 16, 6], "rotation": 270, "texture": "#1"},
				"south": {"uv": [15.75, 0, 16, 0.25], "texture": "#1"},
				"west": {"uv": [15.75, 0, 16, 6], "rotation": 90, "texture": "#1"},
				"up": {"uv": [15.75, 0, 16, 6], "rotation": 180, "texture": "#1"},
				"down": {"uv": [15.75, 0, 16, 6], "texture": "#1"}
			}
		},
		{
			"from": [13, 2, 23],
			"to": [15, 11, 26],
			"rotation": {"angle": -22.5, "axis": "x", "origin": [0, 0, 0]},
			"faces": {
				"north": {"uv": [13.75, 13.75, 14.25, 16], "rotation": 180, "texture": "#1"},
				"east": {"uv": [13.75, 13.75, 16, 14.5], "rotation": 270, "texture": "#1"},
				"south": {"uv": [13.75, 13.75, 14.25, 16], "texture": "#1"},
				"west": {"uv": [13.75, 13.75, 16, 14.5], "rotation": 90, "texture": "#1"},
				"up": {"uv": [13.75, 13.75, 14.25, 14.25], "rotation": 180, "texture": "#1"},
				"down": {"uv": [13.75, 13.75, 14.25, 14.25], "texture": "#1"}
			}
		},
		{
			"from": [13.2, -3, 22.8],
			"to": [14.8, 2, 24.8],
			"rotation": {"angle": -22.5, "axis": "x", "origin": [0, 0, 0]},
			"faces": {
				"north": {"uv": [13.75, 13.75, 14.25, 16], "rotation": 180, "texture": "#1"},
				"east": {"uv": [13.75, 13.75, 16, 14.5], "rotation": 270, "texture": "#1"},
				"south": {"uv": [13.75, 13.75, 14.25, 16], "texture": "#1"},
				"west": {"uv": [13.75, 13.75, 16, 14.5], "rotation": 90, "texture": "#1"},
				"up": {"uv": [13.75, 13.75, 14.25, 14.25], "rotation": 180, "texture": "#1"},
				"down": {"uv": [13.75, 13.75, 14.25, 14.25], "texture": "#1"}
			}
		},
		{
			"from": [13.5, -5, 22.6],
			"to": [14.5, -3, 23.6],
			"rotation": {"angle": -22.5, "axis": "x", "origin": [0, 0, 0]},
			"faces": {
				"north": {"uv": [13.75, 13.75, 14.25, 16], "rotation": 180, "texture": "#1"},
				"east": {"uv": [13.75, 13.75, 16, 14.5], "rotation": 270, "texture": "#1"},
				"south": {"uv": [13.75, 13.75, 14.25, 16], "texture": "#1"},
				"west": {"uv": [13.75, 13.75, 16, 14.5], "rotation": 90, "texture": "#1"},
				"up": {"uv": [13.75, 13.75, 14.25, 14.25], "rotation": 180, "texture": "#1"},
				"down": {"uv": [13.75, 13.75, 14.25, 14.25], "texture": "#1"}
			}
		},
		{
			"from": [13.5, 16, 22.6],
			"to": [14.5, 18, 23.6],
			"rotation": {"angle": -22.5, "axis": "x", "origin": [0, 0, 0]},
			"faces": {
				"north": {"uv": [13.75, 13.75, 14.25, 16], "rotation": 180, "texture": "#1"},
				"east": {"uv": [13.75, 13.75, 16, 14.5], "rotation": 270, "texture": "#1"},
				"south": {"uv": [13.75, 13.75, 14.25, 16], "texture": "#1"},
				"west": {"uv": [13.75, 13.75, 16, 14.5], "rotation": 90, "texture": "#1"},
				"up": {"uv": [13.75, 13.75, 14.25, 14.25], "rotation": 180, "texture": "#1"},
				"down": {"uv": [13.75, 13.75, 14.25, 14.25], "texture": "#1"}
			}
		},
		{
			"from": [13.2, 11, 22.8],
			"to": [14.8, 16, 24.8],
			"rotation": {"angle": -22.5, "axis": "x", "origin": [0, 0, 0]},
			"faces": {
				"north": {"uv": [13.75, 13.75, 14.25, 16], "rotation": 180, "texture": "#1"},
				"east": {"uv": [13.75, 13.75, 16, 14.5], "rotation": 270, "texture": "#1"},
				"south": {"uv": [13.75, 13.75, 14.25, 16], "texture": "#1"},
				"west": {"uv": [13.75, 13.75, 16, 14.5], "rotation": 90, "texture": "#1"},
				"up": {"uv": [13.75, 13.75, 14.25, 14.25], "rotation": 180, "texture": "#1"},
				"down": {"uv": [13.75, 13.75, 14.25, 14.25], "texture": "#1"}
			}
		},
		{
			"from": [13.2, 5.7, -4],
			"to": [14.8, 7.3, -2],
			"rotation": {"angle": -22.5, "axis": "x", "origin": [0, 0, 0]},
			"faces": {
				"north": {"uv": [15.5, 15.5, 16, 16], "rotation": 180, "texture": "#1"},
				"east": {"uv": [15.5, 15.5, 16, 16], "rotation": 270, "texture": "#1"},
				"south": {"uv": [15.5, 15.5, 16, 16], "texture": "#1"},
				"west": {"uv": [15.5, 15.5, 16, 16], "rotation": 90, "texture": "#1"},
				"up": {"uv": [15.5, 15.5, 16, 16], "rotation": 180, "texture": "#1"},
				"down": {"uv": [15.5, 15.5, 16, 16], "texture": "#1"}
			}
		},
		{
			"from": [12.6, 5.7, 23.7],
			"to": [15.3, 7.3, 25.3],
			"rotation": {"angle": -22.5, "axis": "x", "origin": [0, 0, 0]},
			"faces": {
				"north": {"uv": [13.75, 2.25, 14.25, 2.5], "rotation": 90, "texture": "#1"},
				"east": {"uv": [13.75, 2.25, 14.25, 2.75], "rotation": 270, "texture": "#1"},
				"south": {"uv": [13.75, 2.25, 14.25, 2.5], "rotation": 90, "texture": "#1"},
				"west": {"uv": [13.75, 2.25, 14.25, 2.75], "rotation": 90, "texture": "#1"},
				"up": {"uv": [13.75, 2.25, 14, 2.75], "rotation": 180, "texture": "#1"},
				"down": {"uv": [13.75, 2.25, 14, 2.75], "texture": "#1"}
			}
		}
	],
	"display": {
		"thirdperson_righthand": {
			"rotation": [60, 0, 0],
			"translation": [0, 1.5, 2],
			"scale": [0.2, 0.2, 0.2]
		},
		"thirdperson_lefthand": {
			"rotation": [60, 0, 0],
			"translation": [0, 1.5, 2],
			"scale": [0.2, 0.2, 0.2]
		},
		"firstperson_righthand": {
			"rotation": [0, 135, 0],
			"translation": [0, 6.5, 0],
			"scale": [0.2, 0.2, 0.2]
		},
		"firstperson_lefthand": {
			"rotation": [0, 135, 0],
			"translation": [0, 6.5, 0],
			"scale": [0.2, 0.2, 0.2]
		},
		"ground": {
			"translation": [0, 20, 0]
		},
		"gui": {
			"rotation": [30, 135, 0],
			"translation": [0, 11.5, 0]
		},
		"head": {
			"translation": [0, -7.5, 0],
			"scale": [1.5, 1.5, 1.5]
		},
		"fixed": {
			"translation": [0, 4, -1.5],
			"scale": [0.5, 0.5, 0.5]
		}
	},
	"groups": [
		{
			"name": "plate",
			"origin": [0, 0, 0],
			"color": 0,
			"children": [0, 1]
		},
		{
			"name": "Charactor",
			"origin": [8, 8, 8],
			"color": 0,
			"children": [
				{
					"name": "LL",
					"origin": [0, 0, 0],
					"color": 0,
					"children": [2, 3]
				},
				{
					"name": "RL",
					"origin": [0, 0, 0],
					"color": 0,
					"children": [4, 5]
				},
				{
					"name": "RA",
					"origin": [0, 0, 0],
					"color": 0,
					"children": [6, 7, 8]
				},
				{
					"name": "LA",
					"origin": [0, 0, 0],
					"color": 0,
					"children": [9, 10, 11]
				},
				{
					"name": "H",
					"origin": [0, 0, 0],
					"color": 0,
					"children": [12, 13, 14, 15, 16, 17, 18, 19, 20, 21, 22, 23]
				},
				{
					"name": "B",
					"origin": [0, 0, 0],
					"color": 0,
					"children": [24, 25, 26, 27, 28]
				}
			]
		},
		{
			"name": "Pickaxe",
			"origin": [8, 8, 8],
			"color": 0,
			"children": [29, 30, 31, 32, 33, 34, 35, 36]
		}
	]
}