{
	"credit": "Made with Blockbench",
	"texture_size": [64, 64],
	"textures": {
		"1": "item/miner/miner3",
		"particle": "item/miner/miner3"
	},
	"elements": [
		{
			"name": "LA",
			"from": [-3, 2, 8],
			"to": [1, 6, 12],
			"rotation": {"angle": -45, "axis": "y", "origin": [2, 4, 8]},
			"faces": {
				"north": {"uv": [9, 12, 10, 13], "rotation": 90, "texture": "#1"},
				"east": {"uv": [9, 13, 10, 14], "rotation": 270, "texture": "#1"},
				"south": {"uv": [9, 12, 10, 13], "rotation": 90, "texture": "#1"},
				"west": {"uv": [11, 13, 12, 14], "rotation": 90, "texture": "#1"},
				"up": {"uv": [10, 13, 11, 14], "rotation": 180, "texture": "#1"},
				"down": {"uv": [8, 13, 9, 14], "texture": "#1"}
			}
		},
		{
			"name": "LA",
			"from": [-4, 2, 7],
			"to": [-3, 6, 11],
			"rotation": {"angle": -45, "axis": "y", "origin": [2, 4, 8]},
			"faces": {
				"north": {"uv": [11, 11, 12, 11.25], "rotation": 90, "texture": "#1"},
				"east": {"uv": [11, 11, 12, 12], "rotation": 270, "texture": "#1"},
				"south": {"uv": [11, 11, 12, 11.25], "rotation": 90, "texture": "#1"},
				"west": {"uv": [11, 11, 12, 12], "rotation": 90, "texture": "#1"},
				"up": {"uv": [11, 11, 11.25, 12], "rotation": 180, "texture": "#1"},
				"down": {"uv": [11, 11, 11.25, 12], "texture": "#1"}
			}
		},
		{
			"name": "LA",
			"from": [-3, 2, 4],
			"to": [5, 6, 8],
			"rotation": {"angle": -45, "axis": "y", "origin": [2, 4, 8]},
			"faces": {
				"north": {"uv": [11, 13.75, 12, 16], "rotation": 90, "texture": "#1"},
				"east": {"uv": [10, 12, 11, 13], "rotation": 90, "texture": "#1"},
				"south": {"uv": [9, 14, 10, 16], "rotation": 270, "texture": "#1"},
				"west": {"uv": [9, 12, 10, 13], "rotation": 90, "texture": "#1"},
				"up": {"uv": [10, 14, 11, 16], "rotation": 270, "texture": "#1"},
				"down": {"uv": [8, 14, 9, 16], "rotation": 270, "texture": "#1"}
			}
		},
		{
			"name": "LA",
			"from": [1, 1.5, 3.5],
			"to": [2, 6.5, 8.5],
			"rotation": {"angle": -45, "axis": "y", "origin": [2, 4, 8]},
			"faces": {
				"north": {"uv": [11, 15, 12, 15.25], "rotation": 90, "texture": "#1"},
				"east": {"uv": [10, 15, 11, 15.25], "rotation": 90, "texture": "#1"},
				"south": {"uv": [9, 15, 10, 15.25], "rotation": 270, "texture": "#1"},
				"west": {"uv": [9, 15, 10, 15.25], "rotation": 90, "texture": "#1"},
				"up": {"uv": [10, 15, 11, 15.25], "rotation": 270, "texture": "#1"},
				"down": {"uv": [8, 15, 9, 15.25], "rotation": 270, "texture": "#1"}
			}
		},
		{
			"name": "LA",
			"from": [-3.5, 1.5, 9],
			"to": [1.5, 6.5, 10],
			"rotation": {"angle": -45, "axis": "y", "origin": [2, 4, 8]},
			"faces": {
				"north": {"uv": [10, 15, 11, 15.25], "rotation": 90, "texture": "#1"},
				"east": {"uv": [9, 15, 10, 15.25], "rotation": 270, "texture": "#1"},
				"south": {"uv": [9, 15, 10, 15.25], "rotation": 90, "texture": "#1"},
				"west": {"uv": [11, 15, 12, 15.25], "rotation": 90, "texture": "#1"},
				"up": {"uv": [10, 15, 11, 15.25], "rotation": 180, "texture": "#1"},
				"down": {"uv": [8, 15, 9, 15.25], "texture": "#1"}
			}
		}
	],
	"display": {
		"thirdperson_righthand": {
			"rotation": [60, 0, 0],
			"translation": [0, 1.5, 2],
			"scale": [0.2, 0.2, 0.2]
		},
		"thirdperson_lefthand": {
			"rotation": [60, 0, 0],
			"translation": [0, 1.5, 2],
			"scale": [0.2, 0.2, 0.2]
		},
		"firstperson_righthand": {
			"rotation": [0, 135, 0],
			"translation": [0, 6.5, 0],
			"scale": [0.2, 0.2, 0.2]
		},
		"firstperson_lefthand": {
			"rotation": [0, 135, 0],
			"translation": [0, 6.5, 0],
			"scale": [0.2, 0.2, 0.2]
		},
		"ground": {
			"translation": [0, 20, 0]
		},
		"gui": {
			"rotation": [30, 135, 0],
			"translation": [0, 11.5, 0]
		},
		"head": {
			"translation": [10.25, 1.5, -3.25],
			"scale": [1.5, 1.5, 1.5]
		},
		"fixed": {
			"translation": [0, 4, -1.5],
			"scale": [0.5, 0.5, 0.5]
		}
	},
	"groups": [
		{
			"name": "Charactor",
			"origin": [8, 8, 8],
			"color": 0,
			"children": [
				{
					"name": "LA",
					"origin": [0, 0, 0],
					"color": 0,
					"children": [0, 1, 2, 3, 4]
				}
			]
		}
	]
}