{
	"credit": "Made with Blockbench",
	"texture_size": [64, 64],
	"textures": {
		"1": "item/miner/miner2",
		"particle": "item/miner/miner2"
	},
	"elements": [
		{
			"from": [13.5, -10.6312, 14.42769],
			"to": [14.5, 21.3688, 15.42769],
			"rotation": {"angle": 0, "axis": "x", "origin": [13.99375, 13.2188, 14.92769]},
			"faces": {
				"north": {"uv": [15.75, 0, 16, 6], "texture": "#1"},
				"east": {"uv": [15.75, 0, 16, 6], "texture": "#1"},
				"south": {"uv": [15.75, 0, 16, 6], "texture": "#1"},
				"west": {"uv": [15.75, 0, 16, 6], "texture": "#1"},
				"up": {"uv": [15.75, 0, 16, 0.25], "texture": "#1"},
				"down": {"uv": [15.75, 0, 16, 0.25], "texture": "#1"}
			}
		},
		{
			"from": [13, 17.3688, 10.42769],
			"to": [15, 20.3688, 19.42769],
			"rotation": {"angle": 0, "axis": "x", "origin": [13.99375, 13.2188, 14.92769]},
			"faces": {
				"north": {"uv": [13.75, 13.75, 14.25, 14.25], "texture": "#1"},
				"east": {"uv": [13.75, 13.75, 16, 14.5], "texture": "#1"},
				"south": {"uv": [13.75, 13.75, 14.25, 14.25], "texture": "#1"},
				"west": {"uv": [13.75, 13.75, 16, 14.5], "texture": "#1"},
				"up": {"uv": [13.75, 13.75, 14.25, 16], "texture": "#1"},
				"down": {"uv": [13.75, 13.75, 14.25, 16], "texture": "#1"}
			}
		},
		{
			"from": [13.2, 17.1688, 19.42769],
			"to": [14.8, 19.1688, 24.42769],
			"rotation": {"angle": 0, "axis": "x", "origin": [13.99375, 13.2188, 14.92769]},
			"faces": {
				"north": {"uv": [13.75, 13.75, 14.25, 14.25], "texture": "#1"},
				"east": {"uv": [13.75, 13.75, 16, 14.5], "texture": "#1"},
				"south": {"uv": [13.75, 13.75, 14.25, 14.25], "texture": "#1"},
				"west": {"uv": [13.75, 13.75, 16, 14.5], "texture": "#1"},
				"up": {"uv": [13.75, 13.75, 14.25, 16], "texture": "#1"},
				"down": {"uv": [13.75, 13.75, 14.25, 16], "texture": "#1"}
			}
		},
		{
			"from": [13.5, 16.9688, 24.42769],
			"to": [14.5, 17.9688, 26.42769],
			"rotation": {"angle": 0, "axis": "x", "origin": [13.99375, 13.2188, 14.92769]},
			"faces": {
				"north": {"uv": [13.75, 13.75, 14.25, 14.25], "texture": "#1"},
				"east": {"uv": [13.75, 13.75, 16, 14.5], "texture": "#1"},
				"south": {"uv": [13.75, 13.75, 14.25, 14.25], "texture": "#1"},
				"west": {"uv": [13.75, 13.75, 16, 14.5], "texture": "#1"},
				"up": {"uv": [13.75, 13.75, 14.25, 16], "texture": "#1"},
				"down": {"uv": [13.75, 13.75, 14.25, 16], "texture": "#1"}
			}
		},
		{
			"from": [13.5, 16.9688, 3.42769],
			"to": [14.5, 17.9688, 5.42769],
			"rotation": {"angle": 0, "axis": "x", "origin": [13.99375, 13.2188, 14.92769]},
			"faces": {
				"north": {"uv": [13.75, 13.75, 14.25, 14.25], "texture": "#1"},
				"east": {"uv": [13.75, 13.75, 16, 14.5], "texture": "#1"},
				"south": {"uv": [13.75, 13.75, 14.25, 14.25], "texture": "#1"},
				"west": {"uv": [13.75, 13.75, 16, 14.5], "texture": "#1"},
				"up": {"uv": [13.75, 13.75, 14.25, 16], "texture": "#1"},
				"down": {"uv": [13.75, 13.75, 14.25, 16], "texture": "#1"}
			}
		},
		{
			"from": [13.2, 17.1688, 5.42769],
			"to": [14.8, 19.1688, 10.42769],
			"rotation": {"angle": 0, "axis": "x", "origin": [13.99375, 13.2188, 14.92769]},
			"faces": {
				"north": {"uv": [13.75, 13.75, 14.25, 14.25], "texture": "#1"},
				"east": {"uv": [13.75, 13.75, 16, 14.5], "texture": "#1"},
				"south": {"uv": [13.75, 13.75, 14.25, 14.25], "texture": "#1"},
				"west": {"uv": [13.75, 13.75, 16, 14.5], "texture": "#1"},
				"up": {"uv": [13.75, 13.75, 14.25, 16], "texture": "#1"},
				"down": {"uv": [13.75, 13.75, 14.25, 16], "texture": "#1"}
			}
		},
		{
			"from": [13.2, -9.6312, 14.12769],
			"to": [14.8, -7.6312, 15.72769],
			"rotation": {"angle": 0, "axis": "x", "origin": [13.99375, 13.2188, 14.92769]},
			"faces": {
				"north": {"uv": [15.5, 15.5, 16, 16], "texture": "#1"},
				"east": {"uv": [15.5, 15.5, 16, 16], "texture": "#1"},
				"south": {"uv": [15.5, 15.5, 16, 16], "texture": "#1"},
				"west": {"uv": [15.5, 15.5, 16, 16], "texture": "#1"},
				"up": {"uv": [15.5, 15.5, 16, 16], "texture": "#1"},
				"down": {"uv": [15.5, 15.5, 16, 16], "texture": "#1"}
			}
		},
		{
			"from": [12.6, 18.0688, 14.12769],
			"to": [15.3, 19.6688, 15.72769],
			"rotation": {"angle": 0, "axis": "x", "origin": [13.99375, 13.2188, 14.92769]},
			"faces": {
				"north": {"uv": [13.75, 2.25, 14, 2.75], "texture": "#1"},
				"east": {"uv": [13.75, 2.25, 14.25, 2.75], "texture": "#1"},
				"south": {"uv": [13.75, 2.25, 14, 2.75], "texture": "#1"},
				"west": {"uv": [13.75, 2.25, 14.25, 2.75], "texture": "#1"},
				"up": {"uv": [13.75, 2.25, 14.25, 2.5], "rotation": 90, "texture": "#1"},
				"down": {"uv": [13.75, 2.25, 14.25, 2.5], "rotation": 270, "texture": "#1"}
			}
		}
	],
	"display": {
		"thirdperson_righthand": {
			"rotation": [60, 0, 0],
			"translation": [0, 1.5, 2],
			"scale": [0.2, 0.2, 0.2]
		},
		"thirdperson_lefthand": {
			"rotation": [60, 0, 0],
			"translation": [0, 1.5, 2],
			"scale": [0.2, 0.2, 0.2]
		},
		"firstperson_righthand": {
			"rotation": [0, 135, 0],
			"translation": [0, 6.5, 0],
			"scale": [0.2, 0.2, 0.2]
		},
		"firstperson_lefthand": {
			"rotation": [0, 135, 0],
			"translation": [0, 6.5, 0],
			"scale": [0.2, 0.2, 0.2]
		},
		"ground": {
			"translation": [0, 20, 0]
		},
		"gui": {
			"rotation": [30, 135, 0],
			"translation": [0, 11.5, 0]
		},
		"head": {
			"translation": [-9, 14, -10.25],
			"scale": [1.5, 1.5, 1.5]
		},
		"fixed": {
			"translation": [0, 4, -1.5],
			"scale": [0.5, 0.5, 0.5]
		}
	},
	"groups": [
		{
			"name": "Pickaxe",
			"origin": [8, 8, 8],
			"color": 0,
			"children": [0, 1, 2, 3, 4, 5, 6, 7]
		}
	]
}