{
	"credit": "Made with Blockbench",
	"texture_size": [64, 64],
	"textures": {
		"1": "item/miner/miner3",
		"particle": "item/miner/miner3"
	},
	"elements": [
		{
			"name": "B",
			"from": [4, -2, 6],
			"to": [12, 10, 10],
			"faces": {
				"north": {"uv": [5, 5, 7, 8], "texture": "#1"},
				"east": {"uv": [4, 5, 5, 8], "texture": "#1"},
				"south": {"uv": [8, 5, 10, 8], "texture": "#1"},
				"west": {"uv": [7, 5, 8, 8], "texture": "#1"},
				"up": {"uv": [5, 4, 7, 5], "texture": "#1"},
				"down": {"uv": [7, 4, 9, 5], "texture": "#1"}
			}
		},
		{
			"name": "B",
			"from": [3.5, -1, 5.5],
			"to": [12.5, 1, 10.5],
			"faces": {
				"north": {"uv": [5, 7.25, 7, 7.75], "texture": "#1"},
				"east": {"uv": [4, 7.25, 5, 7.75], "texture": "#1"},
				"south": {"uv": [8, 7.25, 10, 7.75], "texture": "#1"},
				"west": {"uv": [7, 7.25, 8, 7.75], "texture": "#1"},
				"up": {"uv": [8, 7.25, 10, 7.75], "texture": "#1"},
				"down": {"uv": [8, 7.25, 10, 7.75], "texture": "#1"}
			}
		},
		{
			"name": "chest",
			"from": [4.1, 7.6, -2.1],
			"to": [11.9, 11.6, 1.9],
			"rotation": {"angle": 45, "axis": "x", "origin": [0, 0, 0]},
			"faces": {
				"north": {"uv": [5, 5, 7, 6], "texture": "#1"},
				"east": {"uv": [4, 5, 5, 6], "texture": "#1"},
				"south": {"uv": [8, 5, 10, 6], "texture": "#1"},
				"west": {"uv": [7, 5, 8, 6], "texture": "#1"},
				"up": {"uv": [5, 4, 7, 5], "texture": "#1"},
				"down": {"uv": [5, 5.5, 7, 6.5], "rotation": 180, "texture": "#1"}
			}
		},
		{
			"name": "LA",
			"from": [3, -3, 6],
			"to": [4, 1, 10],
			"rotation": {"angle": 0, "axis": "y", "origin": [2, 4, 8]},
			"faces": {
				"north": {"uv": [11, 11, 11.25, 12], "texture": "#1"},
				"east": {"uv": [11, 11, 12, 12], "texture": "#1"},
				"south": {"uv": [11, 11, 11.25, 12], "texture": "#1"},
				"west": {"uv": [11, 11, 12, 12], "texture": "#1"},
				"up": {"uv": [11, 11, 12, 11.25], "rotation": 90, "texture": "#1"},
				"down": {"uv": [11, 11, 12, 11.25], "rotation": 270, "texture": "#1"}
			}
		},
		{
			"name": "LA",
			"from": [12, -3, 6],
			"to": [13, 1, 10],
			"rotation": {"angle": 0, "axis": "y", "origin": [2, 4, 8]},
			"faces": {
				"north": {"uv": [11, 11, 11.25, 12], "texture": "#1"},
				"east": {"uv": [11, 11, 12, 12], "texture": "#1"},
				"south": {"uv": [11, 11, 11.25, 12], "texture": "#1"},
				"west": {"uv": [11, 11, 12, 12], "texture": "#1"},
				"up": {"uv": [11, 11, 12, 11.25], "rotation": 90, "texture": "#1"},
				"down": {"uv": [11, 11, 12, 11.25], "rotation": 270, "texture": "#1"}
			}
		}
	],
	"display": {
		"thirdperson_righthand": {
			"rotation": [60, 0, 0],
			"translation": [0, 1.5, 2],
			"scale": [0.2, 0.2, 0.2]
		},
		"thirdperson_lefthand": {
			"rotation": [60, 0, 0],
			"translation": [0, 1.5, 2],
			"scale": [0.2, 0.2, 0.2]
		},
		"firstperson_righthand": {
			"rotation": [0, 135, 0],
			"translation": [0, 6.5, 0],
			"scale": [0.2, 0.2, 0.2]
		},
		"firstperson_lefthand": {
			"rotation": [0, 135, 0],
			"translation": [0, 6.5, 0],
			"scale": [0.2, 0.2, 0.2]
		},
		"ground": {
			"translation": [0, 20, 0]
		},
		"gui": {
			"rotation": [30, 135, 0],
			"translation": [0, 11.5, 0]
		},
		"head": {
			"translation": [0, -7.5, 0],
			"scale": [1.5, 1.5, 1.5]
		},
		"fixed": {
			"translation": [0, 4, -1.5],
			"scale": [0.5, 0.5, 0.5]
		}
	},
	"groups": [
		{
			"name": "Charactor",
			"origin": [8, 8, 8],
			"color": 0,
			"children": [
				{
					"name": "B",
					"origin": [0, 0, 0],
					"color": 0,
					"children": [0, 1, 2, 3, 4]
				}
			]
		}
	]
}