{
	"credit": "Made with Blockbench",
	"texture_size": [64, 64],
	"textures": {
		"1": "item/miner/miner1",
		"particle": "item/miner/miner1"
	},
	"elements": [
		{
			"name": "RA",
			"from": [6, 8, 8],
			"to": [10, 12, 12],
			"rotation": {"angle": 0, "axis": "x", "origin": [14, 4, 8]},
			"faces": {
				"north": {"uv": [11, 4, 12, 5], "rotation": 180, "texture": "#1"},
				"east": {"uv": [10, 5, 11, 6], "rotation": 270, "texture": "#1"},
				"south": {"uv": [11, 4, 12, 5], "texture": "#1"},
				"west": {"uv": [12, 5, 13, 6], "rotation": 90, "texture": "#1"},
				"up": {"uv": [11, 5, 12, 6], "rotation": 180, "texture": "#1"},
				"down": {"uv": [13, 5, 14, 6], "texture": "#1"}
			}
		},
		{
			"name": "RA",
			"from": [6, 8, 4],
			"to": [10, 16, 8],
			"rotation": {"angle": 0, "axis": "x", "origin": [14, 4, 8]},
			"faces": {
				"north": {"uv": [13, 6, 14, 8], "rotation": 180, "texture": "#1"},
				"east": {"uv": [10, 6, 11, 8], "rotation": 180, "texture": "#1"},
				"south": {"uv": [11, 6, 12, 8], "rotation": 180, "texture": "#1"},
				"west": {"uv": [12, 6, 13, 8], "rotation": 180, "texture": "#1"},
				"up": {"uv": [12, 4, 13, 5], "texture": "#1"},
				"down": {"uv": [11, 4, 12, 5], "texture": "#1"}
			}
		},
		{
			"name": "RA",
			"from": [5.5, 12, 3.5],
			"to": [10.5, 13, 8.5],
			"rotation": {"angle": 0, "axis": "x", "origin": [14, 4, 8]},
			"faces": {
				"north": {"uv": [13, 7, 14, 7.25], "rotation": 180, "texture": "#1"},
				"east": {"uv": [10, 7, 11, 7.25], "rotation": 180, "texture": "#1"},
				"south": {"uv": [11, 7, 12, 7.25], "rotation": 180, "texture": "#1"},
				"west": {"uv": [12, 7, 13, 7.25], "rotation": 180, "texture": "#1"},
				"up": {"uv": [12, 7, 13, 7.25], "texture": "#1"},
				"down": {"uv": [11, 7, 12, 7.25], "texture": "#1"}
			}
		}
	],
	"display": {
		"thirdperson_righthand": {
			"rotation": [60, 0, 0],
			"translation": [0, 1.5, 2],
			"scale": [0.2, 0.2, 0.2]
		},
		"thirdperson_lefthand": {
			"rotation": [60, 0, 0],
			"translation": [0, 1.5, 2],
			"scale": [0.2, 0.2, 0.2]
		},
		"firstperson_righthand": {
			"rotation": [0, 135, 0],
			"translation": [0, 6.5, 0],
			"scale": [0.2, 0.2, 0.2]
		},
		"firstperson_lefthand": {
			"rotation": [0, 135, 0],
			"translation": [0, 6.5, 0],
			"scale": [0.2, 0.2, 0.2]
		},
		"ground": {
			"translation": [0, 20, 0]
		},
		"gui": {
			"rotation": [30, 135, 0],
			"translation": [0, 11.5, 0]
		},
		"head": {
			"translation": [0, -7.5, -6],
			"scale": [1.5, 1.5, 1.5]
		},
		"fixed": {
			"translation": [0, 4, -1.5],
			"scale": [0.5, 0.5, 0.5]
		}
	},
	"groups": [
		{
			"name": "Charactor",
			"origin": [8, 8, 8],
			"color": 0,
			"children": [
				{
					"name": "RA",
					"origin": [0, 0, 0],
					"color": 0,
					"children": [0, 1, 2]
				}
			]
		}
	]
}