{
	"credit": "Made with Blockbench",
	"texture_size": [64, 64],
	"textures": {
		"1": "item/miner/miner3",
		"particle": "item/miner/miner3"
	},
	"elements": [
		{
			"from": [13.5, -11.48173, 15.70059],
			"to": [14.5, 20.51827, 16.70059],
			"rotation": {"angle": 0, "axis": "x", "origin": [13.98889, 13.74605, 16.20059]},
			"faces": {
				"north": {"uv": [15.75, 0, 16, 6], "texture": "#1"},
				"east": {"uv": [15.75, 0, 16, 6], "texture": "#1"},
				"south": {"uv": [15.75, 0, 16, 6], "texture": "#1"},
				"west": {"uv": [15.75, 0, 16, 6], "texture": "#1"},
				"up": {"uv": [15.75, 0, 16, 0.25], "texture": "#1"},
				"down": {"uv": [15.75, 0, 16, 0.25], "texture": "#1"}
			}
		},
		{
			"from": [13, 16.51827, 11.70059],
			"to": [15, 19.51827, 20.70059],
			"rotation": {"angle": 0, "axis": "x", "origin": [13.98889, 13.74605, 16.20059]},
			"faces": {
				"north": {"uv": [13.75, 13.75, 14.25, 14.25], "texture": "#1"},
				"east": {"uv": [13.75, 13.75, 16, 14.5], "texture": "#1"},
				"south": {"uv": [13.75, 13.75, 14.25, 14.25], "texture": "#1"},
				"west": {"uv": [13.75, 13.75, 16, 14.5], "texture": "#1"},
				"up": {"uv": [13.75, 13.75, 14.25, 16], "texture": "#1"},
				"down": {"uv": [13.75, 13.75, 14.25, 16], "texture": "#1"}
			}
		},
		{
			"from": [13.5, 16.01827, 11.20059],
			"to": [14.5, 20.01827, 21.20059],
			"rotation": {"angle": 0, "axis": "x", "origin": [13.98889, 13.74605, 16.20059]},
			"faces": {
				"north": {"uv": [13.75, 11.5, 14.25, 12], "texture": "#1"},
				"east": {"uv": [13.75, 11.5, 16, 12.25], "texture": "#1"},
				"south": {"uv": [13.75, 11.5, 14.25, 12], "texture": "#1"},
				"west": {"uv": [13.75, 11.5, 16, 12.25], "texture": "#1"},
				"up": {"uv": [13.75, 11.5, 14.25, 13.75], "texture": "#1"},
				"down": {"uv": [13.75, 11.5, 14.25, 13.75], "texture": "#1"}
			}
		},
		{
			"from": [13.7, 15.81827, 6.20059],
			"to": [14.3, 18.81827, 11.70059],
			"rotation": {"angle": 0, "axis": "x", "origin": [13.98889, 13.74605, 16.20059]},
			"faces": {
				"north": {"uv": [13.75, 11.5, 14.25, 12], "texture": "#1"},
				"east": {"uv": [13.75, 11.5, 16, 12.25], "texture": "#1"},
				"south": {"uv": [13.75, 11.5, 14.25, 12], "texture": "#1"},
				"west": {"uv": [13.75, 11.5, 16, 12.25], "texture": "#1"},
				"up": {"uv": [13.75, 11.5, 14.25, 13.75], "texture": "#1"},
				"down": {"uv": [13.75, 11.5, 14.25, 13.75], "texture": "#1"}
			}
		},
		{
			"from": [13.7, 15.81827, 20.80059],
			"to": [14.3, 18.81827, 26.30059],
			"rotation": {"angle": 0, "axis": "x", "origin": [13.98889, 13.74605, 16.20059]},
			"faces": {
				"north": {"uv": [13.75, 11.5, 14.25, 12], "texture": "#1"},
				"east": {"uv": [13.75, 11.5, 16, 12.25], "texture": "#1"},
				"south": {"uv": [13.75, 11.5, 14.25, 12], "texture": "#1"},
				"west": {"uv": [13.75, 11.5, 16, 12.25], "texture": "#1"},
				"up": {"uv": [13.75, 11.5, 14.25, 13.75], "texture": "#1"},
				"down": {"uv": [13.75, 11.5, 14.25, 13.75], "texture": "#1"}
			}
		},
		{
			"from": [13.7, 15.71827, 25.80059],
			"to": [14.1, 17.51827, 28.30059],
			"rotation": {"angle": 0, "axis": "x", "origin": [13.98889, 13.74605, 16.20059]},
			"faces": {
				"north": {"uv": [13.75, 11.5, 14.25, 12], "texture": "#1"},
				"east": {"uv": [13.75, 11.5, 16, 12.25], "texture": "#1"},
				"south": {"uv": [13.75, 11.5, 14.25, 12], "texture": "#1"},
				"west": {"uv": [13.75, 11.5, 16, 12.25], "texture": "#1"},
				"up": {"uv": [13.75, 11.5, 14.25, 13.75], "texture": "#1"},
				"down": {"uv": [13.75, 11.5, 14.25, 13.75], "texture": "#1"}
			}
		},
		{
			"from": [13.7, 15.71827, 4.00059],
			"to": [14.1, 17.51827, 6.50059],
			"rotation": {"angle": 0, "axis": "x", "origin": [13.98889, 13.74605, 16.20059]},
			"faces": {
				"north": {"uv": [13.75, 11.5, 14.25, 12], "texture": "#1"},
				"east": {"uv": [13.75, 11.5, 16, 12.25], "texture": "#1"},
				"south": {"uv": [13.75, 11.5, 14.25, 12], "texture": "#1"},
				"west": {"uv": [13.75, 11.5, 16, 12.25], "texture": "#1"},
				"up": {"uv": [13.75, 11.5, 14.25, 13.75], "texture": "#1"},
				"down": {"uv": [13.75, 11.5, 14.25, 13.75], "texture": "#1"}
			}
		},
		{
			"from": [13.2, 16.31827, 20.70059],
			"to": [14.8, 18.31827, 25.70059],
			"rotation": {"angle": 0, "axis": "x", "origin": [13.98889, 13.74605, 16.20059]},
			"faces": {
				"north": {"uv": [13.75, 13.75, 14.25, 14.25], "texture": "#1"},
				"east": {"uv": [13.75, 13.75, 16, 14.5], "texture": "#1"},
				"south": {"uv": [13.75, 13.75, 14.25, 14.25], "texture": "#1"},
				"west": {"uv": [13.75, 13.75, 16, 14.5], "texture": "#1"},
				"up": {"uv": [13.75, 13.75, 14.25, 16], "texture": "#1"},
				"down": {"uv": [13.75, 13.75, 14.25, 16], "texture": "#1"}
			}
		},
		{
			"from": [13.5, 16.11827, 25.70059],
			"to": [14.5, 17.11827, 27.70059],
			"rotation": {"angle": 0, "axis": "x", "origin": [13.98889, 13.74605, 16.20059]},
			"faces": {
				"north": {"uv": [13.75, 13.75, 14.25, 14.25], "texture": "#1"},
				"east": {"uv": [13.75, 13.75, 16, 14.5], "texture": "#1"},
				"south": {"uv": [13.75, 13.75, 14.25, 14.25], "texture": "#1"},
				"west": {"uv": [13.75, 13.75, 16, 14.5], "texture": "#1"},
				"up": {"uv": [13.75, 13.75, 14.25, 16], "texture": "#1"},
				"down": {"uv": [13.75, 13.75, 14.25, 16], "texture": "#1"}
			}
		},
		{
			"from": [13.5, 16.11827, 4.70059],
			"to": [14.5, 17.11827, 6.70059],
			"rotation": {"angle": 0, "axis": "x", "origin": [13.98889, 13.74605, 16.20059]},
			"faces": {
				"north": {"uv": [13.75, 13.75, 14.25, 14.25], "texture": "#1"},
				"east": {"uv": [13.75, 13.75, 16, 14.5], "texture": "#1"},
				"south": {"uv": [13.75, 13.75, 14.25, 14.25], "texture": "#1"},
				"west": {"uv": [13.75, 13.75, 16, 14.5], "texture": "#1"},
				"up": {"uv": [13.75, 13.75, 14.25, 16], "texture": "#1"},
				"down": {"uv": [13.75, 13.75, 14.25, 16], "texture": "#1"}
			}
		},
		{
			"from": [13.2, 16.31827, 6.70059],
			"to": [14.8, 18.31827, 11.70059],
			"rotation": {"angle": 0, "axis": "x", "origin": [13.98889, 13.74605, 16.20059]},
			"faces": {
				"north": {"uv": [13.75, 13.75, 14.25, 14.25], "texture": "#1"},
				"east": {"uv": [13.75, 13.75, 16, 14.5], "texture": "#1"},
				"south": {"uv": [13.75, 13.75, 14.25, 14.25], "texture": "#1"},
				"west": {"uv": [13.75, 13.75, 16, 14.5], "texture": "#1"},
				"up": {"uv": [13.75, 13.75, 14.25, 16], "texture": "#1"},
				"down": {"uv": [13.75, 13.75, 14.25, 16], "texture": "#1"}
			}
		},
		{
			"from": [13.2, -10.48173, 15.40059],
			"to": [14.8, -8.48173, 17.00059],
			"rotation": {"angle": 0, "axis": "x", "origin": [13.98889, 13.74605, 16.20059]},
			"faces": {
				"north": {"uv": [14.25, 2.25, 14.75, 2.75], "texture": "#1"},
				"east": {"uv": [14.25, 2.25, 14.75, 2.75], "texture": "#1"},
				"south": {"uv": [14.25, 2.25, 14.75, 2.75], "texture": "#1"},
				"west": {"uv": [14.25, 2.25, 14.75, 2.75], "texture": "#1"},
				"up": {"uv": [14.25, 2.25, 14.75, 2.75], "texture": "#1"},
				"down": {"uv": [14.25, 2.25, 14.75, 2.75], "texture": "#1"}
			}
		},
		{
			"from": [13.2, 14.51827, 15.40059],
			"to": [14.8, 16.51827, 17.00059],
			"rotation": {"angle": 0, "axis": "x", "origin": [13.98889, 13.74605, 16.20059]},
			"faces": {
				"north": {"uv": [14.25, 2.25, 14.75, 2.75], "texture": "#1"},
				"east": {"uv": [14.25, 2.25, 14.75, 2.75], "texture": "#1"},
				"south": {"uv": [14.25, 2.25, 14.75, 2.75], "texture": "#1"},
				"west": {"uv": [14.25, 2.25, 14.75, 2.75], "texture": "#1"},
				"up": {"uv": [14.25, 2.25, 14.75, 2.75], "texture": "#1"},
				"down": {"uv": [14.25, 2.25, 14.75, 2.75], "texture": "#1"}
			}
		},
		{
			"from": [13.2, 19.51827, 15.40059],
			"to": [14.8, 21.51827, 17.00059],
			"rotation": {"angle": 0, "axis": "x", "origin": [13.98889, 13.74605, 16.20059]},
			"faces": {
				"north": {"uv": [14.25, 2.25, 14.75, 2.75], "texture": "#1"},
				"east": {"uv": [14.25, 2.25, 14.75, 2.75], "texture": "#1"},
				"south": {"uv": [14.25, 2.25, 14.75, 2.75], "texture": "#1"},
				"west": {"uv": [14.25, 2.25, 14.75, 2.75], "texture": "#1"},
				"up": {"uv": [14.25, 2.25, 14.75, 2.75], "texture": "#1"},
				"down": {"uv": [14.25, 2.25, 14.75, 2.75], "texture": "#1"}
			}
		},
		{
			"from": [12.7, 17.21827, 15.40059],
			"to": [15.3, 18.81827, 17.00059],
			"rotation": {"angle": 0, "axis": "x", "origin": [13.98889, 13.74605, 16.20059]},
			"faces": {
				"north": {"uv": [13.75, 2.25, 14, 2.75], "texture": "#1"},
				"east": {"uv": [13.75, 2.25, 14.25, 2.75], "texture": "#1"},
				"south": {"uv": [13.75, 2.25, 14, 2.75], "texture": "#1"},
				"west": {"uv": [13.75, 2.25, 14.25, 2.75], "texture": "#1"},
				"up": {"uv": [13.75, 2.25, 14.25, 2.5], "rotation": 90, "texture": "#1"},
				"down": {"uv": [13.75, 2.25, 14.25, 2.5], "rotation": 270, "texture": "#1"}
			}
		},
		{
			"from": [12.7, 17.51827, 18.70059],
			"to": [15.3, 18.51827, 19.70059],
			"rotation": {"angle": 0, "axis": "x", "origin": [13.98889, 13.74605, 16.20059]},
			"faces": {
				"north": {"uv": [13.75, 2.25, 14, 2.75], "texture": "#1"},
				"east": {"uv": [13.75, 2.25, 14.25, 2.75], "texture": "#1"},
				"south": {"uv": [13.75, 2.25, 14, 2.75], "texture": "#1"},
				"west": {"uv": [13.75, 2.25, 14.25, 2.75], "texture": "#1"},
				"up": {"uv": [13.75, 2.25, 14.25, 2.5], "rotation": 90, "texture": "#1"},
				"down": {"uv": [13.75, 2.25, 14.25, 2.5], "rotation": 270, "texture": "#1"}
			}
		},
		{
			"from": [12.7, 17.51827, 12.70059],
			"to": [15.3, 18.51827, 13.70059],
			"rotation": {"angle": 0, "axis": "x", "origin": [13.98889, 13.74605, 16.20059]},
			"faces": {
				"north": {"uv": [13.75, 2.25, 14, 2.75], "texture": "#1"},
				"east": {"uv": [13.75, 2.25, 14.25, 2.75], "texture": "#1"},
				"south": {"uv": [13.75, 2.25, 14, 2.75], "texture": "#1"},
				"west": {"uv": [13.75, 2.25, 14.25, 2.75], "texture": "#1"},
				"up": {"uv": [13.75, 2.25, 14.25, 2.5], "rotation": 90, "texture": "#1"},
				"down": {"uv": [13.75, 2.25, 14.25, 2.5], "rotation": 270, "texture": "#1"}
			}
		},
		{
			"from": [12.9, -9.98173, 15.70059],
			"to": [15.1, -8.98173, 16.70059],
			"rotation": {"angle": 0, "axis": "x", "origin": [13.98889, 13.74605, 16.20059]},
			"faces": {
				"north": {"uv": [13.75, 2.25, 14, 2.75], "texture": "#1"},
				"east": {"uv": [13.75, 2.25, 14.25, 2.75], "texture": "#1"},
				"south": {"uv": [13.75, 2.25, 14, 2.75], "texture": "#1"},
				"west": {"uv": [13.75, 2.25, 14.25, 2.75], "texture": "#1"},
				"up": {"uv": [13.75, 2.25, 14.25, 2.5], "rotation": 90, "texture": "#1"},
				"down": {"uv": [13.75, 2.25, 14.25, 2.5], "rotation": 270, "texture": "#1"}
			}
		}
	],
	"display": {
		"thirdperson_righthand": {
			"rotation": [60, 0, 0],
			"translation": [0, 1.5, 2],
			"scale": [0.2, 0.2, 0.2]
		},
		"thirdperson_lefthand": {
			"rotation": [60, 0, 0],
			"translation": [0, 1.5, 2],
			"scale": [0.2, 0.2, 0.2]
		},
		"firstperson_righthand": {
			"rotation": [0, 135, 0],
			"translation": [0, 6.5, 0],
			"scale": [0.2, 0.2, 0.2]
		},
		"firstperson_lefthand": {
			"rotation": [0, 135, 0],
			"translation": [0, 6.5, 0],
			"scale": [0.2, 0.2, 0.2]
		},
		"ground": {
			"translation": [0, 20, 0]
		},
		"gui": {
			"rotation": [30, 135, 0],
			"translation": [0, 11.5, 0]
		},
		"head": {
			"translation": [-9, 15.25, -12.25],
			"scale": [1.5, 1.5, 1.5]
		},
		"fixed": {
			"translation": [0, 4, -1.5],
			"scale": [0.5, 0.5, 0.5]
		}
	},
	"groups": [
		{
			"name": "Pickaxe",
			"origin": [8, 8, 8],
			"color": 0,
			"children": [0, 1, 2, 3, 4, 5, 6, 7, 8, 9, 10, 11, 12, 13, 14, 15, 16, 17]
		}
	]
}