{
	"credit": "Made with Blockbench",
	"texture_size": [64, 64],
	"textures": {
		"1": "item/miner/miner1",
		"particle": "item/miner/miner1"
	},
	"elements": [
		{
			"name": "H",
			"from": [4, 10, 4],
			"to": [12, 18, 12],
			"faces": {
				"north": {"uv": [2, 2, 4, 4], "texture": "#1"},
				"east": {"uv": [0, 2, 2, 4], "texture": "#1"},
				"south": {"uv": [6, 2, 8, 4], "texture": "#1"},
				"west": {"uv": [4, 2, 6, 4], "texture": "#1"},
				"up": {"uv": [2, 0, 4, 2], "texture": "#1"},
				"down": {"uv": [4, 0, 6, 2], "texture": "#1"}
			}
		},
		{
			"name": "H",
			"from": [3.7, 9.7, 3.7],
			"to": [12.3, 18.3, 12.3],
			"faces": {
				"north": {"uv": [10, 2, 12, 4], "texture": "#1"},
				"east": {"uv": [8, 2, 10, 4], "texture": "#1"},
				"south": {"uv": [6, 0, 8, 2], "texture": "#1"},
				"west": {"uv": [12, 1.75, 14, 3.75], "texture": "#1"},
				"up": {"uv": [6, 0, 8, 2], "texture": "#1"},
				"down": {"uv": [6, 0, 8, 2], "texture": "#1"}
			}
		},
		{
			"from": [6, -4, 15],
			"to": [10, 12, 19],
			"rotation": {"angle": -22.5, "axis": "x", "origin": [0, 0, 0]},
			"faces": {
				"north": {"uv": [2.25, 11.5, 3.25, 15.5], "texture": "#1"},
				"east": {"uv": [1.5, 11.5, 2.5, 15.5], "texture": "#1"},
				"south": {"uv": [0.75, 11.5, 1.75, 15.5], "texture": "#1"},
				"west": {"uv": [0, 11.5, 1, 15.5], "texture": "#1"},
				"up": {"uv": [0.75, 11, 1.75, 12], "texture": "#1"},
				"down": {"uv": [0.5, 15, 1.5, 16], "texture": "#1"}
			}
		},
		{
			"from": [6, -6, 15],
			"to": [7, -4, 16],
			"rotation": {"angle": -22.5, "axis": "x", "origin": [0, 0, 0]},
			"faces": {
				"north": {"uv": [0, 15, 0.25, 15.5], "texture": "#1"},
				"east": {"uv": [0, 15, 0.25, 15.5], "texture": "#1"},
				"south": {"uv": [0, 15, 0.25, 15.5], "texture": "#1"},
				"west": {"uv": [0, 15, 0.25, 15.5], "texture": "#1"},
				"up": {"uv": [0, 15, 0.25, 15.25], "texture": "#1"},
				"down": {"uv": [0, 15, 0.25, 15.25], "texture": "#1"}
			}
		},
		{
			"from": [8, -6, 15],
			"to": [9, -4, 16],
			"rotation": {"angle": -22.5, "axis": "x", "origin": [0, 0, 0]},
			"faces": {
				"north": {"uv": [0, 15, 0.25, 15.5], "texture": "#1"},
				"east": {"uv": [0, 15, 0.25, 15.5], "texture": "#1"},
				"south": {"uv": [0, 15, 0.25, 15.5], "texture": "#1"},
				"west": {"uv": [0, 15, 0.25, 15.5], "texture": "#1"},
				"up": {"uv": [0, 15, 0.25, 15.25], "texture": "#1"},
				"down": {"uv": [0, 15, 0.25, 15.25], "texture": "#1"}
			}
		},
		{
			"from": [7, -6, 16],
			"to": [8, -4, 17],
			"rotation": {"angle": -22.5, "axis": "x", "origin": [0, 0, 0]},
			"faces": {
				"north": {"uv": [0, 15, 0.25, 15.5], "texture": "#1"},
				"east": {"uv": [0, 15, 0.25, 15.5], "texture": "#1"},
				"south": {"uv": [0, 15, 0.25, 15.5], "texture": "#1"},
				"west": {"uv": [0, 15, 0.25, 15.5], "texture": "#1"},
				"up": {"uv": [0, 15, 0.25, 15.25], "texture": "#1"},
				"down": {"uv": [0, 15, 0.25, 15.25], "texture": "#1"}
			}
		},
		{
			"from": [8, -6, 18],
			"to": [9, -4, 19],
			"rotation": {"angle": -22.5, "axis": "x", "origin": [0, 0, 0]},
			"faces": {
				"north": {"uv": [0, 15, 0.25, 15.5], "texture": "#1"},
				"east": {"uv": [0, 15, 0.25, 15.5], "texture": "#1"},
				"south": {"uv": [0, 15, 0.25, 15.5], "texture": "#1"},
				"west": {"uv": [0, 15, 0.25, 15.5], "texture": "#1"},
				"up": {"uv": [0, 15, 0.25, 15.25], "texture": "#1"},
				"down": {"uv": [0, 15, 0.25, 15.25], "texture": "#1"}
			}
		},
		{
			"from": [6, -6, 18],
			"to": [7, -4, 19],
			"rotation": {"angle": -22.5, "axis": "x", "origin": [0, 0, 0]},
			"faces": {
				"north": {"uv": [0, 15, 0.25, 15.5], "texture": "#1"},
				"east": {"uv": [0, 15, 0.25, 15.5], "texture": "#1"},
				"south": {"uv": [0, 15, 0.25, 15.5], "texture": "#1"},
				"west": {"uv": [0, 15, 0.25, 15.5], "texture": "#1"},
				"up": {"uv": [0, 15, 0.25, 15.25], "texture": "#1"},
				"down": {"uv": [0, 15, 0.25, 15.25], "texture": "#1"}
			}
		},
		{
			"from": [9, -6, 16],
			"to": [10, -4, 17],
			"rotation": {"angle": -22.5, "axis": "x", "origin": [0, 0, 0]},
			"faces": {
				"north": {"uv": [0, 15, 0.25, 15.5], "texture": "#1"},
				"east": {"uv": [0, 15, 0.25, 15.5], "texture": "#1"},
				"south": {"uv": [0, 15, 0.25, 15.5], "texture": "#1"},
				"west": {"uv": [0, 15, 0.25, 15.5], "texture": "#1"},
				"up": {"uv": [0, 15, 0.25, 15.25], "texture": "#1"},
				"down": {"uv": [0, 15, 0.25, 15.25], "texture": "#1"}
			}
		}
	],
	"display": {
		"thirdperson_righthand": {
			"rotation": [60, 0, 0],
			"translation": [0, 1.5, 2],
			"scale": [0.2, 0.2, 0.2]
		},
		"thirdperson_lefthand": {
			"rotation": [60, 0, 0],
			"translation": [0, 1.5, 2],
			"scale": [0.2, 0.2, 0.2]
		},
		"firstperson_righthand": {
			"rotation": [0, 135, 0],
			"translation": [0, 6.5, 0],
			"scale": [0.2, 0.2, 0.2]
		},
		"firstperson_lefthand": {
			"rotation": [0, 135, 0],
			"translation": [0, 6.5, 0],
			"scale": [0.2, 0.2, 0.2]
		},
		"ground": {
			"translation": [0, 20, 0]
		},
		"gui": {
			"rotation": [30, 135, 0],
			"translation": [0, 11.5, 0]
		},
		"head": {
			"translation": [0, -7.5, 0],
			"scale": [1.5, 1.5, 1.5]
		},
		"fixed": {
			"translation": [0, 4, -1.5],
			"scale": [0.5, 0.5, 0.5]
		}
	},
	"groups": [
		{
			"name": "Charactor",
			"origin": [8, 8, 8],
			"color": 0,
			"children": [
				{
					"name": "H",
					"origin": [0, 0, 0],
					"color": 0,
					"children": [0, 1, 2, 3, 4, 5, 6, 7, 8]
				}
			]
		}
	]
}