{
	"credit": "Made with Blockbench",
	"texture_size": [64, 64],
	"textures": {
		"1": "item/miner/miner3",
		"3": "item/model_plate/model_plate_miner_2",
		"particle": "item/miner/miner3"
	},
	"elements": [
		{
			"from": [2, -16, 18],
			"to": [6, -12, 22],
			"rotation": {"angle": 45, "axis": "y", "origin": [0, 0, 0]},
			"faces": {
				"north": {"uv": [15, 12.75, 16, 13.75], "texture": "#1"},
				"east": {"uv": [15, 12.75, 16, 13.75], "texture": "#1"},
				"south": {"uv": [15, 12.75, 16, 13.75], "texture": "#1"},
				"west": {"uv": [15, 12.75, 16, 13.75], "texture": "#1"},
				"up": {"uv": [15, 12.75, 16, 13.75], "texture": "#1"},
				"down": {"uv": [15, 12.75, 16, 13.75], "texture": "#1"}
			}
		},
		{
			"from": [2.75, -13.75, 18.75],
			"to": [4.75, -11.75, 20.75],
			"rotation": {"angle": 45, "axis": "y", "origin": [0, 0, 0]},
			"faces": {
				"north": {"uv": [13.75, 2.25, 14.25, 2.75], "texture": "#1"},
				"east": {"uv": [13.75, 2.25, 14.25, 2.75], "texture": "#1"},
				"south": {"uv": [13.75, 2.25, 14.25, 2.75], "texture": "#1"},
				"west": {"uv": [13.75, 2.25, 14.25, 2.75], "texture": "#1"},
				"up": {"uv": [13.75, 2.25, 14.25, 2.75], "texture": "#1"},
				"down": {"uv": [13.75, 2.25, 14.25, 2.75], "texture": "#1"}
			}
		},
		{
			"from": [3.25, -13, 19.5],
			"to": [5.25, -11, 21.5],
			"rotation": {"angle": 45, "axis": "y", "origin": [0, 0, 0]},
			"faces": {
				"north": {"uv": [13.75, 2.25, 14.25, 2.75], "texture": "#1"},
				"east": {"uv": [13.75, 2.25, 14.25, 2.75], "texture": "#1"},
				"south": {"uv": [13.75, 2.25, 14.25, 2.75], "texture": "#1"},
				"west": {"uv": [13.75, 2.25, 14.25, 2.75], "texture": "#1"},
				"up": {"uv": [13.75, 2.25, 14.25, 2.75], "texture": "#1"},
				"down": {"uv": [13.75, 2.25, 14.25, 2.75], "texture": "#1"}
			}
		},
		{
			"from": [4.75, -15.75, 20.75],
			"to": [6.75, -13.75, 22.75],
			"rotation": {"angle": 45, "axis": "y", "origin": [0, 0, 0]},
			"faces": {
				"north": {"uv": [13.75, 2.25, 14.25, 2.75], "texture": "#1"},
				"east": {"uv": [13.75, 2.25, 14.25, 2.75], "texture": "#1"},
				"south": {"uv": [13.75, 2.25, 14.25, 2.75], "texture": "#1"},
				"west": {"uv": [13.75, 2.25, 14.25, 2.75], "texture": "#1"},
				"up": {"uv": [13.75, 2.25, 14.25, 2.75], "texture": "#1"},
				"down": {"uv": [13.75, 2.25, 14.25, 2.75], "texture": "#1"}
			}
		},
		{
			"from": [1.75, -15.75, 17.45],
			"to": [3.25, -14.25, 18.95],
			"rotation": {"angle": 45, "axis": "y", "origin": [0, 0, 0]},
			"faces": {
				"north": {"uv": [13.75, 2.25, 14.25, 2.75], "texture": "#1"},
				"east": {"uv": [13.75, 2.25, 14.25, 2.75], "texture": "#1"},
				"south": {"uv": [13.75, 2.25, 14.25, 2.75], "texture": "#1"},
				"west": {"uv": [13.75, 2.25, 14.25, 2.75], "texture": "#1"},
				"up": {"uv": [13.75, 2.25, 14.25, 2.75], "texture": "#1"},
				"down": {"uv": [13.75, 2.25, 14.25, 2.75], "texture": "#1"}
			}
		},
		{
			"from": [1, -15, 1],
			"to": [15, -14, 15],
			"rotation": {"angle": 0, "axis": "y", "origin": [0, -14, 0]},
			"faces": {
				"north": {"uv": [1, 1, 15, 2], "texture": "#3"},
				"east": {"uv": [1, 1, 15, 2], "texture": "#3"},
				"south": {"uv": [1, 1, 15, 2], "texture": "#3"},
				"west": {"uv": [1, 1, 15, 2], "texture": "#3"},
				"up": {"uv": [1, 1, 15, 15], "texture": "#3"},
				"down": {"uv": [0, 0, 3.5, 3.5], "texture": "#3"}
			}
		},
		{
			"from": [0, -16, 0],
			"to": [16, -15, 16],
			"rotation": {"angle": 0, "axis": "y", "origin": [0, -14, 0]},
			"faces": {
				"north": {"uv": [0, 0, 16, 0.75], "texture": "#3"},
				"east": {"uv": [0, 0, 16, 0.5], "texture": "#3"},
				"south": {"uv": [0, 0, 16, 0.75], "texture": "#3"},
				"west": {"uv": [0, 0, 16, 0.5], "texture": "#3"},
				"up": {"uv": [0, 0, 16, 16], "texture": "#3"},
				"down": {"uv": [0, 0, 16, 16], "texture": "#3"}
			}
		},
		{
			"from": [1, -15, -7],
			"to": [5, -11, -3],
			"rotation": {"angle": -22.5, "axis": "x", "origin": [0, 0, 0]},
			"faces": {
				"north": {"uv": [15, 12.75, 16, 13.75], "texture": "#1"},
				"east": {"uv": [15, 12.75, 16, 13.75], "texture": "#1"},
				"south": {"uv": [15, 12.75, 16, 13.75], "texture": "#1"},
				"west": {"uv": [15, 12.75, 16, 13.75], "texture": "#1"},
				"up": {"uv": [15, 12.75, 16, 13.75], "rotation": 270, "texture": "#1"},
				"down": {"uv": [15, 12.75, 16, 13.75], "rotation": 90, "texture": "#1"}
			}
		},
		{
			"from": [1.75, -12.75, -5.75],
			"to": [3.75, -10.75, -3.75],
			"rotation": {"angle": -22.5, "axis": "x", "origin": [0, 0, 0]},
			"faces": {
				"north": {"uv": [14.75, 2.25, 15.25, 2.75], "texture": "#1"},
				"east": {"uv": [14.75, 2.25, 15.25, 2.75], "texture": "#1"},
				"south": {"uv": [14.75, 2.25, 15.25, 2.75], "texture": "#1"},
				"west": {"uv": [14.75, 2.25, 15.25, 2.75], "texture": "#1"},
				"up": {"uv": [14.75, 2.25, 15.25, 2.75], "rotation": 270, "texture": "#1"},
				"down": {"uv": [14.75, 2.25, 15.25, 2.75], "rotation": 90, "texture": "#1"}
			}
		},
		{
			"from": [2.5, -12, -6.25],
			"to": [4.5, -10, -4.25],
			"rotation": {"angle": -22.5, "axis": "x", "origin": [0, 0, 0]},
			"faces": {
				"north": {"uv": [14.75, 2.25, 15.25, 2.75], "texture": "#1"},
				"east": {"uv": [14.75, 2.25, 15.25, 2.75], "texture": "#1"},
				"south": {"uv": [14.75, 2.25, 15.25, 2.75], "texture": "#1"},
				"west": {"uv": [14.75, 2.25, 15.25, 2.75], "texture": "#1"},
				"up": {"uv": [14.75, 2.25, 15.25, 2.75], "rotation": 270, "texture": "#1"},
				"down": {"uv": [14.75, 2.25, 15.25, 2.75], "rotation": 90, "texture": "#1"}
			}
		},
		{
			"from": [3.75, -14.75, -7.75],
			"to": [5.75, -12.75, -5.75],
			"rotation": {"angle": -22.5, "axis": "x", "origin": [0, 0, 0]},
			"faces": {
				"north": {"uv": [14.75, 2.25, 15.25, 2.75], "texture": "#1"},
				"east": {"uv": [14.75, 2.25, 15.25, 2.75], "texture": "#1"},
				"south": {"uv": [14.75, 2.25, 15.25, 2.75], "texture": "#1"},
				"west": {"uv": [14.75, 2.25, 15.25, 2.75], "texture": "#1"},
				"up": {"uv": [14.75, 2.25, 15.25, 2.75], "rotation": 270, "texture": "#1"},
				"down": {"uv": [14.75, 2.25, 15.25, 2.75], "rotation": 90, "texture": "#1"}
			}
		},
		{
			"from": [0.45, -14.75, -4.25],
			"to": [1.95, -13.25, -2.75],
			"rotation": {"angle": -22.5, "axis": "x", "origin": [0, 0, 0]},
			"faces": {
				"north": {"uv": [14.75, 2.25, 15.25, 2.75], "texture": "#1"},
				"east": {"uv": [14.75, 2.25, 15.25, 2.75], "texture": "#1"},
				"south": {"uv": [14.75, 2.25, 15.25, 2.75], "texture": "#1"},
				"west": {"uv": [14.75, 2.25, 15.25, 2.75], "texture": "#1"},
				"up": {"uv": [14.75, 2.25, 15.25, 2.75], "rotation": 270, "texture": "#1"},
				"down": {"uv": [14.75, 2.25, 15.25, 2.75], "rotation": 90, "texture": "#1"}
			}
		},
		{
			"from": [-12, -16, 9],
			"to": [-8, -12, 13],
			"rotation": {"angle": 45, "axis": "y", "origin": [0, 0, 0]},
			"faces": {
				"north": {"uv": [15, 12.75, 16, 13.75], "texture": "#1"},
				"east": {"uv": [15, 12.75, 16, 13.75], "texture": "#1"},
				"south": {"uv": [15, 12.75, 16, 13.75], "texture": "#1"},
				"west": {"uv": [15, 12.75, 16, 13.75], "texture": "#1"},
				"up": {"uv": [15, 12.75, 16, 13.75], "rotation": 270, "texture": "#1"},
				"down": {"uv": [15, 12.75, 16, 13.75], "rotation": 90, "texture": "#1"}
			}
		},
		{
			"from": [-11.25, -13.75, 10.25],
			"to": [-9.25, -11.75, 12.25],
			"rotation": {"angle": 45, "axis": "y", "origin": [0, 0, 0]},
			"faces": {
				"north": {"uv": [14.25, 2.25, 14.75, 2.75], "texture": "#1"},
				"east": {"uv": [14.25, 2.25, 14.75, 2.75], "texture": "#1"},
				"south": {"uv": [14.25, 2.25, 14.75, 2.75], "texture": "#1"},
				"west": {"uv": [14.25, 2.25, 14.75, 2.75], "texture": "#1"},
				"up": {"uv": [14.25, 2.25, 14.75, 2.75], "rotation": 270, "texture": "#1"},
				"down": {"uv": [14.25, 2.25, 14.75, 2.75], "rotation": 90, "texture": "#1"}
			}
		},
		{
			"from": [-10.5, -13, 9.75],
			"to": [-8.5, -11, 11.75],
			"rotation": {"angle": 45, "axis": "y", "origin": [0, 0, 0]},
			"faces": {
				"north": {"uv": [14.25, 2.25, 14.75, 2.75], "texture": "#1"},
				"east": {"uv": [14.25, 2.25, 14.75, 2.75], "texture": "#1"},
				"south": {"uv": [14.25, 2.25, 14.75, 2.75], "texture": "#1"},
				"west": {"uv": [14.25, 2.25, 14.75, 2.75], "texture": "#1"},
				"up": {"uv": [14.25, 2.25, 14.75, 2.75], "rotation": 270, "texture": "#1"},
				"down": {"uv": [14.25, 2.25, 14.75, 2.75], "rotation": 90, "texture": "#1"}
			}
		},
		{
			"from": [-9.25, -15.75, 8.25],
			"to": [-7.25, -13.75, 10.25],
			"rotation": {"angle": 45, "axis": "y", "origin": [0, 0, 0]},
			"faces": {
				"north": {"uv": [14.25, 2.25, 14.75, 2.75], "texture": "#1"},
				"east": {"uv": [14.25, 2.25, 14.75, 2.75], "texture": "#1"},
				"south": {"uv": [14.25, 2.25, 14.75, 2.75], "texture": "#1"},
				"west": {"uv": [14.25, 2.25, 14.75, 2.75], "texture": "#1"},
				"up": {"uv": [14.25, 2.25, 14.75, 2.75], "rotation": 270, "texture": "#1"},
				"down": {"uv": [14.25, 2.25, 14.75, 2.75], "rotation": 90, "texture": "#1"}
			}
		},
		{
			"from": [-12.55, -15.75, 11.75],
			"to": [-11.05, -14.25, 13.25],
			"rotation": {"angle": 45, "axis": "y", "origin": [0, 0, 0]},
			"faces": {
				"north": {"uv": [14.25, 2.25, 14.75, 2.75], "texture": "#1"},
				"east": {"uv": [14.25, 2.25, 14.75, 2.75], "texture": "#1"},
				"south": {"uv": [14.25, 2.25, 14.75, 2.75], "texture": "#1"},
				"west": {"uv": [14.25, 2.25, 14.75, 2.75], "texture": "#1"},
				"up": {"uv": [14.25, 2.25, 14.75, 2.75], "rotation": 270, "texture": "#1"},
				"down": {"uv": [14.25, 2.25, 14.75, 2.75], "rotation": 90, "texture": "#1"}
			}
		}
	],
	"display": {
		"thirdperson_righthand": {
			"rotation": [60, 0, 0],
			"translation": [0, 1.5, 2],
			"scale": [0.2, 0.2, 0.2]
		},
		"thirdperson_lefthand": {
			"rotation": [60, 0, 0],
			"translation": [0, 1.5, 2],
			"scale": [0.2, 0.2, 0.2]
		},
		"firstperson_righthand": {
			"rotation": [0, 135, 0],
			"translation": [0, 6.5, 0],
			"scale": [0.2, 0.2, 0.2]
		},
		"firstperson_lefthand": {
			"rotation": [0, 135, 0],
			"translation": [0, 6.5, 0],
			"scale": [0.2, 0.2, 0.2]
		},
		"ground": {
			"translation": [0, 20, 0]
		},
		"gui": {
			"rotation": [30, 135, 0],
			"translation": [0, 11.5, 0]
		},
		"head": {
			"translation": [0, -7.5, 0],
			"scale": [1.5, 1.5, 1.5]
		},
		"fixed": {
			"translation": [0, 4, -1.5],
			"scale": [0.5, 0.5, 0.5]
		}
	},
	"groups": [
		{
			"name": "plate",
			"origin": [0, 0, 0],
			"color": 0,
			"children": [
				{
					"name": "ore",
					"origin": [0, 0, 0],
					"color": 0,
					"children": [0, 1, 2, 3, 4]
				},
				5,
				6,
				{
					"name": "ore",
					"origin": [0, 0, 0],
					"color": 0,
					"children": [7, 8, 9, 10, 11]
				},
				{
					"name": "ore",
					"origin": [0, 0, 0],
					"color": 0,
					"children": [12, 13, 14, 15, 16]
				}
			]
		}
	]
}