{
	"credit": "Made with Blockbench",
	"texture_size": [64, 64],
	"textures": {
		"0": "item/enemy/deep_drowned",
		"1": "item/enemy/chaos_cube",
		"particle": "item/enemy/chaos_cube"
	},
	"elements": [
		{
			"from": [16.1, 8.6, -3.5],
			"to": [21.9, 14.4, 11.5],
			"rotation": {"angle": -22.5, "axis": "x", "origin": [19, 15.5, 8]},
			"faces": {
				"north": {"uv": [2, 4, 3, 5], "rotation": 180, "texture": "#0"},
				"east": {"uv": [0, 5, 1, 8], "rotation": 270, "texture": "#0"},
				"south": {"uv": [1, 4, 2, 5], "texture": "#0"},
				"west": {"uv": [2, 5, 3, 8], "rotation": 90, "texture": "#0"},
				"up": {"uv": [1, 5, 2, 8], "rotation": 180, "texture": "#0"},
				"down": {"uv": [3, 5, 4, 8], "texture": "#0"}
			}
		},
		{
			"from": [16, 8, 8],
			"to": [22, 23, 14],
			"rotation": {"angle": -45, "axis": "x", "origin": [19, 15.5, 8]},
			"faces": {
				"north": {"uv": [11, 5, 12, 8], "texture": "#0"},
				"east": {"uv": [10, 5, 11, 8], "texture": "#0"},
				"south": {"uv": [13, 5, 14, 8], "texture": "#0"},
				"west": {"uv": [12, 5, 13, 8], "texture": "#0"},
				"up": {"uv": [11, 4, 12, 5], "texture": "#0"},
				"down": {"uv": [12, 4, 13, 5], "texture": "#0"}
			}
		},
		{
			"from": [20.5, 5, -8],
			"to": [22.5, 7, 0],
			"faces": {
				"north": {"uv": [13.5, 0.75, 14, 1.25], "texture": "#0"},
				"east": {"uv": [12, 0, 14, 0.5], "texture": "#0"},
				"south": {"uv": [13.5, 1.5, 14, 2], "texture": "#0"},
				"west": {"uv": [12, 0.5, 14, 1], "texture": "#0"},
				"up": {"uv": [14, 0, 14.5, 2], "texture": "#0"},
				"down": {"uv": [14.5, 0, 15, 2], "texture": "#0"}
			}
		},
		{
			"from": [16.5, 6, -1],
			"to": [24.5, 8, 1],
			"rotation": {"angle": 0, "axis": "y", "origin": [21.5, 6, -4]},
			"faces": {
				"north": {"uv": [12, 0.5, 14, 1], "texture": "#0"},
				"east": {"uv": [13.5, 0.75, 14, 1.25], "texture": "#0"},
				"south": {"uv": [12, 0, 14, 0.5], "texture": "#0"},
				"west": {"uv": [13.5, 1.5, 14, 2], "texture": "#0"},
				"up": {"uv": [14, 0, 14.5, 2], "rotation": 90, "texture": "#0"},
				"down": {"uv": [14.5, 0, 15, 2], "rotation": 270, "texture": "#0"}
			}
		},
		{
			"from": [24.5, 6, -2],
			"to": [26.5, 14, 0],
			"rotation": {"angle": 22.5, "axis": "z", "origin": [21.5, 6, -4]},
			"faces": {
				"north": {"uv": [12, 0.5, 14, 1], "rotation": 90, "texture": "#0"},
				"east": {"uv": [14.5, 0, 15, 2], "rotation": 180, "texture": "#0"},
				"south": {"uv": [12, 0, 14, 0.5], "rotation": 270, "texture": "#0"},
				"west": {"uv": [14, 0, 14.5, 2], "texture": "#0"},
				"up": {"uv": [13.5, 0.75, 14, 1.25], "rotation": 270, "texture": "#0"},
				"down": {"uv": [13.5, 1.5, 14, 2], "rotation": 270, "texture": "#0"}
			}
		},
		{
			"from": [18, 5, -8],
			"to": [20, 7, 0],
			"faces": {
				"north": {"uv": [13.5, 0.75, 14, 1.25], "texture": "#0"},
				"east": {"uv": [12, 0, 14, 0.5], "texture": "#0"},
				"south": {"uv": [13.5, 1.5, 14, 2], "texture": "#0"},
				"west": {"uv": [12, 0.5, 14, 1], "texture": "#0"},
				"up": {"uv": [14, 0, 14.5, 2], "texture": "#0"},
				"down": {"uv": [14.5, 0, 15, 2], "texture": "#0"}
			}
		},
		{
			"from": [15.5, 5, -8],
			"to": [17.5, 7, 0],
			"faces": {
				"north": {"uv": [13.5, 0.75, 14, 1.25], "texture": "#0"},
				"east": {"uv": [12, 0, 14, 0.5], "texture": "#0"},
				"south": {"uv": [13.5, 1.5, 14, 2], "texture": "#0"},
				"west": {"uv": [12, 0.5, 14, 1], "texture": "#0"},
				"up": {"uv": [14, 0, 14.5, 2], "texture": "#0"},
				"down": {"uv": [14.5, 0, 15, 2], "texture": "#0"}
			}
		},
		{
			"from": [20.5, 7, -6],
			"to": [22.5, 15, -4],
			"rotation": {"angle": -22.5, "axis": "x", "origin": [0, 0, 0]},
			"faces": {
				"north": {"uv": [14.5, 0, 15, 2], "rotation": 180, "texture": "#0"},
				"east": {"uv": [12, 0, 14, 0.5], "rotation": 270, "texture": "#0"},
				"south": {"uv": [14, 0, 14.5, 2], "texture": "#0"},
				"west": {"uv": [12, 0.5, 14, 1], "rotation": 90, "texture": "#0"},
				"up": {"uv": [13.5, 0.75, 14, 1.25], "rotation": 180, "texture": "#0"},
				"down": {"uv": [13.5, 1.5, 14, 2], "texture": "#0"}
			}
		},
		{
			"from": [18, 7, -6],
			"to": [20, 15, -4],
			"rotation": {"angle": -22.5, "axis": "x", "origin": [0, 0, 0]},
			"faces": {
				"north": {"uv": [14.5, 0, 15, 2], "rotation": 180, "texture": "#0"},
				"east": {"uv": [12, 0, 14, 0.5], "rotation": 270, "texture": "#0"},
				"south": {"uv": [14, 0, 14.5, 2], "texture": "#0"},
				"west": {"uv": [12, 0.5, 14, 1], "rotation": 90, "texture": "#0"},
				"up": {"uv": [13.5, 0.75, 14, 1.25], "rotation": 180, "texture": "#0"},
				"down": {"uv": [13.5, 1.5, 14, 2], "texture": "#0"}
			}
		},
		{
			"from": [15.5, 7, -6],
			"to": [17.5, 15, -4],
			"rotation": {"angle": -22.5, "axis": "x", "origin": [0, 0, 0]},
			"faces": {
				"north": {"uv": [14.5, 0, 15, 2], "rotation": 180, "texture": "#0"},
				"east": {"uv": [12, 0, 14, 0.5], "rotation": 270, "texture": "#0"},
				"south": {"uv": [14, 0, 14.5, 2], "texture": "#0"},
				"west": {"uv": [12, 0.5, 14, 1], "rotation": 90, "texture": "#0"},
				"up": {"uv": [13.5, 0.75, 14, 1.25], "rotation": 180, "texture": "#0"},
				"down": {"uv": [13.5, 1.5, 14, 2], "texture": "#0"}
			}
		},
		{
			"from": [17, 9.5, -7],
			"to": [21, 13.5, -3],
			"rotation": {"angle": 45, "axis": "z", "origin": [19, 11.5, -5]},
			"faces": {
				"north": {"uv": [8, 0, 16, 8], "texture": "#1"},
				"east": {"uv": [8, 0, 16, 8], "texture": "#1"},
				"south": {"uv": [8, 0, 16, 8], "texture": "#1"},
				"west": {"uv": [8, 0, 16, 8], "texture": "#1"},
				"up": {"uv": [8, 0, 16, 8], "texture": "#1"},
				"down": {"uv": [8, 0, 16, 8], "texture": "#1"}
			}
		},
		{
			"from": [17, 9.5, -7],
			"to": [21, 13.5, -3],
			"rotation": {"angle": 45, "axis": "y", "origin": [19, 11.5, -5]},
			"faces": {
				"north": {"uv": [0, 8, 8, 16], "texture": "#1"},
				"east": {"uv": [0, 8, 8, 16], "texture": "#1"},
				"south": {"uv": [0, 8, 8, 16], "texture": "#1"},
				"west": {"uv": [0, 8, 8, 16], "texture": "#1"},
				"up": {"uv": [0, 8, 8, 16], "texture": "#1"},
				"down": {"uv": [0, 8, 8, 16], "texture": "#1"}
			}
		},
		{
			"from": [17, 9.5, -7],
			"to": [21, 13.5, -3],
			"rotation": {"angle": 45, "axis": "x", "origin": [19, 11.5, -5]},
			"faces": {
				"north": {"uv": [8, 8, 16, 16], "texture": "#1"},
				"east": {"uv": [8, 8, 16, 16], "texture": "#1"},
				"south": {"uv": [8, 8, 16, 16], "texture": "#1"},
				"west": {"uv": [8, 8, 16, 16], "texture": "#1"},
				"up": {"uv": [8, 8, 16, 16], "texture": "#1"},
				"down": {"uv": [8, 8, 16, 16], "texture": "#1"}
			}
		},
		{
			"from": [17, 9.5, -7],
			"to": [21, 13.5, -3],
			"rotation": {"angle": 0, "axis": "y", "origin": [19, 11.5, -5]},
			"faces": {
				"north": {"uv": [0, 0, 8, 8], "texture": "#1"},
				"east": {"uv": [0, 0, 8, 8], "texture": "#1"},
				"south": {"uv": [0, 0, 8, 8], "texture": "#1"},
				"west": {"uv": [0, 0, 8, 8], "texture": "#1"},
				"up": {"uv": [0, 0, 8, 8], "texture": "#1"},
				"down": {"uv": [0, 0, 8, 8], "texture": "#1"}
			}
		}
	],
	"display": {
		"head": {
			"translation": [-27.5, -30, 3],
			"scale": [2.5, 2.5, 2.5]
		}
	},
	"groups": [
		{
			"name": "RA",
			"origin": [19, 15.5, 8],
			"color": 0,
			"children": [0, 1, 2, 3, 4, 5, 6, 7, 8, 9]
		},
		{
			"name": "chaos_cube",
			"origin": [8, 8, 8],
			"color": 0,
			"children": [10, 11, 12, 13]
		}
	]
}