{
	"credit": "Made with Blockbench",
	"texture_size": [64, 64],
	"textures": {
		"0": "item/enemy/deep_drowned",
		"particle": "item/enemy/chaos_cube",
		"1_0": "item/enemy/pirate_hat"
	},
	"elements": [
		{
			"from": [4, 20, 0],
			"to": [12, 28, 8],
			"faces": {
				"north": {"uv": [2, 2, 4, 4], "texture": "#0"},
				"east": {"uv": [0, 2, 2, 4], "texture": "#0"},
				"south": {"uv": [6, 2, 8, 4], "texture": "#0"},
				"west": {"uv": [4, 2, 6, 4], "texture": "#0"},
				"up": {"uv": [4, 2, 2, 0], "texture": "#0"},
				"down": {"uv": [6, 0, 4, 2], "texture": "#0"}
			}
		},
		{
			"from": [7, 22, -1],
			"to": [9, 23, 0],
			"faces": {
				"north": {"uv": [15.5, 0, 16, 0.25], "texture": "#0"},
				"east": {"uv": [15.75, 0, 16, 0.25], "texture": "#0"},
				"south": {"uv": [15.5, 0, 16, 0.25], "texture": "#0"},
				"west": {"uv": [15.75, 0, 16, 0.25], "texture": "#0"},
				"up": {"uv": [15.5, 0, 16, 0.25], "texture": "#0"},
				"down": {"uv": [15.5, 0, 16, 0.25], "texture": "#0"}
			}
		},
		{
			"from": [7, 20, -1],
			"to": [9, 21, 0],
			"faces": {
				"north": {"uv": [15.5, 0, 16, 0.25], "texture": "#0"},
				"east": {"uv": [15.75, 0, 16, 0.25], "texture": "#0"},
				"south": {"uv": [15.5, 0, 16, 0.25], "texture": "#0"},
				"west": {"uv": [15.75, 0, 16, 0.25], "texture": "#0"},
				"up": {"uv": [15.5, 0, 16, 0.25], "texture": "#0"},
				"down": {"uv": [15.5, 0, 16, 0.25], "texture": "#0"}
			}
		},
		{
			"from": [6, 18, -1],
			"to": [7, 22, 0],
			"faces": {
				"north": {"uv": [15.75, 0, 16, 2.5], "texture": "#0"},
				"east": {"uv": [15.75, 0, 16, 2.5], "texture": "#0"},
				"south": {"uv": [15.75, 0, 16, 2.5], "texture": "#0"},
				"west": {"uv": [15.75, 0, 16, 2.5], "texture": "#0"},
				"up": {"uv": [15.75, 0, 16, 0.25], "texture": "#0"},
				"down": {"uv": [15.75, 0, 16, 0.25], "texture": "#0"}
			}
		},
		{
			"from": [9, 16, -1],
			"to": [10, 22, 0],
			"faces": {
				"north": {"uv": [15.75, 0, 16, 2.5], "texture": "#0"},
				"east": {"uv": [15.75, 0, 16, 2.5], "texture": "#0"},
				"south": {"uv": [15.75, 0, 16, 2.5], "texture": "#0"},
				"west": {"uv": [15.75, 0, 16, 2.5], "texture": "#0"},
				"up": {"uv": [15.75, 0, 16, 0.25], "texture": "#0"},
				"down": {"uv": [15.75, 0, 16, 0.25], "texture": "#0"}
			}
		},
		{
			"from": [10, 11, -1],
			"to": [11, 21, 0],
			"faces": {
				"north": {"uv": [15.75, 0, 16, 2.5], "texture": "#0"},
				"east": {"uv": [15.75, 0, 16, 2.5], "texture": "#0"},
				"south": {"uv": [15.75, 0, 16, 2.5], "texture": "#0"},
				"west": {"uv": [15.75, 0, 16, 2.5], "texture": "#0"},
				"up": {"uv": [15.75, 0, 16, 0.25], "texture": "#0"},
				"down": {"uv": [15.75, 0, 16, 0.25], "texture": "#0"}
			}
		},
		{
			"from": [11, 13, -1],
			"to": [12, 20, 0],
			"faces": {
				"north": {"uv": [15.75, 0, 16, 2.5], "texture": "#0"},
				"east": {"uv": [15.75, 0, 16, 2.5], "texture": "#0"},
				"south": {"uv": [15.75, 0, 16, 2.5], "texture": "#0"},
				"west": {"uv": [15.75, 0, 16, 2.5], "texture": "#0"},
				"up": {"uv": [15.75, 0, 16, 0.25], "texture": "#0"},
				"down": {"uv": [15.75, 0, 16, 0.25], "texture": "#0"}
			}
		},
		{
			"from": [5, 11, -1],
			"to": [6, 21, 0],
			"faces": {
				"north": {"uv": [15.75, 0, 16, 2.5], "texture": "#0"},
				"east": {"uv": [15.75, 0, 16, 2.5], "texture": "#0"},
				"south": {"uv": [15.75, 0, 16, 2.5], "texture": "#0"},
				"west": {"uv": [15.75, 0, 16, 2.5], "texture": "#0"},
				"up": {"uv": [15.75, 0, 16, 0.25], "texture": "#0"},
				"down": {"uv": [15.75, 0, 16, 0.25], "texture": "#0"}
			}
		},
		{
			"from": [7, 10, 0],
			"to": [8, 20, 1],
			"faces": {
				"north": {"uv": [15.75, 0, 16, 2.5], "texture": "#0"},
				"east": {"uv": [15.75, 0, 16, 2.5], "texture": "#0"},
				"south": {"uv": [15.75, 0, 16, 2.5], "texture": "#0"},
				"west": {"uv": [15.75, 0, 16, 2.5], "texture": "#0"},
				"up": {"uv": [15.75, 0, 16, 0.25], "texture": "#0"},
				"down": {"uv": [15.75, 0, 16, 0.25], "texture": "#0"}
			}
		},
		{
			"from": [8, 13, 0],
			"to": [9, 20, 1],
			"faces": {
				"north": {"uv": [15.75, 0, 16, 2.5], "texture": "#0"},
				"east": {"uv": [15.75, 0, 16, 2.5], "texture": "#0"},
				"south": {"uv": [15.75, 0, 16, 2.5], "texture": "#0"},
				"west": {"uv": [15.75, 0, 16, 2.5], "texture": "#0"},
				"up": {"uv": [15.75, 0, 16, 0.25], "texture": "#0"},
				"down": {"uv": [15.75, 0, 16, 0.25], "texture": "#0"}
			}
		},
		{
			"from": [3, 11, 0],
			"to": [4, 21, 1],
			"faces": {
				"north": {"uv": [15.75, 0, 16, 2.5], "texture": "#0"},
				"east": {"uv": [15.75, 0, 16, 2.5], "texture": "#0"},
				"south": {"uv": [15.75, 0, 16, 2.5], "texture": "#0"},
				"west": {"uv": [15.75, 0, 16, 2.5], "texture": "#0"},
				"up": {"uv": [15.75, 0, 16, 0.25], "texture": "#0"},
				"down": {"uv": [15.75, 0, 16, 0.25], "texture": "#0"}
			}
		},
		{
			"from": [4, 14, -1],
			"to": [5, 20, 0],
			"faces": {
				"north": {"uv": [15.75, 0, 16, 2.5], "texture": "#0"},
				"east": {"uv": [15.75, 0, 16, 2.5], "texture": "#0"},
				"south": {"uv": [15.75, 0, 16, 2.5], "texture": "#0"},
				"west": {"uv": [15.75, 0, 16, 2.5], "texture": "#0"},
				"up": {"uv": [15.75, 0, 16, 0.25], "texture": "#0"},
				"down": {"uv": [15.75, 0, 16, 0.25], "texture": "#0"}
			}
		},
		{
			"from": [3, 15, 1],
			"to": [4, 22, 2],
			"faces": {
				"north": {"uv": [15.75, 0, 16, 2.5], "texture": "#0"},
				"east": {"uv": [15.75, 0, 16, 2.5], "texture": "#0"},
				"south": {"uv": [15.75, 0, 16, 2.5], "texture": "#0"},
				"west": {"uv": [15.75, 0, 16, 2.5], "texture": "#0"},
				"up": {"uv": [15.75, 0, 16, 0.25], "texture": "#0"},
				"down": {"uv": [15.75, 0, 16, 0.25], "texture": "#0"}
			}
		},
		{
			"from": [12, 11, 0],
			"to": [13, 21, 1],
			"faces": {
				"north": {"uv": [15.75, 0, 16, 2.5], "texture": "#0"},
				"east": {"uv": [15.75, 0, 16, 2.5], "texture": "#0"},
				"south": {"uv": [15.75, 0, 16, 2.5], "texture": "#0"},
				"west": {"uv": [15.75, 0, 16, 2.5], "texture": "#0"},
				"up": {"uv": [15.75, 0, 16, 0.25], "texture": "#0"},
				"down": {"uv": [15.75, 0, 16, 0.25], "texture": "#0"}
			}
		},
		{
			"from": [12, 17, 1],
			"to": [13, 22, 2],
			"faces": {
				"north": {"uv": [15.75, 0, 16, 2.5], "texture": "#0"},
				"east": {"uv": [15.75, 0, 16, 2.5], "texture": "#0"},
				"south": {"uv": [15.75, 0, 16, 2.5], "texture": "#0"},
				"west": {"uv": [15.75, 0, 16, 2.5], "texture": "#0"},
				"up": {"uv": [15.75, 0, 16, 0.25], "texture": "#0"},
				"down": {"uv": [15.75, 0, 16, 0.25], "texture": "#0"}
			}
		},
		{
			"from": [3.4, 26, -0.5],
			"to": [12.4, 29, 8.5],
			"faces": {
				"north": {"uv": [0, 0, 8, 3], "texture": "#1_0"},
				"east": {"uv": [0, 0, 8, 3], "texture": "#1_0"},
				"south": {"uv": [0, 0, 8, 3], "texture": "#1_0"},
				"west": {"uv": [0, 0, 8, 3], "texture": "#1_0"},
				"up": {"uv": [0, 0, 8, 8], "texture": "#1_0"},
				"down": {"uv": [0, 0, 8, 8], "texture": "#1_0"}
			}
		},
		{
			"from": [1, 26, -1],
			"to": [15, 28, 0],
			"faces": {
				"north": {"uv": [0, 14, 14, 16], "texture": "#1_0"},
				"east": {"uv": [0, 0, 1, 2], "texture": "#1_0"},
				"south": {"uv": [0, 0, 14, 2], "texture": "#1_0"},
				"west": {"uv": [0, 0, 1, 2], "texture": "#1_0"},
				"up": {"uv": [0, 0, 14, 1], "texture": "#1_0"},
				"down": {"uv": [0, 0, 14, 1], "texture": "#1_0"}
			}
		},
		{
			"from": [3, 28, -1],
			"to": [13, 32, 0],
			"faces": {
				"north": {"uv": [0, 10, 10, 14], "texture": "#1_0"},
				"east": {"uv": [0, 0, 1, 4], "texture": "#1_0"},
				"south": {"uv": [0, 0, 10, 4], "texture": "#1_0"},
				"west": {"uv": [0, 0, 1, 4], "texture": "#1_0"},
				"up": {"uv": [0, 0, 10, 1], "texture": "#1_0"},
				"down": {"uv": [0, 0, 10, 1], "texture": "#1_0"}
			}
		},
		{
			"from": [6, 27, -1.1],
			"to": [10, 31, -1.1],
			"faces": {
				"north": {"uv": [10, 2, 16, 8], "texture": "#1_0"},
				"east": {"uv": [0, 0, 0, 4], "texture": "#1_0"},
				"south": {"uv": [0, 0, 4, 4], "texture": "#1_0"},
				"west": {"uv": [0, 0, 0, 4], "texture": "#1_0"},
				"up": {"uv": [0, 0, 4, 0], "texture": "#1_0"},
				"down": {"uv": [0, 0, 4, 0], "texture": "#1_0"}
			}
		},
		{
			"from": [12, -10, 11],
			"to": [16, -6, 15],
			"rotation": {"angle": -45, "axis": "y", "origin": [8, -10, 13]},
			"faces": {
				"north": {"uv": [2, 9, 3, 10], "texture": "#0"},
				"east": {"uv": [1, 9, 2, 10], "texture": "#0"},
				"south": {"uv": [0, 9, 1, 10], "texture": "#0"},
				"west": {"uv": [3, 9, 4, 10], "texture": "#0"},
				"up": {"uv": [1, 8, 2, 9], "rotation": 90, "texture": "#0"},
				"down": {"uv": [2, 8, 3, 9], "rotation": 270, "texture": "#0"}
			}
		},
		{
			"from": [14, -11, 12],
			"to": [22, -9, 14],
			"rotation": {"angle": -45, "axis": "y", "origin": [8, -10, 13]},
			"faces": {
				"north": {"uv": [1, 10, 3, 10.5], "texture": "#0"},
				"east": {"uv": [1, 11, 1.5, 11.5], "texture": "#0"},
				"south": {"uv": [1, 10.5, 3, 11], "texture": "#0"},
				"west": {"uv": [1, 11, 1.5, 11.5], "texture": "#0"},
				"up": {"uv": [0, 10, 0.5, 12], "rotation": 90, "texture": "#0"},
				"down": {"uv": [0.5, 10, 1, 12], "rotation": 270, "texture": "#0"}
			}
		},
		{
			"from": [12, -10, 11],
			"to": [16, -6, 15],
			"rotation": {"angle": 0, "axis": "y", "origin": [8, -10, 13]},
			"faces": {
				"north": {"uv": [2, 9, 3, 10], "texture": "#0"},
				"east": {"uv": [1, 9, 2, 10], "texture": "#0"},
				"south": {"uv": [0, 9, 1, 10], "texture": "#0"},
				"west": {"uv": [3, 9, 4, 10], "texture": "#0"},
				"up": {"uv": [1, 8, 2, 9], "rotation": 90, "texture": "#0"},
				"down": {"uv": [2, 8, 3, 9], "rotation": 270, "texture": "#0"}
			}
		},
		{
			"from": [14, -11, 12],
			"to": [22, -9, 14],
			"rotation": {"angle": 0, "axis": "y", "origin": [8, -10, 13]},
			"faces": {
				"north": {"uv": [1, 10, 3, 10.5], "texture": "#0"},
				"east": {"uv": [1, 11, 1.5, 11.5], "texture": "#0"},
				"south": {"uv": [1, 10.5, 3, 11], "texture": "#0"},
				"west": {"uv": [1, 11, 1.5, 11.5], "texture": "#0"},
				"up": {"uv": [0, 10, 0.5, 12], "rotation": 90, "texture": "#0"},
				"down": {"uv": [0.5, 10, 1, 12], "rotation": 270, "texture": "#0"}
			}
		},
		{
			"from": [6, -10, 5],
			"to": [10, -6, 9],
			"rotation": {"angle": -45, "axis": "y", "origin": [8, -10, 13]},
			"faces": {
				"north": {"uv": [1, 9, 2, 10], "texture": "#0"},
				"east": {"uv": [0, 9, 1, 10], "texture": "#0"},
				"south": {"uv": [3, 9, 4, 10], "texture": "#0"},
				"west": {"uv": [2, 9, 3, 10], "texture": "#0"},
				"up": {"uv": [1, 8, 2, 9], "texture": "#0"},
				"down": {"uv": [2, 8, 3, 9], "texture": "#0"}
			}
		},
		{
			"from": [7, -11, -1],
			"to": [9, -9, 7],
			"rotation": {"angle": -45, "axis": "y", "origin": [8, -10, 13]},
			"faces": {
				"north": {"uv": [1, 11, 1.5, 11.5], "texture": "#0"},
				"east": {"uv": [1, 10.5, 3, 11], "texture": "#0"},
				"south": {"uv": [1, 11, 1.5, 11.5], "texture": "#0"},
				"west": {"uv": [1, 10, 3, 10.5], "texture": "#0"},
				"up": {"uv": [0, 10, 0.5, 12], "texture": "#0"},
				"down": {"uv": [0.5, 10, 1, 12], "texture": "#0"}
			}
		},
		{
			"from": [6, -10, 17],
			"to": [10, -6, 21],
			"rotation": {"angle": 0, "axis": "y", "origin": [8, -10, 13]},
			"faces": {
				"north": {"uv": [3, 9, 4, 10], "texture": "#0"},
				"east": {"uv": [2, 9, 3, 10], "texture": "#0"},
				"south": {"uv": [1, 9, 2, 10], "texture": "#0"},
				"west": {"uv": [0, 9, 1, 10], "texture": "#0"},
				"up": {"uv": [1, 8, 2, 9], "rotation": 180, "texture": "#0"},
				"down": {"uv": [2, 8, 3, 9], "rotation": 180, "texture": "#0"}
			}
		},
		{
			"from": [7, -11, 19],
			"to": [9, -9, 27],
			"rotation": {"angle": 0, "axis": "y", "origin": [8, -10, 13]},
			"faces": {
				"north": {"uv": [1, 11, 1.5, 11.5], "texture": "#0"},
				"east": {"uv": [1, 10, 3, 10.5], "texture": "#0"},
				"south": {"uv": [1, 11, 1.5, 11.5], "texture": "#0"},
				"west": {"uv": [1, 10.5, 3, 11], "texture": "#0"},
				"up": {"uv": [0, 10, 0.5, 12], "rotation": 180, "texture": "#0"},
				"down": {"uv": [0.5, 10, 1, 12], "rotation": 180, "texture": "#0"}
			}
		},
		{
			"from": [0, -10, 11],
			"to": [4, -6, 15],
			"rotation": {"angle": 45, "axis": "y", "origin": [8, -10, 13]},
			"faces": {
				"north": {"uv": [0, 9, 1, 10], "texture": "#0"},
				"east": {"uv": [3, 9, 4, 10], "texture": "#0"},
				"south": {"uv": [2, 9, 3, 10], "texture": "#0"},
				"west": {"uv": [1, 9, 2, 10], "texture": "#0"},
				"up": {"uv": [1, 8, 2, 9], "rotation": 270, "texture": "#0"},
				"down": {"uv": [2, 8, 3, 9], "rotation": 90, "texture": "#0"}
			}
		},
		{
			"from": [-6, -11, 12],
			"to": [2, -9, 14],
			"rotation": {"angle": 45, "axis": "y", "origin": [8, -10, 13]},
			"faces": {
				"north": {"uv": [1, 10.5, 3, 11], "texture": "#0"},
				"east": {"uv": [1, 11, 1.5, 11.5], "texture": "#0"},
				"south": {"uv": [1, 10, 3, 10.5], "texture": "#0"},
				"west": {"uv": [1, 11, 1.5, 11.5], "texture": "#0"},
				"up": {"uv": [0, 10, 0.5, 12], "rotation": 270, "texture": "#0"},
				"down": {"uv": [0.5, 10, 1, 12], "rotation": 90, "texture": "#0"}
			}
		},
		{
			"from": [0, -10, 11],
			"to": [4, -6, 15],
			"rotation": {"angle": 0, "axis": "y", "origin": [8, -10, 13]},
			"faces": {
				"north": {"uv": [0, 9, 1, 10], "texture": "#0"},
				"east": {"uv": [3, 9, 4, 10], "texture": "#0"},
				"south": {"uv": [2, 9, 3, 10], "texture": "#0"},
				"west": {"uv": [1, 9, 2, 10], "texture": "#0"},
				"up": {"uv": [1, 8, 2, 9], "rotation": 270, "texture": "#0"},
				"down": {"uv": [2, 8, 3, 9], "rotation": 90, "texture": "#0"}
			}
		},
		{
			"from": [-6, -11, 12],
			"to": [2, -9, 14],
			"rotation": {"angle": 0, "axis": "y", "origin": [8, -10, 13]},
			"faces": {
				"north": {"uv": [1, 10.5, 3, 11], "texture": "#0"},
				"east": {"uv": [1, 11, 1.5, 11.5], "texture": "#0"},
				"south": {"uv": [1, 10, 3, 10.5], "texture": "#0"},
				"west": {"uv": [1, 11, 1.5, 11.5], "texture": "#0"},
				"up": {"uv": [0, 10, 0.5, 12], "rotation": 270, "texture": "#0"},
				"down": {"uv": [0.5, 10, 1, 12], "rotation": 90, "texture": "#0"}
			}
		},
		{
			"from": [6, -10, 5],
			"to": [10, -6, 9],
			"rotation": {"angle": 45, "axis": "y", "origin": [8, -10, 13]},
			"faces": {
				"north": {"uv": [1, 9, 2, 10], "texture": "#0"},
				"east": {"uv": [0, 9, 1, 10], "texture": "#0"},
				"south": {"uv": [3, 9, 4, 10], "texture": "#0"},
				"west": {"uv": [2, 9, 3, 10], "texture": "#0"},
				"up": {"uv": [1, 8, 2, 9], "texture": "#0"},
				"down": {"uv": [2, 8, 3, 9], "texture": "#0"}
			}
		},
		{
			"from": [7, -11, -1],
			"to": [9, -9, 7],
			"rotation": {"angle": 45, "axis": "y", "origin": [8, -10, 13]},
			"faces": {
				"north": {"uv": [1, 11, 1.5, 11.5], "texture": "#0"},
				"east": {"uv": [1, 10.5, 3, 11], "texture": "#0"},
				"south": {"uv": [1, 11, 1.5, 11.5], "texture": "#0"},
				"west": {"uv": [1, 10, 3, 10.5], "texture": "#0"},
				"up": {"uv": [0, 10, 0.5, 12], "texture": "#0"},
				"down": {"uv": [0.5, 10, 1, 12], "texture": "#0"}
			}
		},
		{
			"from": [6, -10, 5],
			"to": [10, -6, 9],
			"rotation": {"angle": 0, "axis": "x", "origin": [8, -10, 13]},
			"faces": {
				"north": {"uv": [1, 9, 2, 10], "texture": "#0"},
				"east": {"uv": [0, 9, 1, 10], "texture": "#0"},
				"south": {"uv": [3, 9, 4, 10], "texture": "#0"},
				"west": {"uv": [2, 9, 3, 10], "texture": "#0"},
				"up": {"uv": [1, 8, 2, 9], "texture": "#0"},
				"down": {"uv": [2, 8, 3, 9], "texture": "#0"}
			}
		},
		{
			"from": [7, -11, -1],
			"to": [9, -9, 7],
			"rotation": {"angle": 0, "axis": "y", "origin": [8, -10, 13]},
			"faces": {
				"north": {"uv": [1, 11, 1.5, 11.5], "texture": "#0"},
				"east": {"uv": [1, 10.5, 3, 11], "texture": "#0"},
				"south": {"uv": [1, 11, 1.5, 11.5], "texture": "#0"},
				"west": {"uv": [1, 10, 3, 10.5], "texture": "#0"},
				"up": {"uv": [0, 10, 0.5, 12], "texture": "#0"},
				"down": {"uv": [0.5, 10, 1, 12], "texture": "#0"}
			}
		},
		{
			"from": [0, 0, 9],
			"to": [16, 18, 21],
			"rotation": {"angle": -22.5, "axis": "x", "origin": [0, 0, 0]},
			"faces": {
				"north": {"uv": [5, 5, 7, 7], "texture": "#0"},
				"east": {"uv": [4, 5, 5, 7], "texture": "#0"},
				"south": {"uv": [8, 5, 10, 7], "texture": "#0"},
				"west": {"uv": [7, 5, 8, 7], "texture": "#0"},
				"up": {"uv": [7, 5, 5, 4], "texture": "#0"},
				"down": {"uv": [9, 4, 7, 5], "texture": "#0"}
			}
		},
		{
			"from": [2, -8, 9],
			"to": [14, 8, 17],
			"faces": {
				"north": {"uv": [5, 6, 7, 8], "texture": "#0"},
				"east": {"uv": [4, 6, 5, 8], "texture": "#0"},
				"south": {"uv": [8, 6, 10, 8], "texture": "#0"},
				"west": {"uv": [7, 6, 8, 8], "texture": "#0"},
				"up": {"uv": [5, 4, 7, 5], "texture": "#0"},
				"down": {"uv": [1, 4, 2, 5], "texture": "#0"}
			}
		}
	],
	"display": {
		"head": {
			"translation": [0, 2.5, -4],
			"scale": [2.5, 2.5, 2.5]
		}
	},
	"groups": [
		{
			"name": "H",
			"origin": [0, 0, 0],
			"color": 0,
			"children": [0, 1, 2, 3, 4, 5, 6, 7, 8, 9, 10, 11, 12, 13, 14]
		},
		{
			"name": "pirate_hat",
			"origin": [8, 8, 8],
			"color": 0,
			"children": [15, 16, 17, 18]
		},
		{
			"name": "8T",
			"origin": [8, 8, 8],
			"color": 0,
			"children": [
				{
					"name": "T",
					"origin": [8, 8, 8],
					"color": 0,
					"children": [19, 20]
				},
				{
					"name": "T",
					"origin": [8, 8, 8],
					"color": 0,
					"children": [21, 22]
				},
				{
					"name": "T",
					"origin": [8, 8, 8],
					"color": 0,
					"children": [23, 24]
				},
				{
					"name": "T",
					"origin": [8, 8, 8],
					"color": 0,
					"children": [25, 26]
				},
				{
					"name": "T",
					"origin": [8, 8, 8],
					"color": 0,
					"children": [27, 28]
				},
				{
					"name": "T",
					"origin": [8, 8, 8],
					"color": 0,
					"children": [29, 30]
				},
				{
					"name": "T",
					"origin": [8, 8, 8],
					"color": 0,
					"children": [31, 32]
				},
				{
					"name": "T",
					"origin": [8, 8, 8],
					"color": 0,
					"children": [33, 34]
				}
			]
		},
		{
			"name": "B",
			"origin": [0, 0, 0],
			"color": 0,
			"children": [35, 36]
		}
	]
}