{
	"credit": "Made with Blockbench",
	"texture_size": [64, 64],
	"textures": {
		"0": "item/enemy/deep_drowned",
		"3": "item/enemy/cannon",
		"particle": "item/enemy/chaos_cube"
	},
	"elements": [
		{
			"from": [4, -10, 2],
			"to": [12, -2, 10],
			"rotation": {"angle": 0, "axis": "y", "origin": [8, -10, 17]},
			"faces": {
				"north": {"uv": [1, 9, 2, 10], "texture": "#0"},
				"east": {"uv": [0, 9, 1, 10], "texture": "#0"},
				"south": {"uv": [3, 9, 4, 10], "texture": "#0"},
				"west": {"uv": [2, 9, 3, 10], "texture": "#0"},
				"up": {"uv": [1, 8, 2, 9], "texture": "#0"},
				"down": {"uv": [2, 8, 3, 9], "texture": "#0"}
			}
		},
		{
			"from": [7, -10, -10],
			"to": [11, -6, 2],
			"rotation": {"angle": 0, "axis": "y", "origin": [8, -10, 17]},
			"faces": {
				"north": {"uv": [1, 11, 1.5, 11.5], "texture": "#0"},
				"east": {"uv": [1, 10.5, 3, 11], "texture": "#0"},
				"south": {"uv": [1, 11, 1.5, 11.5], "texture": "#0"},
				"west": {"uv": [1, 10, 3, 10.5], "texture": "#0"},
				"up": {"uv": [0, 10, 0.5, 12], "texture": "#0"},
				"down": {"uv": [0.5, 10, 1, 12], "texture": "#0"}
			}
		},
		{
			"from": [-5, -10, -10.4],
			"to": [7, -6, -6.4],
			"rotation": {"angle": -45, "axis": "z", "origin": [8, -10, 17]},
			"faces": {
				"north": {"uv": [1, 10.5, 3, 11], "texture": "#0"},
				"east": {"uv": [1, 11, 1.5, 11.5], "texture": "#0"},
				"south": {"uv": [1, 10, 3, 10.5], "texture": "#0"},
				"west": {"uv": [1, 11, 1.5, 11.5], "texture": "#0"},
				"up": {"uv": [0, 10, 0.5, 12], "rotation": 270, "texture": "#0"},
				"down": {"uv": [0.5, 10, 1, 12], "rotation": 90, "texture": "#0"}
			}
		},
		{
			"from": [-4, -9, -8.4],
			"to": [0, 1, -4.4],
			"rotation": {"angle": -45, "axis": "z", "origin": [8, -10, 17]},
			"faces": {
				"north": {"uv": [1, 10.5, 3, 11], "rotation": 270, "texture": "#0"},
				"east": {"uv": [0, 10, 0.5, 12], "texture": "#0"},
				"south": {"uv": [1, 10, 3, 10.5], "rotation": 90, "texture": "#0"},
				"west": {"uv": [0.5, 10, 1, 12], "rotation": 180, "texture": "#0"},
				"up": {"uv": [1, 11, 1.5, 11.5], "rotation": 90, "texture": "#0"},
				"down": {"uv": [1, 11, 1.5, 11.5], "rotation": 90, "texture": "#0"}
			}
		},
		{
			"from": [-1, -1, -6.4],
			"to": [7, 2, -3.4],
			"rotation": {"angle": -45, "axis": "z", "origin": [8, -10, 17]},
			"faces": {
				"north": {"uv": [1, 10.5, 3, 11], "rotation": 180, "texture": "#0"},
				"east": {"uv": [1, 11, 1.5, 11.5], "rotation": 180, "texture": "#0"},
				"south": {"uv": [1, 10, 3, 10.5], "rotation": 180, "texture": "#0"},
				"west": {"uv": [1, 11, 1.5, 11.5], "rotation": 180, "texture": "#0"},
				"up": {"uv": [0.5, 10, 1, 12], "rotation": 270, "texture": "#0"},
				"down": {"uv": [0, 10, 0.5, 12], "rotation": 90, "texture": "#0"}
			}
		},
		{
			"from": [4, -6, -12],
			"to": [12, 2, 2],
			"rotation": {"angle": 0, "axis": "y", "origin": [0, 0, 4]},
			"faces": {
				"north": {"uv": [8, 0, 16, 8], "texture": "#3"},
				"east": {"uv": [0, 0, 8, 8], "texture": "#3"},
				"south": {"uv": [0, 0, 8, 8], "texture": "#3"},
				"west": {"uv": [0, 0, 8, 8], "texture": "#3"},
				"up": {"uv": [0, 0, 8, 8], "texture": "#3"},
				"down": {"uv": [0, 0, 8, 8], "texture": "#3"}
			}
		}
	],
	"display": {
		"head": {
			"translation": [0, 1.5, 12],
			"scale": [2.5, 2.5, 2.5]
		}
	},
	"groups": [
		{
			"name": "BT",
			"origin": [8, 8, 8],
			"color": 0,
			"children": [0, 1, 2, 3, 4, 5]
		}
	]
}