{
	"credit": "Made with Blockbench",
	"texture_size": [64, 64],
	"textures": {
		"0": "item/enemy/deep_drowned",
		"1": "item/enemy/chaos_cube",
		"3": "item/enemy/cannon",
		"1_0": "item/enemy/pirate_hat",
		"particle": "item/enemy/chaos_cube"
	},
	"elements": [
		{
			"from": [4, 20, 0],
			"to": [12, 28, 8],
			"faces": {
				"north": {"uv": [2, 2, 4, 4], "texture": "#0"},
				"east": {"uv": [0, 2, 2, 4], "texture": "#0"},
				"south": {"uv": [6, 2, 8, 4], "texture": "#0"},
				"west": {"uv": [4, 2, 6, 4], "texture": "#0"},
				"up": {"uv": [4, 2, 2, 0], "texture": "#0"},
				"down": {"uv": [6, 0, 4, 2], "texture": "#0"}
			}
		},
		{
			"from": [7, 22, -1],
			"to": [9, 23, 0],
			"faces": {
				"north": {"uv": [15.5, 0, 16, 0.25], "texture": "#0"},
				"east": {"uv": [15.75, 0, 16, 0.25], "texture": "#0"},
				"south": {"uv": [15.5, 0, 16, 0.25], "texture": "#0"},
				"west": {"uv": [15.75, 0, 16, 0.25], "texture": "#0"},
				"up": {"uv": [15.5, 0, 16, 0.25], "texture": "#0"},
				"down": {"uv": [15.5, 0, 16, 0.25], "texture": "#0"}
			}
		},
		{
			"from": [7, 20, -1],
			"to": [9, 21, 0],
			"faces": {
				"north": {"uv": [15.5, 0, 16, 0.25], "texture": "#0"},
				"east": {"uv": [15.75, 0, 16, 0.25], "texture": "#0"},
				"south": {"uv": [15.5, 0, 16, 0.25], "texture": "#0"},
				"west": {"uv": [15.75, 0, 16, 0.25], "texture": "#0"},
				"up": {"uv": [15.5, 0, 16, 0.25], "texture": "#0"},
				"down": {"uv": [15.5, 0, 16, 0.25], "texture": "#0"}
			}
		},
		{
			"from": [6, 18, -1],
			"to": [7, 22, 0],
			"faces": {
				"north": {"uv": [15.75, 0, 16, 2.5], "texture": "#0"},
				"east": {"uv": [15.75, 0, 16, 2.5], "texture": "#0"},
				"south": {"uv": [15.75, 0, 16, 2.5], "texture": "#0"},
				"west": {"uv": [15.75, 0, 16, 2.5], "texture": "#0"},
				"up": {"uv": [15.75, 0, 16, 0.25], "texture": "#0"},
				"down": {"uv": [15.75, 0, 16, 0.25], "texture": "#0"}
			}
		},
		{
			"from": [9, 16, -1],
			"to": [10, 22, 0],
			"faces": {
				"north": {"uv": [15.75, 0, 16, 2.5], "texture": "#0"},
				"east": {"uv": [15.75, 0, 16, 2.5], "texture": "#0"},
				"south": {"uv": [15.75, 0, 16, 2.5], "texture": "#0"},
				"west": {"uv": [15.75, 0, 16, 2.5], "texture": "#0"},
				"up": {"uv": [15.75, 0, 16, 0.25], "texture": "#0"},
				"down": {"uv": [15.75, 0, 16, 0.25], "texture": "#0"}
			}
		},
		{
			"from": [10, 11, -1],
			"to": [11, 21, 0],
			"faces": {
				"north": {"uv": [15.75, 0, 16, 2.5], "texture": "#0"},
				"east": {"uv": [15.75, 0, 16, 2.5], "texture": "#0"},
				"south": {"uv": [15.75, 0, 16, 2.5], "texture": "#0"},
				"west": {"uv": [15.75, 0, 16, 2.5], "texture": "#0"},
				"up": {"uv": [15.75, 0, 16, 0.25], "texture": "#0"},
				"down": {"uv": [15.75, 0, 16, 0.25], "texture": "#0"}
			}
		},
		{
			"from": [11, 13, -1],
			"to": [12, 20, 0],
			"faces": {
				"north": {"uv": [15.75, 0, 16, 2.5], "texture": "#0"},
				"east": {"uv": [15.75, 0, 16, 2.5], "texture": "#0"},
				"south": {"uv": [15.75, 0, 16, 2.5], "texture": "#0"},
				"west": {"uv": [15.75, 0, 16, 2.5], "texture": "#0"},
				"up": {"uv": [15.75, 0, 16, 0.25], "texture": "#0"},
				"down": {"uv": [15.75, 0, 16, 0.25], "texture": "#0"}
			}
		},
		{
			"from": [5, 11, -1],
			"to": [6, 21, 0],
			"faces": {
				"north": {"uv": [15.75, 0, 16, 2.5], "texture": "#0"},
				"east": {"uv": [15.75, 0, 16, 2.5], "texture": "#0"},
				"south": {"uv": [15.75, 0, 16, 2.5], "texture": "#0"},
				"west": {"uv": [15.75, 0, 16, 2.5], "texture": "#0"},
				"up": {"uv": [15.75, 0, 16, 0.25], "texture": "#0"},
				"down": {"uv": [15.75, 0, 16, 0.25], "texture": "#0"}
			}
		},
		{
			"from": [7, 10, 0],
			"to": [8, 20, 1],
			"faces": {
				"north": {"uv": [15.75, 0, 16, 2.5], "texture": "#0"},
				"east": {"uv": [15.75, 0, 16, 2.5], "texture": "#0"},
				"south": {"uv": [15.75, 0, 16, 2.5], "texture": "#0"},
				"west": {"uv": [15.75, 0, 16, 2.5], "texture": "#0"},
				"up": {"uv": [15.75, 0, 16, 0.25], "texture": "#0"},
				"down": {"uv": [15.75, 0, 16, 0.25], "texture": "#0"}
			}
		},
		{
			"from": [8, 13, 0],
			"to": [9, 20, 1],
			"faces": {
				"north": {"uv": [15.75, 0, 16, 2.5], "texture": "#0"},
				"east": {"uv": [15.75, 0, 16, 2.5], "texture": "#0"},
				"south": {"uv": [15.75, 0, 16, 2.5], "texture": "#0"},
				"west": {"uv": [15.75, 0, 16, 2.5], "texture": "#0"},
				"up": {"uv": [15.75, 0, 16, 0.25], "texture": "#0"},
				"down": {"uv": [15.75, 0, 16, 0.25], "texture": "#0"}
			}
		},
		{
			"from": [3, 11, 0],
			"to": [4, 21, 1],
			"faces": {
				"north": {"uv": [15.75, 0, 16, 2.5], "texture": "#0"},
				"east": {"uv": [15.75, 0, 16, 2.5], "texture": "#0"},
				"south": {"uv": [15.75, 0, 16, 2.5], "texture": "#0"},
				"west": {"uv": [15.75, 0, 16, 2.5], "texture": "#0"},
				"up": {"uv": [15.75, 0, 16, 0.25], "texture": "#0"},
				"down": {"uv": [15.75, 0, 16, 0.25], "texture": "#0"}
			}
		},
		{
			"from": [4, 14, -1],
			"to": [5, 20, 0],
			"faces": {
				"north": {"uv": [15.75, 0, 16, 2.5], "texture": "#0"},
				"east": {"uv": [15.75, 0, 16, 2.5], "texture": "#0"},
				"south": {"uv": [15.75, 0, 16, 2.5], "texture": "#0"},
				"west": {"uv": [15.75, 0, 16, 2.5], "texture": "#0"},
				"up": {"uv": [15.75, 0, 16, 0.25], "texture": "#0"},
				"down": {"uv": [15.75, 0, 16, 0.25], "texture": "#0"}
			}
		},
		{
			"from": [3, 15, 1],
			"to": [4, 22, 2],
			"faces": {
				"north": {"uv": [15.75, 0, 16, 2.5], "texture": "#0"},
				"east": {"uv": [15.75, 0, 16, 2.5], "texture": "#0"},
				"south": {"uv": [15.75, 0, 16, 2.5], "texture": "#0"},
				"west": {"uv": [15.75, 0, 16, 2.5], "texture": "#0"},
				"up": {"uv": [15.75, 0, 16, 0.25], "texture": "#0"},
				"down": {"uv": [15.75, 0, 16, 0.25], "texture": "#0"}
			}
		},
		{
			"from": [12, 11, 0],
			"to": [13, 21, 1],
			"faces": {
				"north": {"uv": [15.75, 0, 16, 2.5], "texture": "#0"},
				"east": {"uv": [15.75, 0, 16, 2.5], "texture": "#0"},
				"south": {"uv": [15.75, 0, 16, 2.5], "texture": "#0"},
				"west": {"uv": [15.75, 0, 16, 2.5], "texture": "#0"},
				"up": {"uv": [15.75, 0, 16, 0.25], "texture": "#0"},
				"down": {"uv": [15.75, 0, 16, 0.25], "texture": "#0"}
			}
		},
		{
			"from": [12, 17, 1],
			"to": [13, 22, 2],
			"faces": {
				"north": {"uv": [15.75, 0, 16, 2.5], "texture": "#0"},
				"east": {"uv": [15.75, 0, 16, 2.5], "texture": "#0"},
				"south": {"uv": [15.75, 0, 16, 2.5], "texture": "#0"},
				"west": {"uv": [15.75, 0, 16, 2.5], "texture": "#0"},
				"up": {"uv": [15.75, 0, 16, 0.25], "texture": "#0"},
				"down": {"uv": [15.75, 0, 16, 0.25], "texture": "#0"}
			}
		},
		{
			"from": [3.4, 26, -0.5],
			"to": [12.4, 29, 8.5],
			"faces": {
				"north": {"uv": [0, 0, 8, 3], "texture": "#1_0"},
				"east": {"uv": [0, 0, 8, 3], "texture": "#1_0"},
				"south": {"uv": [0, 0, 8, 3], "texture": "#1_0"},
				"west": {"uv": [0, 0, 8, 3], "texture": "#1_0"},
				"up": {"uv": [0, 0, 8, 8], "texture": "#1_0"},
				"down": {"uv": [0, 0, 8, 8], "texture": "#1_0"}
			}
		},
		{
			"from": [1, 26, -1],
			"to": [15, 28, 0],
			"faces": {
				"north": {"uv": [0, 14, 14, 16], "texture": "#1_0"},
				"east": {"uv": [0, 0, 1, 2], "texture": "#1_0"},
				"south": {"uv": [0, 0, 14, 2], "texture": "#1_0"},
				"west": {"uv": [0, 0, 1, 2], "texture": "#1_0"},
				"up": {"uv": [0, 0, 14, 1], "texture": "#1_0"},
				"down": {"uv": [0, 0, 14, 1], "texture": "#1_0"}
			}
		},
		{
			"from": [3, 28, -1],
			"to": [13, 32, 0],
			"faces": {
				"north": {"uv": [0, 10, 10, 14], "texture": "#1_0"},
				"east": {"uv": [0, 0, 1, 4], "texture": "#1_0"},
				"south": {"uv": [0, 0, 10, 4], "texture": "#1_0"},
				"west": {"uv": [0, 0, 1, 4], "texture": "#1_0"},
				"up": {"uv": [0, 0, 10, 1], "texture": "#1_0"},
				"down": {"uv": [0, 0, 10, 1], "texture": "#1_0"}
			}
		},
		{
			"from": [6, 27, -1.1],
			"to": [10, 31, -1.1],
			"faces": {
				"north": {"uv": [10, 2, 16, 8], "texture": "#1_0"},
				"east": {"uv": [0, 0, 0, 4], "texture": "#1_0"},
				"south": {"uv": [0, 0, 4, 4], "texture": "#1_0"},
				"west": {"uv": [0, 0, 0, 4], "texture": "#1_0"},
				"up": {"uv": [0, 0, 4, 0], "texture": "#1_0"},
				"down": {"uv": [0, 0, 4, 0], "texture": "#1_0"}
			}
		},
		{
			"from": [12, -10, 11],
			"to": [16, -6, 15],
			"rotation": {"angle": -45, "axis": "y", "origin": [8, -10, 13]},
			"faces": {
				"north": {"uv": [2, 9, 3, 10], "texture": "#0"},
				"east": {"uv": [1, 9, 2, 10], "texture": "#0"},
				"south": {"uv": [0, 9, 1, 10], "texture": "#0"},
				"west": {"uv": [3, 9, 4, 10], "texture": "#0"},
				"up": {"uv": [1, 8, 2, 9], "rotation": 90, "texture": "#0"},
				"down": {"uv": [2, 8, 3, 9], "rotation": 270, "texture": "#0"}
			}
		},
		{
			"from": [14, -11, 12],
			"to": [22, -9, 14],
			"rotation": {"angle": -45, "axis": "y", "origin": [8, -10, 13]},
			"faces": {
				"north": {"uv": [1, 10, 3, 10.5], "texture": "#0"},
				"east": {"uv": [1, 11, 1.5, 11.5], "texture": "#0"},
				"south": {"uv": [1, 10.5, 3, 11], "texture": "#0"},
				"west": {"uv": [1, 11, 1.5, 11.5], "texture": "#0"},
				"up": {"uv": [0, 10, 0.5, 12], "rotation": 90, "texture": "#0"},
				"down": {"uv": [0.5, 10, 1, 12], "rotation": 270, "texture": "#0"}
			}
		},
		{
			"from": [12, -10, 11],
			"to": [16, -6, 15],
			"rotation": {"angle": 0, "axis": "y", "origin": [8, -10, 13]},
			"faces": {
				"north": {"uv": [2, 9, 3, 10], "texture": "#0"},
				"east": {"uv": [1, 9, 2, 10], "texture": "#0"},
				"south": {"uv": [0, 9, 1, 10], "texture": "#0"},
				"west": {"uv": [3, 9, 4, 10], "texture": "#0"},
				"up": {"uv": [1, 8, 2, 9], "rotation": 90, "texture": "#0"},
				"down": {"uv": [2, 8, 3, 9], "rotation": 270, "texture": "#0"}
			}
		},
		{
			"from": [14, -11, 12],
			"to": [22, -9, 14],
			"rotation": {"angle": 0, "axis": "y", "origin": [8, -10, 13]},
			"faces": {
				"north": {"uv": [1, 10, 3, 10.5], "texture": "#0"},
				"east": {"uv": [1, 11, 1.5, 11.5], "texture": "#0"},
				"south": {"uv": [1, 10.5, 3, 11], "texture": "#0"},
				"west": {"uv": [1, 11, 1.5, 11.5], "texture": "#0"},
				"up": {"uv": [0, 10, 0.5, 12], "rotation": 90, "texture": "#0"},
				"down": {"uv": [0.5, 10, 1, 12], "rotation": 270, "texture": "#0"}
			}
		},
		{
			"from": [6, -10, 5],
			"to": [10, -6, 9],
			"rotation": {"angle": -45, "axis": "y", "origin": [8, -10, 13]},
			"faces": {
				"north": {"uv": [1, 9, 2, 10], "texture": "#0"},
				"east": {"uv": [0, 9, 1, 10], "texture": "#0"},
				"south": {"uv": [3, 9, 4, 10], "texture": "#0"},
				"west": {"uv": [2, 9, 3, 10], "texture": "#0"},
				"up": {"uv": [1, 8, 2, 9], "texture": "#0"},
				"down": {"uv": [2, 8, 3, 9], "texture": "#0"}
			}
		},
		{
			"from": [7, -11, -1],
			"to": [9, -9, 7],
			"rotation": {"angle": -45, "axis": "y", "origin": [8, -10, 13]},
			"faces": {
				"north": {"uv": [1, 11, 1.5, 11.5], "texture": "#0"},
				"east": {"uv": [1, 10.5, 3, 11], "texture": "#0"},
				"south": {"uv": [1, 11, 1.5, 11.5], "texture": "#0"},
				"west": {"uv": [1, 10, 3, 10.5], "texture": "#0"},
				"up": {"uv": [0, 10, 0.5, 12], "texture": "#0"},
				"down": {"uv": [0.5, 10, 1, 12], "texture": "#0"}
			}
		},
		{
			"from": [6, -10, 17],
			"to": [10, -6, 21],
			"rotation": {"angle": 0, "axis": "y", "origin": [8, -10, 13]},
			"faces": {
				"north": {"uv": [3, 9, 4, 10], "texture": "#0"},
				"east": {"uv": [2, 9, 3, 10], "texture": "#0"},
				"south": {"uv": [1, 9, 2, 10], "texture": "#0"},
				"west": {"uv": [0, 9, 1, 10], "texture": "#0"},
				"up": {"uv": [1, 8, 2, 9], "rotation": 180, "texture": "#0"},
				"down": {"uv": [2, 8, 3, 9], "rotation": 180, "texture": "#0"}
			}
		},
		{
			"from": [7, -11, 19],
			"to": [9, -9, 27],
			"rotation": {"angle": 0, "axis": "y", "origin": [8, -10, 13]},
			"faces": {
				"north": {"uv": [1, 11, 1.5, 11.5], "texture": "#0"},
				"east": {"uv": [1, 10, 3, 10.5], "texture": "#0"},
				"south": {"uv": [1, 11, 1.5, 11.5], "texture": "#0"},
				"west": {"uv": [1, 10.5, 3, 11], "texture": "#0"},
				"up": {"uv": [0, 10, 0.5, 12], "rotation": 180, "texture": "#0"},
				"down": {"uv": [0.5, 10, 1, 12], "rotation": 180, "texture": "#0"}
			}
		},
		{
			"from": [0, -10, 11],
			"to": [4, -6, 15],
			"rotation": {"angle": 45, "axis": "y", "origin": [8, -10, 13]},
			"faces": {
				"north": {"uv": [0, 9, 1, 10], "texture": "#0"},
				"east": {"uv": [3, 9, 4, 10], "texture": "#0"},
				"south": {"uv": [2, 9, 3, 10], "texture": "#0"},
				"west": {"uv": [1, 9, 2, 10], "texture": "#0"},
				"up": {"uv": [1, 8, 2, 9], "rotation": 270, "texture": "#0"},
				"down": {"uv": [2, 8, 3, 9], "rotation": 90, "texture": "#0"}
			}
		},
		{
			"from": [-6, -11, 12],
			"to": [2, -9, 14],
			"rotation": {"angle": 45, "axis": "y", "origin": [8, -10, 13]},
			"faces": {
				"north": {"uv": [1, 10.5, 3, 11], "texture": "#0"},
				"east": {"uv": [1, 11, 1.5, 11.5], "texture": "#0"},
				"south": {"uv": [1, 10, 3, 10.5], "texture": "#0"},
				"west": {"uv": [1, 11, 1.5, 11.5], "texture": "#0"},
				"up": {"uv": [0, 10, 0.5, 12], "rotation": 270, "texture": "#0"},
				"down": {"uv": [0.5, 10, 1, 12], "rotation": 90, "texture": "#0"}
			}
		},
		{
			"from": [0, -10, 11],
			"to": [4, -6, 15],
			"rotation": {"angle": 0, "axis": "y", "origin": [8, -10, 13]},
			"faces": {
				"north": {"uv": [0, 9, 1, 10], "texture": "#0"},
				"east": {"uv": [3, 9, 4, 10], "texture": "#0"},
				"south": {"uv": [2, 9, 3, 10], "texture": "#0"},
				"west": {"uv": [1, 9, 2, 10], "texture": "#0"},
				"up": {"uv": [1, 8, 2, 9], "rotation": 270, "texture": "#0"},
				"down": {"uv": [2, 8, 3, 9], "rotation": 90, "texture": "#0"}
			}
		},
		{
			"from": [-6, -11, 12],
			"to": [2, -9, 14],
			"rotation": {"angle": 0, "axis": "y", "origin": [8, -10, 13]},
			"faces": {
				"north": {"uv": [1, 10.5, 3, 11], "texture": "#0"},
				"east": {"uv": [1, 11, 1.5, 11.5], "texture": "#0"},
				"south": {"uv": [1, 10, 3, 10.5], "texture": "#0"},
				"west": {"uv": [1, 11, 1.5, 11.5], "texture": "#0"},
				"up": {"uv": [0, 10, 0.5, 12], "rotation": 270, "texture": "#0"},
				"down": {"uv": [0.5, 10, 1, 12], "rotation": 90, "texture": "#0"}
			}
		},
		{
			"from": [6, -10, 5],
			"to": [10, -6, 9],
			"rotation": {"angle": 45, "axis": "y", "origin": [8, -10, 13]},
			"faces": {
				"north": {"uv": [1, 9, 2, 10], "texture": "#0"},
				"east": {"uv": [0, 9, 1, 10], "texture": "#0"},
				"south": {"uv": [3, 9, 4, 10], "texture": "#0"},
				"west": {"uv": [2, 9, 3, 10], "texture": "#0"},
				"up": {"uv": [1, 8, 2, 9], "texture": "#0"},
				"down": {"uv": [2, 8, 3, 9], "texture": "#0"}
			}
		},
		{
			"from": [7, -11, -1],
			"to": [9, -9, 7],
			"rotation": {"angle": 45, "axis": "y", "origin": [8, -10, 13]},
			"faces": {
				"north": {"uv": [1, 11, 1.5, 11.5], "texture": "#0"},
				"east": {"uv": [1, 10.5, 3, 11], "texture": "#0"},
				"south": {"uv": [1, 11, 1.5, 11.5], "texture": "#0"},
				"west": {"uv": [1, 10, 3, 10.5], "texture": "#0"},
				"up": {"uv": [0, 10, 0.5, 12], "texture": "#0"},
				"down": {"uv": [0.5, 10, 1, 12], "texture": "#0"}
			}
		},
		{
			"from": [6, -10, 5],
			"to": [10, -6, 9],
			"rotation": {"angle": 0, "axis": "x", "origin": [8, -10, 13]},
			"faces": {
				"north": {"uv": [1, 9, 2, 10], "texture": "#0"},
				"east": {"uv": [0, 9, 1, 10], "texture": "#0"},
				"south": {"uv": [3, 9, 4, 10], "texture": "#0"},
				"west": {"uv": [2, 9, 3, 10], "texture": "#0"},
				"up": {"uv": [1, 8, 2, 9], "texture": "#0"},
				"down": {"uv": [2, 8, 3, 9], "texture": "#0"}
			}
		},
		{
			"from": [7, -11, -1],
			"to": [9, -9, 7],
			"rotation": {"angle": 0, "axis": "y", "origin": [8, -10, 13]},
			"faces": {
				"north": {"uv": [1, 11, 1.5, 11.5], "texture": "#0"},
				"east": {"uv": [1, 10.5, 3, 11], "texture": "#0"},
				"south": {"uv": [1, 11, 1.5, 11.5], "texture": "#0"},
				"west": {"uv": [1, 10, 3, 10.5], "texture": "#0"},
				"up": {"uv": [0, 10, 0.5, 12], "texture": "#0"},
				"down": {"uv": [0.5, 10, 1, 12], "texture": "#0"}
			}
		},
		{
			"from": [16.1, 8.6, -3.5],
			"to": [21.9, 14.4, 11.5],
			"rotation": {"angle": -22.5, "axis": "x", "origin": [19, 15.5, 8]},
			"faces": {
				"north": {"uv": [2, 4, 3, 5], "rotation": 180, "texture": "#0"},
				"east": {"uv": [0, 5, 1, 8], "rotation": 270, "texture": "#0"},
				"south": {"uv": [1, 4, 2, 5], "texture": "#0"},
				"west": {"uv": [2, 5, 3, 8], "rotation": 90, "texture": "#0"},
				"up": {"uv": [1, 5, 2, 8], "rotation": 180, "texture": "#0"},
				"down": {"uv": [3, 5, 4, 8], "texture": "#0"}
			}
		},
		{
			"from": [16, 8, 8],
			"to": [22, 23, 14],
			"rotation": {"angle": -45, "axis": "x", "origin": [19, 15.5, 8]},
			"faces": {
				"north": {"uv": [11, 5, 12, 8], "texture": "#0"},
				"east": {"uv": [10, 5, 11, 8], "texture": "#0"},
				"south": {"uv": [13, 5, 14, 8], "texture": "#0"},
				"west": {"uv": [12, 5, 13, 8], "texture": "#0"},
				"up": {"uv": [11, 4, 12, 5], "texture": "#0"},
				"down": {"uv": [12, 4, 13, 5], "texture": "#0"}
			}
		},
		{
			"from": [20.5, 5, -8],
			"to": [22.5, 7, 0],
			"faces": {
				"north": {"uv": [13.5, 0.75, 14, 1.25], "texture": "#0"},
				"east": {"uv": [12, 0, 14, 0.5], "texture": "#0"},
				"south": {"uv": [13.5, 1.5, 14, 2], "texture": "#0"},
				"west": {"uv": [12, 0.5, 14, 1], "texture": "#0"},
				"up": {"uv": [14, 0, 14.5, 2], "texture": "#0"},
				"down": {"uv": [14.5, 0, 15, 2], "texture": "#0"}
			}
		},
		{
			"from": [16.5, 6, -1],
			"to": [24.5, 8, 1],
			"rotation": {"angle": 0, "axis": "y", "origin": [21.5, 6, -4]},
			"faces": {
				"north": {"uv": [12, 0.5, 14, 1], "texture": "#0"},
				"east": {"uv": [13.5, 0.75, 14, 1.25], "texture": "#0"},
				"south": {"uv": [12, 0, 14, 0.5], "texture": "#0"},
				"west": {"uv": [13.5, 1.5, 14, 2], "texture": "#0"},
				"up": {"uv": [14, 0, 14.5, 2], "rotation": 90, "texture": "#0"},
				"down": {"uv": [14.5, 0, 15, 2], "rotation": 270, "texture": "#0"}
			}
		},
		{
			"from": [24.5, 6, -2],
			"to": [26.5, 14, 0],
			"rotation": {"angle": 22.5, "axis": "z", "origin": [21.5, 6, -4]},
			"faces": {
				"north": {"uv": [12, 0.5, 14, 1], "rotation": 90, "texture": "#0"},
				"east": {"uv": [14.5, 0, 15, 2], "rotation": 180, "texture": "#0"},
				"south": {"uv": [12, 0, 14, 0.5], "rotation": 270, "texture": "#0"},
				"west": {"uv": [14, 0, 14.5, 2], "texture": "#0"},
				"up": {"uv": [13.5, 0.75, 14, 1.25], "rotation": 270, "texture": "#0"},
				"down": {"uv": [13.5, 1.5, 14, 2], "rotation": 270, "texture": "#0"}
			}
		},
		{
			"from": [18, 5, -8],
			"to": [20, 7, 0],
			"faces": {
				"north": {"uv": [13.5, 0.75, 14, 1.25], "texture": "#0"},
				"east": {"uv": [12, 0, 14, 0.5], "texture": "#0"},
				"south": {"uv": [13.5, 1.5, 14, 2], "texture": "#0"},
				"west": {"uv": [12, 0.5, 14, 1], "texture": "#0"},
				"up": {"uv": [14, 0, 14.5, 2], "texture": "#0"},
				"down": {"uv": [14.5, 0, 15, 2], "texture": "#0"}
			}
		},
		{
			"from": [15.5, 5, -8],
			"to": [17.5, 7, 0],
			"faces": {
				"north": {"uv": [13.5, 0.75, 14, 1.25], "texture": "#0"},
				"east": {"uv": [12, 0, 14, 0.5], "texture": "#0"},
				"south": {"uv": [13.5, 1.5, 14, 2], "texture": "#0"},
				"west": {"uv": [12, 0.5, 14, 1], "texture": "#0"},
				"up": {"uv": [14, 0, 14.5, 2], "texture": "#0"},
				"down": {"uv": [14.5, 0, 15, 2], "texture": "#0"}
			}
		},
		{
			"from": [20.5, 7, -6],
			"to": [22.5, 15, -4],
			"rotation": {"angle": -22.5, "axis": "x", "origin": [0, 0, 0]},
			"faces": {
				"north": {"uv": [14.5, 0, 15, 2], "rotation": 180, "texture": "#0"},
				"east": {"uv": [12, 0, 14, 0.5], "rotation": 270, "texture": "#0"},
				"south": {"uv": [14, 0, 14.5, 2], "texture": "#0"},
				"west": {"uv": [12, 0.5, 14, 1], "rotation": 90, "texture": "#0"},
				"up": {"uv": [13.5, 0.75, 14, 1.25], "rotation": 180, "texture": "#0"},
				"down": {"uv": [13.5, 1.5, 14, 2], "texture": "#0"}
			}
		},
		{
			"from": [18, 7, -6],
			"to": [20, 15, -4],
			"rotation": {"angle": -22.5, "axis": "x", "origin": [0, 0, 0]},
			"faces": {
				"north": {"uv": [14.5, 0, 15, 2], "rotation": 180, "texture": "#0"},
				"east": {"uv": [12, 0, 14, 0.5], "rotation": 270, "texture": "#0"},
				"south": {"uv": [14, 0, 14.5, 2], "texture": "#0"},
				"west": {"uv": [12, 0.5, 14, 1], "rotation": 90, "texture": "#0"},
				"up": {"uv": [13.5, 0.75, 14, 1.25], "rotation": 180, "texture": "#0"},
				"down": {"uv": [13.5, 1.5, 14, 2], "texture": "#0"}
			}
		},
		{
			"from": [15.5, 7, -6],
			"to": [17.5, 15, -4],
			"rotation": {"angle": -22.5, "axis": "x", "origin": [0, 0, 0]},
			"faces": {
				"north": {"uv": [14.5, 0, 15, 2], "rotation": 180, "texture": "#0"},
				"east": {"uv": [12, 0, 14, 0.5], "rotation": 270, "texture": "#0"},
				"south": {"uv": [14, 0, 14.5, 2], "texture": "#0"},
				"west": {"uv": [12, 0.5, 14, 1], "rotation": 90, "texture": "#0"},
				"up": {"uv": [13.5, 0.75, 14, 1.25], "rotation": 180, "texture": "#0"},
				"down": {"uv": [13.5, 1.5, 14, 2], "texture": "#0"}
			}
		},
		{
			"from": [17, 9.5, -7],
			"to": [21, 13.5, -3],
			"rotation": {"angle": 45, "axis": "z", "origin": [19, 11.5, -5]},
			"faces": {
				"north": {"uv": [8, 0, 16, 8], "texture": "#1"},
				"east": {"uv": [8, 0, 16, 8], "texture": "#1"},
				"south": {"uv": [8, 0, 16, 8], "texture": "#1"},
				"west": {"uv": [8, 0, 16, 8], "texture": "#1"},
				"up": {"uv": [8, 0, 16, 8], "texture": "#1"},
				"down": {"uv": [8, 0, 16, 8], "texture": "#1"}
			}
		},
		{
			"from": [17, 9.5, -7],
			"to": [21, 13.5, -3],
			"rotation": {"angle": 45, "axis": "y", "origin": [19, 11.5, -5]},
			"faces": {
				"north": {"uv": [0, 8, 8, 16], "texture": "#1"},
				"east": {"uv": [0, 8, 8, 16], "texture": "#1"},
				"south": {"uv": [0, 8, 8, 16], "texture": "#1"},
				"west": {"uv": [0, 8, 8, 16], "texture": "#1"},
				"up": {"uv": [0, 8, 8, 16], "texture": "#1"},
				"down": {"uv": [0, 8, 8, 16], "texture": "#1"}
			}
		},
		{
			"from": [17, 9.5, -7],
			"to": [21, 13.5, -3],
			"rotation": {"angle": 45, "axis": "x", "origin": [19, 11.5, -5]},
			"faces": {
				"north": {"uv": [8, 8, 16, 16], "texture": "#1"},
				"east": {"uv": [8, 8, 16, 16], "texture": "#1"},
				"south": {"uv": [8, 8, 16, 16], "texture": "#1"},
				"west": {"uv": [8, 8, 16, 16], "texture": "#1"},
				"up": {"uv": [8, 8, 16, 16], "texture": "#1"},
				"down": {"uv": [8, 8, 16, 16], "texture": "#1"}
			}
		},
		{
			"from": [17, 9.5, -7],
			"to": [21, 13.5, -3],
			"rotation": {"angle": 0, "axis": "y", "origin": [19, 11.5, -5]},
			"faces": {
				"north": {"uv": [0, 0, 8, 8], "texture": "#1"},
				"east": {"uv": [0, 0, 8, 8], "texture": "#1"},
				"south": {"uv": [0, 0, 8, 8], "texture": "#1"},
				"west": {"uv": [0, 0, 8, 8], "texture": "#1"},
				"up": {"uv": [0, 0, 8, 8], "texture": "#1"},
				"down": {"uv": [0, 0, 8, 8], "texture": "#1"}
			}
		},
		{
			"from": [-11, 8, 5],
			"to": [-5, 23, 11],
			"rotation": {"angle": -45, "axis": "z", "origin": [-3, 15.5, 8]},
			"faces": {
				"north": {"uv": [9, 13, 10, 16], "texture": "#0"},
				"east": {"uv": [8, 13, 9, 16], "texture": "#0"},
				"south": {"uv": [11, 13, 12, 16], "texture": "#0"},
				"west": {"uv": [10, 13, 11, 16], "texture": "#0"},
				"up": {"uv": [9, 12, 10, 13], "texture": "#0"},
				"down": {"uv": [10, 12, 11, 13], "texture": "#0"}
			}
		},
		{
			"from": [-13, 5, 5.1],
			"to": [-7, 20, 10.9],
			"rotation": {"angle": 22.5, "axis": "z", "origin": [-3, 15.5, 8]},
			"faces": {
				"north": {"uv": [5, 13, 6, 16], "texture": "#0"},
				"east": {"uv": [4, 13, 5, 16], "texture": "#0"},
				"south": {"uv": [7, 13, 8, 16], "texture": "#0"},
				"west": {"uv": [6, 13, 7, 16], "texture": "#0"},
				"up": {"uv": [5, 12, 6, 13], "texture": "#0"},
				"down": {"uv": [6, 12, 7, 13], "texture": "#0"}
			}
		},
		{
			"from": [-13.5, 4, 4.5],
			"to": [-6.5, 11, 11.5],
			"rotation": {"angle": 22.5, "axis": "z", "origin": [-3, 15.5, 8]},
			"faces": {
				"north": {"uv": [1, 15, 2, 16], "texture": "#0"},
				"east": {"uv": [0, 15, 1, 16], "texture": "#0"},
				"south": {"uv": [3, 15, 4, 16], "texture": "#0"},
				"west": {"uv": [2, 15, 3, 16], "texture": "#0"},
				"up": {"uv": [0, 14, 1, 15], "texture": "#0"},
				"down": {"uv": [1, 14, 2, 15], "texture": "#0"}
			}
		},
		{
			"from": [-7, -2, 7],
			"to": [-5, 4, 9],
			"rotation": {"angle": 22.5, "axis": "z", "origin": [0, 0, 0]},
			"faces": {
				"north": {"uv": [11.5, 0, 12, 0.5], "texture": "#0"},
				"east": {"uv": [11.5, 0, 12, 0.5], "texture": "#0"},
				"south": {"uv": [11.5, 0, 12, 0.5], "texture": "#0"},
				"west": {"uv": [11.5, 0, 12, 0.5], "texture": "#0"},
				"up": {"uv": [11.5, 0, 12, 0.5], "texture": "#0"},
				"down": {"uv": [11.5, 0, 12, 0.5], "texture": "#0"}
			}
		},
		{
			"from": [-3, -2, 7],
			"to": [-1, 0, 9],
			"rotation": {"angle": 22.5, "axis": "z", "origin": [0, 0, 0]},
			"faces": {
				"north": {"uv": [11.5, 0, 12, 0.5], "texture": "#0"},
				"east": {"uv": [11.5, 0, 12, 0.5], "texture": "#0"},
				"south": {"uv": [11.5, 0, 12, 0.5], "texture": "#0"},
				"west": {"uv": [11.5, 0, 12, 0.5], "texture": "#0"},
				"up": {"uv": [11.5, 0, 12, 0.5], "texture": "#0"},
				"down": {"uv": [11.5, 0, 12, 0.5], "texture": "#0"}
			}
		},
		{
			"from": [-5, -4, 7],
			"to": [-3, -2, 9],
			"rotation": {"angle": 22.5, "axis": "z", "origin": [0, 0, 0]},
			"faces": {
				"north": {"uv": [11.5, 0, 12, 0.5], "texture": "#0"},
				"east": {"uv": [11.5, 0, 12, 0.5], "texture": "#0"},
				"south": {"uv": [11.5, 0, 12, 0.5], "texture": "#0"},
				"west": {"uv": [11.5, 0, 12, 0.5], "texture": "#0"},
				"up": {"uv": [11.5, 0, 12, 0.5], "texture": "#0"},
				"down": {"uv": [11.5, 0, 12, 0.5], "texture": "#0"}
			}
		},
		{
			"from": [0, 0, 9],
			"to": [16, 18, 21],
			"rotation": {"angle": -22.5, "axis": "x", "origin": [0, 0, 0]},
			"faces": {
				"north": {"uv": [5, 5, 7, 7], "texture": "#0"},
				"east": {"uv": [4, 5, 5, 7], "texture": "#0"},
				"south": {"uv": [8, 5, 10, 7], "texture": "#0"},
				"west": {"uv": [7, 5, 8, 7], "texture": "#0"},
				"up": {"uv": [7, 5, 5, 4], "texture": "#0"},
				"down": {"uv": [9, 4, 7, 5], "texture": "#0"}
			}
		},
		{
			"from": [2, -8, 9],
			"to": [14, 8, 17],
			"faces": {
				"north": {"uv": [5, 6, 7, 8], "texture": "#0"},
				"east": {"uv": [4, 6, 5, 8], "texture": "#0"},
				"south": {"uv": [8, 6, 10, 8], "texture": "#0"},
				"west": {"uv": [7, 6, 8, 8], "texture": "#0"},
				"up": {"uv": [5, 4, 7, 5], "texture": "#0"},
				"down": {"uv": [1, 4, 2, 5], "texture": "#0"}
			}
		},
		{
			"from": [4, -10, 2],
			"to": [12, -2, 10],
			"rotation": {"angle": 0, "axis": "y", "origin": [8, -10, 17]},
			"faces": {
				"north": {"uv": [1, 9, 2, 10], "texture": "#0"},
				"east": {"uv": [0, 9, 1, 10], "texture": "#0"},
				"south": {"uv": [3, 9, 4, 10], "texture": "#0"},
				"west": {"uv": [2, 9, 3, 10], "texture": "#0"},
				"up": {"uv": [1, 8, 2, 9], "texture": "#0"},
				"down": {"uv": [2, 8, 3, 9], "texture": "#0"}
			}
		},
		{
			"from": [7, -10, -10],
			"to": [11, -6, 2],
			"rotation": {"angle": 0, "axis": "y", "origin": [8, -10, 17]},
			"faces": {
				"north": {"uv": [1, 11, 1.5, 11.5], "texture": "#0"},
				"east": {"uv": [1, 10.5, 3, 11], "texture": "#0"},
				"south": {"uv": [1, 11, 1.5, 11.5], "texture": "#0"},
				"west": {"uv": [1, 10, 3, 10.5], "texture": "#0"},
				"up": {"uv": [0, 10, 0.5, 12], "texture": "#0"},
				"down": {"uv": [0.5, 10, 1, 12], "texture": "#0"}
			}
		},
		{
			"from": [-5, -10, -10.4],
			"to": [7, -6, -6.4],
			"rotation": {"angle": -45, "axis": "z", "origin": [8, -10, 17]},
			"faces": {
				"north": {"uv": [1, 10.5, 3, 11], "texture": "#0"},
				"east": {"uv": [1, 11, 1.5, 11.5], "texture": "#0"},
				"south": {"uv": [1, 10, 3, 10.5], "texture": "#0"},
				"west": {"uv": [1, 11, 1.5, 11.5], "texture": "#0"},
				"up": {"uv": [0, 10, 0.5, 12], "rotation": 270, "texture": "#0"},
				"down": {"uv": [0.5, 10, 1, 12], "rotation": 90, "texture": "#0"}
			}
		},
		{
			"from": [-4, -9, -8.4],
			"to": [0, 1, -4.4],
			"rotation": {"angle": -45, "axis": "z", "origin": [8, -10, 17]},
			"faces": {
				"north": {"uv": [1, 10.5, 3, 11], "rotation": 270, "texture": "#0"},
				"east": {"uv": [0, 10, 0.5, 12], "texture": "#0"},
				"south": {"uv": [1, 10, 3, 10.5], "rotation": 90, "texture": "#0"},
				"west": {"uv": [0.5, 10, 1, 12], "rotation": 180, "texture": "#0"},
				"up": {"uv": [1, 11, 1.5, 11.5], "rotation": 90, "texture": "#0"},
				"down": {"uv": [1, 11, 1.5, 11.5], "rotation": 90, "texture": "#0"}
			}
		},
		{
			"from": [-1, -1, -6.4],
			"to": [7, 2, -3.4],
			"rotation": {"angle": -45, "axis": "z", "origin": [8, -10, 17]},
			"faces": {
				"north": {"uv": [1, 10.5, 3, 11], "rotation": 180, "texture": "#0"},
				"east": {"uv": [1, 11, 1.5, 11.5], "rotation": 180, "texture": "#0"},
				"south": {"uv": [1, 10, 3, 10.5], "rotation": 180, "texture": "#0"},
				"west": {"uv": [1, 11, 1.5, 11.5], "rotation": 180, "texture": "#0"},
				"up": {"uv": [0.5, 10, 1, 12], "rotation": 270, "texture": "#0"},
				"down": {"uv": [0, 10, 0.5, 12], "rotation": 90, "texture": "#0"}
			}
		},
		{
			"from": [4, -6, -12],
			"to": [12, 2, 2],
			"rotation": {"angle": 0, "axis": "y", "origin": [0, 0, 4]},
			"faces": {
				"north": {"uv": [8, 0, 16, 8], "texture": "#3"},
				"east": {"uv": [0, 0, 8, 8], "texture": "#3"},
				"south": {"uv": [0, 0, 8, 8], "texture": "#3"},
				"west": {"uv": [0, 0, 8, 8], "texture": "#3"},
				"up": {"uv": [0, 0, 8, 8], "texture": "#3"},
				"down": {"uv": [0, 0, 8, 8], "texture": "#3"}
			}
		}
	],
	"display": {
		"head": {
			"scale": [2.5, 2.5, 2.5]
		}
	},
	"groups": [
		{
			"name": "H",
			"origin": [0, 0, 0],
			"color": 0,
			"children": [0, 1, 2, 3, 4, 5, 6, 7, 8, 9, 10, 11, 12, 13, 14]
		},
		{
			"name": "pirate_hat",
			"origin": [8, 8, 8],
			"color": 0,
			"children": [15, 16, 17, 18]
		},
		{
			"name": "8T",
			"origin": [8, 8, 8],
			"color": 0,
			"children": [
				{
					"name": "T",
					"origin": [8, 8, 8],
					"color": 0,
					"children": [19, 20]
				},
				{
					"name": "T",
					"origin": [8, 8, 8],
					"color": 0,
					"children": [21, 22]
				},
				{
					"name": "T",
					"origin": [8, 8, 8],
					"color": 0,
					"children": [23, 24]
				},
				{
					"name": "T",
					"origin": [8, 8, 8],
					"color": 0,
					"children": [25, 26]
				},
				{
					"name": "T",
					"origin": [8, 8, 8],
					"color": 0,
					"children": [27, 28]
				},
				{
					"name": "T",
					"origin": [8, 8, 8],
					"color": 0,
					"children": [29, 30]
				},
				{
					"name": "T",
					"origin": [8, 8, 8],
					"color": 0,
					"children": [31, 32]
				},
				{
					"name": "T",
					"origin": [8, 8, 8],
					"color": 0,
					"children": [33, 34]
				}
			]
		},
		{
			"name": "RA",
			"origin": [19, 15.5, 8],
			"color": 0,
			"children": [35, 36, 37, 38, 39, 40, 41, 42, 43, 44]
		},
		{
			"name": "chaos_cube",
			"origin": [8, 8, 8],
			"color": 0,
			"children": [45, 46, 47, 48]
		},
		{
			"name": "LA",
			"origin": [-3, 15.5, 8],
			"color": 0,
			"children": [49, 50, 51, 52, 53, 54]
		},
		{
			"name": "B",
			"origin": [0, 0, 0],
			"color": 0,
			"children": [55, 56]
		},
		{
			"name": "BT",
			"origin": [8, 8, 8],
			"color": 0,
			"children": [57, 58, 59, 60, 61, 62]
		}
	]
}