{
    "parent": "block/birch_leaves",
    "textures": {
        "layer0": "item/birch_leaves"
    },
	"overrides" :[
        {"predicate":{"custom_model_data":1},"model":"item/enemy/tank_zombie"},
        {"predicate":{"custom_model_data":2},"model":"item/enemy/ghost"},
        {"predicate":{"custom_model_data":3},"model":"item/enemy/necromancer"},
        {"predicate":{"custom_model_data":4},"model":"item/enemy/summon"},
        {"predicate":{"custom_model_data":5},"model":"item/enemy/mage_zombie"},
        {"predicate":{"custom_model_data":6},"model":"item/enemy/shield_zombie"},
        {"predicate":{"custom_model_data":7},"model":"item/enemy/ghost_boss"},
        {"predicate":{"custom_model_data":8},"model":"item/enemy/elite_mage_zombie"},
        {"predicate":{"custom_model_data":9},"model":"item/enemy/soul"},
        {"predicate":{"custom_model_data":10},"model":"item/enemy/summon_soul"},
        {"predicate":{"custom_model_data":11},"model":"item/enemy/summon_lamp"},
        {"predicate":{"custom_model_data":12},"model":"item/enemy/soul_zombie"},
        {"predicate":{"custom_model_data":13},"model":"item/enemy/soul_tank_zombie"},
        {"predicate":{"custom_model_data":14},"model":"item/enemy/tank_pillager"},
        {"predicate":{"custom_model_data":15},"model":"item/enemy/drowned_tank"},
        {"predicate":{"custom_model_data":16},"model":"item/enemy/mage_zombie_sea"},
        {"predicate":{"custom_model_data":17},"model":"item/enemy/mage_zombie_sea_2"},
        {"predicate":{"custom_model_data":18},"model":"item/enemy/sea_crystal_s"},
        {"predicate":{"custom_model_data":19},"model":"item/enemy/sea_crystal_m"},
        {"predicate":{"custom_model_data":20},"model":"item/enemy/sea_crystal_m_c"},
        {"predicate":{"custom_model_data":21},"model":"item/enemy/sea_crystal_l"},
        {"predicate":{"custom_model_data":22},"model":"item/enemy/sea_crystal_l_c"},
        {"predicate":{"custom_model_data":23},"model":"item/enemy/sea_crystal_vl"},
        {"predicate":{"custom_model_data":24},"model":"item/enemy/sea_crystal_vl_c"},
        {"predicate":{"custom_model_data":25},"model":"item/enemy/elite_mage_zombie_sea"},
        {"predicate":{"custom_model_data":26},"model":"item/enemy/elite_mage_zombie_sea_2"},
        {"predicate":{"custom_model_data":27},"model":"item/enemy/cannon"},
        {"predicate":{"custom_model_data":28},"model":"item/enemy/pirate_hat"},
        {"predicate":{"custom_model_data":29},"model":"item/enemy/tank_pirate"},
        {"predicate":{"custom_model_data":30},"model":"item/enemy/tank_skeleton"},
        {"predicate":{"custom_model_data":31},"model":"item/enemy/tank_skeleton_2"},
        {"predicate":{"custom_model_data":32},"model":"item/enemy/elite_necromancer"},
        {"predicate":{"custom_model_data":33},"model":"item/enemy/summon_2"},
        {"predicate":{"custom_model_data":34},"model":"item/enemy/clown_face"},
        {"predicate":{"custom_model_data":35},"model":"item/enemy/tank_clown_1"},
        {"predicate":{"custom_model_data":36},"model":"item/enemy/tank_clown_2"},
        {"predicate":{"custom_model_data":37},"model":"item/enemy/balloon_zombie"},
        {"predicate":{"custom_model_data":38},"model":"item/enemy/blazy"},
        {"predicate":{"custom_model_data":39},"model":"item/enemy/blazy_freezed"},
        {"predicate":{"custom_model_data":40},"model":"item/enemy/cage"},
        {"predicate":{"custom_model_data":41},"model":"item/enemy/ghost_with_hat"},


        {"predicate":{"custom_model_data":1001},"model":"item/enemy/giant_zombie_head"},
        {"predicate":{"custom_model_data":1002},"model":"item/enemy/giant_zombie_body"},
        {"predicate":{"custom_model_data":1003},"model":"item/enemy/giant_zombie_r_arm"},
        {"predicate":{"custom_model_data":1004},"model":"item/enemy/giant_zombie_l_arm"},
        {"predicate":{"custom_model_data":1005},"model":"item/enemy/giant_zombie_r_leg"},
        {"predicate":{"custom_model_data":1006},"model":"item/enemy/giant_zombie_l_leg"},

        {"predicate":{"custom_model_data":1011},"model":"item/enemy/revived_giant_zombie_head"},
        {"predicate":{"custom_model_data":1012},"model":"item/enemy/revived_giant_zombie_body"},
        {"predicate":{"custom_model_data":1013},"model":"item/enemy/revived_giant_zombie_r_arm"},
        {"predicate":{"custom_model_data":1014},"model":"item/enemy/revived_giant_zombie_l_arm"},
        {"predicate":{"custom_model_data":1015},"model":"item/enemy/revived_giant_zombie_r_leg"},
        {"predicate":{"custom_model_data":1016},"model":"item/enemy/revived_giant_zombie_l_leg"},

        {"predicate":{"custom_model_data":2001},"model":"item/enemy/reaper_chaos_1"},
        {"predicate":{"custom_model_data":2002},"model":"item/enemy/reaper_chaos_2"},
        {"predicate":{"custom_model_data":2003},"model":"item/enemy/reaper_chaos_3"},

        {"predicate":{"custom_model_data":2011},"model":"item/enemy/reaper_chaos_head"},
        {"predicate":{"custom_model_data":2012},"model":"item/enemy/reaper_chaos_body"},
        {"predicate":{"custom_model_data":2013},"model":"item/enemy/reaper_chaos_r_arm"},
        {"predicate":{"custom_model_data":2014},"model":"item/enemy/reaper_chaos_l_arm"},
        {"predicate":{"custom_model_data":2015},"model":"item/enemy/reaper_chaos_r_leg"},
        {"predicate":{"custom_model_data":2016},"model":"item/enemy/reaper_chaos_l_leg"},
        {"predicate":{"custom_model_data":2017},"model":"item/enemy/reaper_chaos_sickle"},

        {"predicate":{"custom_model_data":2021},"model":"item/enemy/reaper_chaos_head_2"},
        {"predicate":{"custom_model_data":2022},"model":"item/enemy/reaper_chaos_body_2"},
        {"predicate":{"custom_model_data":2023},"model":"item/enemy/reaper_chaos_r_arm_2"},
        {"predicate":{"custom_model_data":2024},"model":"item/enemy/reaper_chaos_l_arm_2"},

        {"predicate":{"custom_model_data":2025},"model":"item/enemy/reaper_peace"},
        {"predicate":{"custom_model_data":2026},"model":"item/enemy/chaos_cube"},

        {"predicate":{"custom_model_data":3011},"model":"item/enemy/sunllager/sunllager_head"},
        {"predicate":{"custom_model_data":3012},"model":"item/enemy/sunllager/sunllager_body"},
        {"predicate":{"custom_model_data":3013},"model":"item/enemy/sunllager/sunllager_r_arm"},
        {"predicate":{"custom_model_data":3014},"model":"item/enemy/sunllager/sunllager_l_arm"},
        {"predicate":{"custom_model_data":3015},"model":"item/enemy/sunllager/sunllager_r_leg"},
        {"predicate":{"custom_model_data":3016},"model":"item/enemy/sunllager/sunllager_l_leg"},
        {"predicate":{"custom_model_data":3017},"model":"item/enemy/sunllager/sunllager_staff"},

        {"predicate":{"custom_model_data":3021},"model":"item/enemy/moonllager/moonllager_head"},
        {"predicate":{"custom_model_data":3022},"model":"item/enemy/moonllager/moonllager_body"},
        {"predicate":{"custom_model_data":3023},"model":"item/enemy/moonllager/moonllager_r_arm"},
        {"predicate":{"custom_model_data":3024},"model":"item/enemy/moonllager/moonllager_l_arm"},
        {"predicate":{"custom_model_data":3025},"model":"item/enemy/moonllager/moonllager_r_leg"},
        {"predicate":{"custom_model_data":3026},"model":"item/enemy/moonllager/moonllager_l_leg"},
        {"predicate":{"custom_model_data":3027},"model":"item/enemy/moonllager/moonllager_staff"},

        {"predicate":{"custom_model_data":3111},"model":"item/enemy/sunllager/sunllager_head2"},
        {"predicate":{"custom_model_data":3121},"model":"item/enemy/moonllager/moonllager_head2"},

        {"predicate":{"custom_model_data":4001},"model":"item/enemy/deep_drowned/deep_drowned_body"},
        {"predicate":{"custom_model_data":4002},"model":"item/enemy/deep_drowned/deep_drowned_r_arm"},
        {"predicate":{"custom_model_data":4003},"model":"item/enemy/deep_drowned/deep_drowned_l_arm"},
        {"predicate":{"custom_model_data":4004},"model":"item/enemy/deep_drowned/deep_drowned_r_leg"},
        {"predicate":{"custom_model_data":4005},"model":"item/enemy/deep_drowned/deep_drowned_l_leg"},

        {"predicate":{"custom_model_data":4011},"model":"item/enemy/pirate_klun/pirate_klun_body"},
        {"predicate":{"custom_model_data":4012},"model":"item/enemy/pirate_klun/pirate_klun_r_arm"},
        {"predicate":{"custom_model_data":4013},"model":"item/enemy/pirate_klun/pirate_klun_l_arm"},
        {"predicate":{"custom_model_data":4014},"model":"item/enemy/pirate_klun/pirate_klun_tentacle"},

        {"predicate":{"custom_model_data":5011},"model":"item/enemy/ancient_skeleton_knight/ancient_skeleton_knight_head"},
        {"predicate":{"custom_model_data":5012},"model":"item/enemy/ancient_skeleton_knight/ancient_skeleton_knight_body"},
        {"predicate":{"custom_model_data":5013},"model":"item/enemy/ancient_skeleton_knight/ancient_skeleton_knight_r_arm_1"},
        {"predicate":{"custom_model_data":5014},"model":"item/enemy/ancient_skeleton_knight/ancient_skeleton_knight_l_arm_1"},
        {"predicate":{"custom_model_data":5015},"model":"item/enemy/ancient_skeleton_knight/ancient_skeleton_knight_r_leg"},
        {"predicate":{"custom_model_data":5016},"model":"item/enemy/ancient_skeleton_knight/ancient_skeleton_knight_l_leg"},

        {"predicate":{"custom_model_data":5023},"model":"item/enemy/ancient_skeleton_knight/ancient_skeleton_knight_r_arm_2"},

        {"predicate":{"custom_model_data":5024},"model":"item/enemy/ancient_skeleton_knight/ancient_skeleton_knight_l_arm_2"},
        {"predicate":{"custom_model_data":5034},"model":"item/enemy/ancient_skeleton_knight/ancient_skeleton_knight_l_arm_3"},

        {"predicate":{"custom_model_data":5111},"model":"item/enemy/ancient_skeleton_king/ancient_skeleton_king_head"},
        {"predicate":{"custom_model_data":5112},"model":"item/enemy/ancient_skeleton_king/ancient_skeleton_king_body"},
        {"predicate":{"custom_model_data":5113},"model":"item/enemy/ancient_skeleton_king/ancient_skeleton_king_r_arm"},
        {"predicate":{"custom_model_data":5114},"model":"item/enemy/ancient_skeleton_king/ancient_skeleton_king_l_arm"},

        {"predicate":{"custom_model_data":5122},"model":"item/enemy/ancient_skeleton_king/ancient_skeleton_king_body_2"},

        {"predicate":{"custom_model_data":5123},"model":"item/enemy/ancient_skeleton_king/ancient_skeleton_king_r_arm_2"},
        {"predicate":{"custom_model_data":5124},"model":"item/enemy/ancient_skeleton_king/ancient_skeleton_king_l_arm_2"},
        {"predicate":{"custom_model_data":5133},"model":"item/enemy/ancient_skeleton_king/ancient_skeleton_king_r_arm_no_sword"},

        {"predicate":{"custom_model_data":5143},"model":"item/enemy/ancient_skeleton_king/ancient_skeleton_king_r_arm_3"},


        {"predicate":{"custom_model_data":6001},"model":"item/enemy/blaze_dancer/blaze_dancer_rotate"},
        {"predicate":{"custom_model_data":6002},"model":"item/enemy/blaze_dancer/blaze_dancer_jump"},
        {"predicate":{"custom_model_data":6003},"model":"item/enemy/blaze_dancer/blaze_dancer_death"},

        {"predicate":{"custom_model_data":6101},"model":"item/enemy/dark_magician/dark_magician_head_1"},
        {"predicate":{"custom_model_data":6102},"model":"item/enemy/dark_magician/dark_magician_head_2"},
        {"predicate":{"custom_model_data":6103},"model":"item/enemy/dark_magician/dark_magician_body"},
        {"predicate":{"custom_model_data":6104},"model":"item/enemy/dark_magician/dark_magician_r_hand"},
        {"predicate":{"custom_model_data":6105},"model":"item/enemy/dark_magician/dark_magician_l_hand_1"},
        {"predicate":{"custom_model_data":6106},"model":"item/enemy/dark_magician/dark_magician_l_hand_2"}


	]
}
