{
    "parent": "item/handheld_rod",
    "textures": {
        "layer0": "item/carrot_on_a_stick"
    },
	"overrides" :[
        {"predicate":{"custom_model_data":1},"model":"item/upgrade"},
		{"predicate":{"custom_model_data":2},"model":"item/sell"},
        
        {"predicate":{"custom_model_data":3},"model":"item/check_up"},
        {"predicate":{"custom_model_data":4},"model":"item/check_down"},

        {"predicate":{"custom_model_data":8},"model":"item/fix"},
        {"predicate":{"custom_model_data":10},"model":"item/skip"},

        {"predicate":{"custom_model_data":11},"model":"item/speedup"},
        {"predicate":{"custom_model_data":12},"model":"item/absorption"},
        {"predicate":{"custom_model_data":13},"model":"item/powerup"},
        {"predicate":{"custom_model_data":14},"model":"item/mage_wand"},
        {"predicate":{"custom_model_data":15},"model":"item/mage_energy"},

        {"predicate":{"custom_model_data":101},"model":"item/archer/archer1_modelinhand"},
        {"predicate":{"custom_model_data":102},"model":"item/archer/archer2_modelinhand"},
        {"predicate":{"custom_model_data":103},"model":"item/archer/archer3_modelinhand"},

        {"predicate":{"custom_model_data":201},"model":"item/dwarf/dwarf1_modelinhand"},
        {"predicate":{"custom_model_data":202},"model":"item/dwarf/dwarf2_modelinhand"},
        {"predicate":{"custom_model_data":203},"model":"item/dwarf/dwarf3_modelinhand"},

        {"predicate":{"custom_model_data":301},"model":"item/mysterygirl/mysterygirl1_modelinhand"},
        {"predicate":{"custom_model_data":302},"model":"item/mysterygirl/mysterygirl2_modelinhand"},
        {"predicate":{"custom_model_data":303},"model":"item/mysterygirl/mysterygirl3_modelinhand"},
        {"predicate":{"custom_model_data":311},"model":"item/mysterygirl/mageball1"},
        {"predicate":{"custom_model_data":312},"model":"item/mysterygirl/mageball2"},

        {"predicate":{"custom_model_data":401},"model":"item/sniper/sniper1_modelinhand"},
        {"predicate":{"custom_model_data":402},"model":"item/sniper/sniper2_modelinhand"},
        {"predicate":{"custom_model_data":403},"model":"item/sniper/sniper3_modelinhand"},

        {"predicate":{"custom_model_data":501},"model":"item/minigunner/minigunner1_modelinhand"},
        {"predicate":{"custom_model_data":502},"model":"item/minigunner/minigunner2_modelinhand"},
        {"predicate":{"custom_model_data":503},"model":"item/minigunner/minigunner3_modelinhand"},

        {"predicate":{"custom_model_data":601},"model":"item/reaper/reaper1_modelinhand"},
        {"predicate":{"custom_model_data":602},"model":"item/reaper/reaper2_modelinhand"},
        {"predicate":{"custom_model_data":603},"model":"item/reaper/reaper3_modelinhand"},
        {"predicate":{"custom_model_data":611},"model":"item/reaper/soulball1"},
        {"predicate":{"custom_model_data":612},"model":"item/reaper/soulball2"},

        {"predicate":{"custom_model_data":701},"model":"item/foxgirl/foxgirl1_modelinhand"},
        {"predicate":{"custom_model_data":702},"model":"item/foxgirl/foxgirl2_modelinhand"},
        {"predicate":{"custom_model_data":703},"model":"item/foxgirl/foxgirl3_modelinhand"},

        {"predicate":{"custom_model_data":801},"model":"item/pirate/pirate1_modelinhand"},
        {"predicate":{"custom_model_data":802},"model":"item/pirate/pirate2_modelinhand"},
        {"predicate":{"custom_model_data":803},"model":"item/pirate/pirate3_modelinhand"},

        {"predicate":{"custom_model_data":901},"model":"item/miner/miner1_modelinhand"},
        {"predicate":{"custom_model_data":902},"model":"item/miner/miner2_modelinhand"},
        {"predicate":{"custom_model_data":903},"model":"item/miner/miner3_modelinhand"},

        {"predicate":{"custom_model_data":1001},"model":"item/braver/braver1_modelinhand"},
        {"predicate":{"custom_model_data":1002},"model":"item/braver/braver2_modelinhand"},
        {"predicate":{"custom_model_data":1003},"model":"item/braver/braver3_modelinhand"},

        {"predicate":{"custom_model_data":1101},"model":"item/yuki/yuki1_modelinhand"},
        {"predicate":{"custom_model_data":1102},"model":"item/yuki/yuki2_modelinhand"},
        {"predicate":{"custom_model_data":1103},"model":"item/yuki/yuki3_modelinhand"},
        {"predicate":{"custom_model_data":1111},"model":"item/yuki/snowstorm"},
        {"predicate":{"custom_model_data":1112},"model":"item/yuki/snowstorm2"},

        {"predicate":{"custom_model_data":1201},"model":"item/railgunner/railgunner1_modelinhand"},
        {"predicate":{"custom_model_data":1202},"model":"item/railgunner/railgunner2_modelinhand"},
        {"predicate":{"custom_model_data":1203},"model":"item/railgunner/railgunner3_modelinhand"},
        {"predicate":{"custom_model_data":1211},"model":"item/railgunner/repair"},
        {"predicate":{"custom_model_data":1212},"model":"item/railgunner/repair2"},
        {"predicate":{"custom_model_data":1213},"model":"item/railgunner/anytarget"},
        {"predicate":{"custom_model_data":1214},"model":"item/railgunner/nodeftarget"},

        {"predicate":{"custom_model_data":1301},"model":"item/ms_clown/msclown1_modelinhand"},
        {"predicate":{"custom_model_data":1302},"model":"item/ms_clown/msclown2_modelinhand"},
        {"predicate":{"custom_model_data":1303},"model":"item/ms_clown/msclown3_modelinhand"}



	]
}
