{
    "parent": "item/handheld",
    "textures": {
        "layer0": "item/diamond"
    },
	"overrides" :[
        {"predicate":{"custom_model_data":1},"model":"item/diamond/icon"},
        {"predicate":{"custom_model_data":2},"model":"item/diamond/icon2"},
        {"predicate":{"custom_model_data":3},"model":"item/diamond/icon3"},
        {"predicate":{"custom_model_data":4},"model":"item/diamond/icon4"},
        {"predicate":{"custom_model_data":5},"model":"item/diamond/icon5"},
        {"predicate":{"custom_model_data":6},"model":"item/diamond/icon6"},
        {"predicate":{"custom_model_data":7},"model":"item/diamond/icon7"},



        {"predicate":{"custom_model_data":100},"model":"item/diamond/title"},
        {"predicate":{"custom_model_data":101},"model":"item/creator/c1"},
        {"predicate":{"custom_model_data":102},"model":"item/creator/c2"}


	]
}
