{
	"credit": "Made with Blockbench",
	"textures": {
		"0": "item/wand"
	},
	"elements": [
		{
			"from": [7, 0, 7],
			"to": [9, 8, 9],
			"faces": {
				"north": {"uv": [8, 0, 12, 16], "texture": "#0"},
				"east": {"uv": [12, 0, 16, 16], "texture": "#0"},
				"south": {"uv": [8, 0, 12, 16], "texture": "#0"},
				"west": {"uv": [12, 0, 16, 16], "texture": "#0"},
				"up": {"uv": [11, 2, 13, 4], "texture": "#0"},
				"down": {"uv": [12, 1, 14, 3], "texture": "#0"}
			}
		},
		{
			"from": [6.9, -8, 6.9],
			"to": [9.1, 0, 9.1],
			"faces": {
				"north": {"uv": [8, 0, 12, 16], "texture": "#0"},
				"east": {"uv": [12, 0, 16, 16], "texture": "#0"},
				"south": {"uv": [8, 0, 12, 16], "texture": "#0"},
				"west": {"uv": [12, 0, 16, 16], "texture": "#0"},
				"up": {"uv": [11, 2, 13, 4], "texture": "#0"},
				"down": {"uv": [12, 1, 14, 3], "texture": "#0"}
			}
		},
		{
			"from": [7.1, 8, 7.1],
			"to": [8.9, 16, 8.9],
			"faces": {
				"north": {"uv": [8, 0, 12, 16], "texture": "#0"},
				"east": {"uv": [12, 0, 16, 16], "texture": "#0"},
				"south": {"uv": [8, 0, 12, 16], "texture": "#0"},
				"west": {"uv": [12, 0, 16, 16], "texture": "#0"},
				"up": {"uv": [11, 2, 13, 4], "texture": "#0"},
				"down": {"uv": [12, 1, 14, 3], "texture": "#0"}
			}
		},
		{
			"from": [6, 16, 6],
			"to": [10, 20, 10],
			"faces": {
				"north": {"uv": [0, 0, 8, 8], "texture": "#0"},
				"east": {"uv": [0, 0, 8, 8], "texture": "#0"},
				"south": {"uv": [0, 0, 8, 8], "texture": "#0"},
				"west": {"uv": [0, 0, 8, 8], "texture": "#0"},
				"up": {"uv": [0, 0, 8, 8], "texture": "#0"},
				"down": {"uv": [0, 0, 8, 8], "texture": "#0"}
			}
		}
	],
	"display": {
		"ground": {
			"rotation": [45, 0, 0],
			"scale": [0.5, 0.5, 0.5]
		},
		"gui": {
			"rotation": [0, 0, 45],
			"translation": [-1, 1, 0],
			"scale": [0.8, 0.8, 0.8]
		},
		"fixed": {
			"rotation": [0, 0, -45],
			"translation": [1, 1, 0]
		}
	}
}