{
	"credit": "Made with Blockbench",
	"textures": {
		"0": "item/wand"
	},
	"elements": [
		{
			"from": [4, 14, 4],
			"to": [12, 22, 12],
			"faces": {
				"north": {"uv": [0, 0, 8, 8], "texture": "#0"},
				"east": {"uv": [0, 0, 8, 8], "texture": "#0"},
				"south": {"uv": [0, 0, 8, 8], "texture": "#0"},
				"west": {"uv": [0, 0, 8, 8], "texture": "#0"},
				"up": {"uv": [0, 0, 8, 8], "texture": "#0"},
				"down": {"uv": [0, 0, 8, 8], "texture": "#0"}
			}
		}
	],
	"display": {
		"thirdperson_righthand": {
			"translation": [0, -7.25, 0],
			"scale": [0.52, 0.52, 0.52]
		},
		"thirdperson_lefthand": {
			"translation": [0, -7.25, 0],
			"scale": [0.52, 0.52, 0.52]
		},
		"firstperson_righthand": {
			"translation": [0, -7, 0]
		},
		"firstperson_lefthand": {
			"translation": [0, -7, 0]
		},
		"ground": {
			"rotation": [45, 0, 0]
		},
		"gui": {
			"rotation": [45, 0, 45],
			"translation": [7, -5, 0]
		},
		"fixed": {
			"rotation": [0, 0, -45],
			"translation": [-6, -6.5, 0]
		}
	}
}