{
    "parent": "item/handheld_rod",
    "textures": {
        "layer0": "item/map"
    },
	"overrides" :[
        {"predicate":{"custom_model_data":1},"model":"item/map/1_path"},
        {"predicate":{"custom_model_data":2},"model":"item/map/2_path"},
        {"predicate":{"custom_model_data":3},"model":"item/map/3_path"},
        {"predicate":{"custom_model_data":4},"model":"item/map/4_path"},
        {"predicate":{"custom_model_data":5},"model":"item/map/5_path"},
        
        {"predicate":{"custom_model_data":1000},"model":"item/map/unknow_map"},

        {"predicate":{"custom_model_data":1001},"model":"item/map/1_map"},
        {"predicate":{"custom_model_data":1002},"model":"item/map/2_map"},
        {"predicate":{"custom_model_data":1003},"model":"item/map/3_map"},
        {"predicate":{"custom_model_data":1004},"model":"item/map/4_map"},
        {"predicate":{"custom_model_data":1005},"model":"item/map/5_map"}

		
	]
}
